<anim ver="netanim-3.109" filetype="animation" >
<node id="0" sysId="0" locX="0" locY="0" />
<node id="1" sysId="0" locX="5" locY="0" />
<node id="2" sysId="0" locX="10" locY="0" />
<node id="3" sysId="0" locX="15" locY="0" />
<node id="4" sysId="0" locX="20" locY="0" />
<node id="5" sysId="0" locX="0" locY="5" />
<nu p="c" t="0" id="0" r="255" g="0" b="0" />
<nu p="c" t="0" id="1" r="255" g="0" b="0" />
<nu p="c" t="0" id="2" r="255" g="0" b="0" />
<nu p="c" t="0" id="3" r="255" g="0" b="0" />
<nu p="c" t="0" id="4" r="255" g="0" b="0" />
<nu p="c" t="0" id="5" r="255" g="0" b="0" />
<nonp2plinkproperties id="0" ipAddress="10.1.1.1~00:00:00:00:00:01" channelType="ns3::YansWifiChannel" />
<nonp2plinkproperties id="0" ipAddress="127.0.0.1~00:00:00:00:00:00" channelType="Unknown channel" />
<nonp2plinkproperties id="1" ipAddress="10.1.1.2~00:00:00:00:00:02" channelType="ns3::YansWifiChannel" />
<nonp2plinkproperties id="1" ipAddress="127.0.0.1~00:00:00:00:00:00" channelType="Unknown channel" />
<nonp2plinkproperties id="2" ipAddress="10.1.1.3~00:00:00:00:00:03" channelType="ns3::YansWifiChannel" />
<nonp2plinkproperties id="2" ipAddress="127.0.0.1~00:00:00:00:00:00" channelType="Unknown channel" />
<nonp2plinkproperties id="3" ipAddress="10.1.1.4~00:00:00:00:00:04" channelType="ns3::YansWifiChannel" />
<nonp2plinkproperties id="3" ipAddress="127.0.0.1~00:00:00:00:00:00" channelType="Unknown channel" />
<nonp2plinkproperties id="4" ipAddress="10.1.1.5~00:00:00:00:00:05" channelType="ns3::YansWifiChannel" />
<nonp2plinkproperties id="4" ipAddress="127.0.0.1~00:00:00:00:00:00" channelType="Unknown channel" />
<nonp2plinkproperties id="5" ipAddress="10.1.1.6~00:00:00:00:00:06" channelType="ns3::YansWifiChannel" />
<nonp2plinkproperties id="5" ipAddress="127.0.0.1~00:00:00:00:00:00" channelType="Unknown channel" />
<ip n="0" >
<address >10.1.1.1</address>

<address >127.0.0.1</address>

</ip>
<ip n="0" >
<address >10.1.1.1</address>

<address >127.0.0.1</address>

</ip>
<ip n="1" >
<address >10.1.1.2</address>

<address >127.0.0.1</address>

</ip>
<ip n="1" >
<address >10.1.1.2</address>

<address >127.0.0.1</address>

</ip>
<ip n="2" >
<address >10.1.1.3</address>

<address >127.0.0.1</address>

</ip>
<ip n="2" >
<address >10.1.1.3</address>

<address >127.0.0.1</address>

</ip>
<ip n="3" >
<address >10.1.1.4</address>

<address >127.0.0.1</address>

</ip>
<ip n="3" >
<address >10.1.1.4</address>

<address >127.0.0.1</address>

</ip>
<ip n="4" >
<address >10.1.1.5</address>

<address >127.0.0.1</address>

</ip>
<ip n="4" >
<address >10.1.1.5</address>

<address >127.0.0.1</address>

</ip>
<ip n="5" >
<address >10.1.1.6</address>

<address >127.0.0.1</address>

</ip>
<ip n="5" >
<address >10.1.1.6</address>

<address >127.0.0.1</address>

</ip>
<ipv6 n="0" >
<address >::1</address>

</ipv6>
<ipv6 n="1" >
<address >::1</address>

</ipv6>
<ipv6 n="2" >
<address >::1</address>

</ipv6>
<ipv6 n="3" >
<address >::1</address>

</ipv6>
<ipv6 n="4" >
<address >::1</address>

</ipv6>
<ipv6 n="5" >
<address >::1</address>

</ipv6>
<nu p="s" t="0" id="0" w="1" h="1" />
<nu p="s" t="0" id="1" w="1" h="1" />
<nu p="s" t="0" id="2" w="1" h="1" />
<nu p="s" t="0" id="3" w="1" h="1" />
<nu p="s" t="0" id="4" w="1" h="1" />
<nu p="s" t="0" id="5" w="1" h="1" />
<ncs ncId="0" n="RemainingEnergy" t="DOUBLE" />
<pr uId="1" fId="5" fbTx="2.001004" />
<wpr uId="1" tId="0" fbRx="2.001008017" lbRx="0" />
<wpr uId="1" tId="1" fbRx="2.001008024" lbRx="0" />
<wpr uId="1" tId="2" fbRx="2.001008037" lbRx="0" />
<wpr uId="1" tId="3" fbRx="2.001008053" lbRx="0" />
<wpr uId="1" tId="4" fbRx="2.001008069" lbRx="0" />
<pr uId="2" fId="0" fbTx="2.001159017" />
<wpr uId="2" tId="1" fbRx="2.001163034" lbRx="0" />
<wpr uId="2" tId="5" fbRx="2.001163034" lbRx="0" />
<wpr uId="2" tId="2" fbRx="2.00116305" lbRx="0" />
<wpr uId="2" tId="3" fbRx="2.001163067" lbRx="0" />
<wpr uId="2" tId="4" fbRx="2.001163084" lbRx="0" />
<pr uId="3" fId="5" fbTx="2.001251034" />
<wpr uId="3" tId="0" fbRx="2.001255051" lbRx="0" />
<wpr uId="3" tId="1" fbRx="2.001255058" lbRx="0" />
<wpr uId="3" tId="2" fbRx="2.001255071" lbRx="0" />
<wpr uId="3" tId="3" fbRx="2.001255087" lbRx="0" />
<wpr uId="3" tId="4" fbRx="2.001255103" lbRx="0" />
<pr uId="4" fId="5" fbTx="2.001356034" />
<wpr uId="4" tId="0" fbRx="2.001360051" lbRx="0" />
<wpr uId="4" tId="1" fbRx="2.001360058" lbRx="0" />
<wpr uId="4" tId="2" fbRx="2.001360071" lbRx="0" />
<wpr uId="4" tId="3" fbRx="2.001360087" lbRx="0" />
<wpr uId="4" tId="4" fbRx="2.001360103" lbRx="0" />
<pr uId="5" fId="0" fbTx="2.001448051" />
<wpr uId="5" tId="1" fbRx="2.001452068" lbRx="0" />
<wpr uId="5" tId="5" fbRx="2.001452068" lbRx="0" />
<wpr uId="5" tId="2" fbRx="2.001452084" lbRx="0" />
<wpr uId="5" tId="3" fbRx="2.001452101" lbRx="0" />
<wpr uId="5" tId="4" fbRx="2.001452118" lbRx="0" />
<pr uId="6" fId="0" fbTx="2.001553051" />
<wpr uId="6" tId="1" fbRx="2.001557068" lbRx="0" />
<wpr uId="6" tId="5" fbRx="2.001557068" lbRx="0" />
<wpr uId="6" tId="2" fbRx="2.001557084" lbRx="0" />
<wpr uId="6" tId="3" fbRx="2.001557101" lbRx="0" />
<wpr uId="6" tId="4" fbRx="2.001557118" lbRx="0" />
<pr uId="7" fId="5" fbTx="2.001629068" />
<wpr uId="7" tId="0" fbRx="2.001633085" lbRx="0" />
<wpr uId="7" tId="1" fbRx="2.001633092" lbRx="0" />
<wpr uId="7" tId="2" fbRx="2.001633105" lbRx="0" />
<wpr uId="7" tId="3" fbRx="2.001633121" lbRx="0" />
<wpr uId="7" tId="4" fbRx="2.001633137" lbRx="0" />
<pr uId="8" fId="5" fbTx="2.001745068" />
<wpr uId="8" tId="0" fbRx="2.001749085" lbRx="0" />
<wpr uId="8" tId="1" fbRx="2.001749092" lbRx="0" />
<wpr uId="8" tId="2" fbRx="2.001749105" lbRx="0" />
<wpr uId="8" tId="3" fbRx="2.001749121" lbRx="0" />
<wpr uId="8" tId="4" fbRx="2.001749137" lbRx="0" />
<pr uId="9" fId="0" fbTx="2.001837085" />
<wpr uId="9" tId="1" fbRx="2.001841102" lbRx="0" />
<wpr uId="9" tId="5" fbRx="2.001841102" lbRx="0" />
<wpr uId="9" tId="2" fbRx="2.001841118" lbRx="0" />
<wpr uId="9" tId="3" fbRx="2.001841135" lbRx="0" />
<wpr uId="9" tId="4" fbRx="2.001841152" lbRx="0" />
<pr uId="10" fId="0" fbTx="2.001924085" />
<wpr uId="10" tId="1" fbRx="2.001928102" lbRx="0" />
<wpr uId="10" tId="5" fbRx="2.001928102" lbRx="0" />
<wpr uId="10" tId="2" fbRx="2.001928118" lbRx="0" />
<wpr uId="10" tId="3" fbRx="2.001928135" lbRx="0" />
<wpr uId="10" tId="4" fbRx="2.001928152" lbRx="0" />
<pr uId="11" fId="5" fbTx="2.002016102" />
<wpr uId="11" tId="0" fbRx="2.002020119" lbRx="0" />
<wpr uId="11" tId="1" fbRx="2.002020126" lbRx="0" />
<wpr uId="11" tId="2" fbRx="2.002020139" lbRx="0" />
<wpr uId="11" tId="3" fbRx="2.002020155" lbRx="0" />
<wpr uId="11" tId="4" fbRx="2.002020171" lbRx="0" />
<pr uId="12" fId="5" fbTx="2.002211102" />
<wpr uId="12" tId="0" fbRx="2.002215119" lbRx="0" />
<wpr uId="12" tId="1" fbRx="2.002215126" lbRx="0" />
<wpr uId="12" tId="2" fbRx="2.002215139" lbRx="0" />
<wpr uId="12" tId="3" fbRx="2.002215155" lbRx="0" />
<wpr uId="12" tId="4" fbRx="2.002215171" lbRx="0" />
<pr uId="13" fId="0" fbTx="2.002287119" />
<wpr uId="13" tId="1" fbRx="2.002291136" lbRx="0" />
<wpr uId="13" tId="5" fbRx="2.002291136" lbRx="0" />
<wpr uId="13" tId="2" fbRx="2.002291152" lbRx="0" />
<wpr uId="13" tId="3" fbRx="2.002291169" lbRx="0" />
<wpr uId="13" tId="4" fbRx="2.002291186" lbRx="0" />
<pr uId="14" fId="3" fbTx="2.004005169" />
<wpr uId="14" tId="2" fbRx="2.004009186" lbRx="0" />
<wpr uId="14" tId="4" fbRx="2.004009186" lbRx="0" />
<wpr uId="14" tId="1" fbRx="2.004009202" lbRx="0" />
<wpr uId="14" tId="0" fbRx="2.004009219" lbRx="0" />
<wpr uId="14" tId="5" fbRx="2.004009222" lbRx="0" />
<pr uId="15" fId="0" fbTx="2.004160219" />
<wpr uId="15" tId="1" fbRx="2.004164236" lbRx="0" />
<wpr uId="15" tId="5" fbRx="2.004164236" lbRx="0" />
<wpr uId="15" tId="2" fbRx="2.004164252" lbRx="0" />
<wpr uId="15" tId="3" fbRx="2.004164269" lbRx="0" />
<wpr uId="15" tId="4" fbRx="2.004164286" lbRx="0" />
<pr uId="16" fId="3" fbTx="2.004252269" />
<wpr uId="16" tId="2" fbRx="2.004256286" lbRx="0" />
<wpr uId="16" tId="4" fbRx="2.004256286" lbRx="0" />
<wpr uId="16" tId="1" fbRx="2.004256302" lbRx="0" />
<wpr uId="16" tId="0" fbRx="2.004256319" lbRx="0" />
<wpr uId="16" tId="5" fbRx="2.004256322" lbRx="0" />
<pr uId="17" fId="3" fbTx="2.004420269" />
<wpr uId="17" tId="2" fbRx="2.004424286" lbRx="0" />
<wpr uId="17" tId="4" fbRx="2.004424286" lbRx="0" />
<wpr uId="17" tId="1" fbRx="2.004424302" lbRx="0" />
<wpr uId="17" tId="0" fbRx="2.004424319" lbRx="0" />
<wpr uId="17" tId="5" fbRx="2.004424322" lbRx="0" />
<pr uId="18" fId="0" fbTx="2.004512319" />
<wpr uId="18" tId="1" fbRx="2.004516336" lbRx="0" />
<wpr uId="18" tId="5" fbRx="2.004516336" lbRx="0" />
<wpr uId="18" tId="2" fbRx="2.004516352" lbRx="0" />
<wpr uId="18" tId="3" fbRx="2.004516369" lbRx="0" />
<wpr uId="18" tId="4" fbRx="2.004516386" lbRx="0" />
<pr uId="19" fId="0" fbTx="2.004644319" />
<wpr uId="19" tId="1" fbRx="2.004648336" lbRx="0" />
<wpr uId="19" tId="5" fbRx="2.004648336" lbRx="0" />
<wpr uId="19" tId="2" fbRx="2.004648352" lbRx="0" />
<wpr uId="19" tId="3" fbRx="2.004648369" lbRx="0" />
<wpr uId="19" tId="4" fbRx="2.004648386" lbRx="0" />
<pr uId="20" fId="3" fbTx="2.004720369" />
<wpr uId="20" tId="2" fbRx="2.004724386" lbRx="0" />
<wpr uId="20" tId="4" fbRx="2.004724386" lbRx="0" />
<wpr uId="20" tId="1" fbRx="2.004724402" lbRx="0" />
<wpr uId="20" tId="0" fbRx="2.004724419" lbRx="0" />
<wpr uId="20" tId="5" fbRx="2.004724422" lbRx="0" />
<pr uId="21" fId="3" fbTx="2.004791369" />
<wpr uId="21" tId="2" fbRx="2.004795386" lbRx="0" />
<wpr uId="21" tId="4" fbRx="2.004795386" lbRx="0" />
<wpr uId="21" tId="1" fbRx="2.004795402" lbRx="0" />
<wpr uId="21" tId="0" fbRx="2.004795419" lbRx="0" />
<wpr uId="21" tId="5" fbRx="2.004795422" lbRx="0" />
<pr uId="22" fId="0" fbTx="2.004883419" />
<wpr uId="22" tId="1" fbRx="2.004887436" lbRx="0" />
<wpr uId="22" tId="5" fbRx="2.004887436" lbRx="0" />
<wpr uId="22" tId="2" fbRx="2.004887452" lbRx="0" />
<wpr uId="22" tId="3" fbRx="2.004887469" lbRx="0" />
<wpr uId="22" tId="4" fbRx="2.004887486" lbRx="0" />
<pr uId="23" fId="2" fbTx="2.005006452" />
<wpr uId="23" tId="1" fbRx="2.005010469" lbRx="0" />
<wpr uId="23" tId="3" fbRx="2.005010469" lbRx="0" />
<wpr uId="23" tId="0" fbRx="2.005010485" lbRx="0" />
<wpr uId="23" tId="4" fbRx="2.005010485" lbRx="0" />
<wpr uId="23" tId="5" fbRx="2.005010489" lbRx="0" />
<pr uId="24" fId="0" fbTx="2.005206485" />
<wpr uId="24" tId="1" fbRx="2.005210502" lbRx="0" />
<wpr uId="24" tId="5" fbRx="2.005210502" lbRx="0" />
<wpr uId="24" tId="2" fbRx="2.005210518" lbRx="0" />
<wpr uId="24" tId="3" fbRx="2.005210535" lbRx="0" />
<wpr uId="24" tId="4" fbRx="2.005210552" lbRx="0" />
<pr uId="25" fId="3" fbTx="2.005298535" />
<wpr uId="25" tId="2" fbRx="2.005302552" lbRx="0" />
<wpr uId="25" tId="4" fbRx="2.005302552" lbRx="0" />
<wpr uId="25" tId="1" fbRx="2.005302568" lbRx="0" />
<wpr uId="25" tId="0" fbRx="2.005302585" lbRx="0" />
<wpr uId="25" tId="5" fbRx="2.005302588" lbRx="0" />
<pr uId="26" fId="3" fbTx="2.005385535" />
<wpr uId="26" tId="2" fbRx="2.005389552" lbRx="0" />
<wpr uId="26" tId="4" fbRx="2.005389552" lbRx="0" />
<wpr uId="26" tId="1" fbRx="2.005389568" lbRx="0" />
<wpr uId="26" tId="0" fbRx="2.005389585" lbRx="0" />
<wpr uId="26" tId="5" fbRx="2.005389588" lbRx="0" />
<pr uId="27" fId="0" fbTx="2.005461585" />
<wpr uId="27" tId="1" fbRx="2.005465602" lbRx="0" />
<wpr uId="27" tId="5" fbRx="2.005465602" lbRx="0" />
<wpr uId="27" tId="2" fbRx="2.005465618" lbRx="0" />
<wpr uId="27" tId="3" fbRx="2.005465635" lbRx="0" />
<wpr uId="27" tId="4" fbRx="2.005465652" lbRx="0" />
<pr uId="28" fId="0" fbTx="2.005550585" />
<wpr uId="28" tId="1" fbRx="2.005554602" lbRx="0" />
<wpr uId="28" tId="5" fbRx="2.005554602" lbRx="0" />
<wpr uId="28" tId="2" fbRx="2.005554618" lbRx="0" />
<wpr uId="28" tId="3" fbRx="2.005554635" lbRx="0" />
<wpr uId="28" tId="4" fbRx="2.005554652" lbRx="0" />
<pr uId="29" fId="2" fbTx="2.005642618" />
<wpr uId="29" tId="1" fbRx="2.005646635" lbRx="0" />
<wpr uId="29" tId="3" fbRx="2.005646635" lbRx="0" />
<wpr uId="29" tId="0" fbRx="2.005646651" lbRx="0" />
<wpr uId="29" tId="4" fbRx="2.005646651" lbRx="0" />
<wpr uId="29" tId="5" fbRx="2.005646655" lbRx="0" />
<pr uId="30" fId="2" fbTx="2.005765618" />
<wpr uId="30" tId="1" fbRx="2.005769635" lbRx="0" />
<wpr uId="30" tId="3" fbRx="2.005769635" lbRx="0" />
<wpr uId="30" tId="0" fbRx="2.005769651" lbRx="0" />
<wpr uId="30" tId="4" fbRx="2.005769651" lbRx="0" />
<wpr uId="30" tId="5" fbRx="2.005769655" lbRx="0" />
<pr uId="31" fId="0" fbTx="2.005857651" />
<wpr uId="31" tId="1" fbRx="2.005861668" lbRx="0" />
<wpr uId="31" tId="5" fbRx="2.005861668" lbRx="0" />
<wpr uId="31" tId="2" fbRx="2.005861684" lbRx="0" />
<wpr uId="31" tId="3" fbRx="2.005861701" lbRx="0" />
<wpr uId="31" tId="4" fbRx="2.005861718" lbRx="0" />
<pr uId="32" fId="0" fbTx="2.006025651" />
<wpr uId="32" tId="1" fbRx="2.006029668" lbRx="0" />
<wpr uId="32" tId="5" fbRx="2.006029668" lbRx="0" />
<wpr uId="32" tId="2" fbRx="2.006029684" lbRx="0" />
<wpr uId="32" tId="3" fbRx="2.006029701" lbRx="0" />
<wpr uId="32" tId="4" fbRx="2.006029718" lbRx="0" />
<pr uId="33" fId="2" fbTx="2.006101684" />
<wpr uId="33" tId="1" fbRx="2.006105701" lbRx="0" />
<wpr uId="33" tId="3" fbRx="2.006105701" lbRx="0" />
<wpr uId="33" tId="0" fbRx="2.006105717" lbRx="0" />
<wpr uId="33" tId="4" fbRx="2.006105717" lbRx="0" />
<wpr uId="33" tId="5" fbRx="2.006105721" lbRx="0" />
<pr uId="34" fId="2" fbTx="2.006172684" />
<wpr uId="34" tId="1" fbRx="2.006176701" lbRx="0" />
<wpr uId="34" tId="3" fbRx="2.006176701" lbRx="0" />
<wpr uId="34" tId="0" fbRx="2.006176717" lbRx="0" />
<wpr uId="34" tId="4" fbRx="2.006176717" lbRx="0" />
<wpr uId="34" tId="5" fbRx="2.006176721" lbRx="0" />
<pr uId="35" fId="0" fbTx="2.006264717" />
<wpr uId="35" tId="1" fbRx="2.006268734" lbRx="0" />
<wpr uId="35" tId="5" fbRx="2.006268734" lbRx="0" />
<wpr uId="35" tId="2" fbRx="2.00626875" lbRx="0" />
<wpr uId="35" tId="3" fbRx="2.006268767" lbRx="0" />
<wpr uId="35" tId="4" fbRx="2.006268784" lbRx="0" />
<pr uId="36" fId="0" fbTx="2.006351717" />
<wpr uId="36" tId="1" fbRx="2.006355734" lbRx="0" />
<wpr uId="36" tId="5" fbRx="2.006355734" lbRx="0" />
<wpr uId="36" tId="2" fbRx="2.00635575" lbRx="0" />
<wpr uId="36" tId="3" fbRx="2.006355767" lbRx="0" />
<wpr uId="36" tId="4" fbRx="2.006355784" lbRx="0" />
<pr uId="37" fId="2" fbTx="2.00644375" />
<wpr uId="37" tId="1" fbRx="2.006447767" lbRx="0" />
<wpr uId="37" tId="3" fbRx="2.006447767" lbRx="0" />
<wpr uId="37" tId="0" fbRx="2.006447783" lbRx="0" />
<wpr uId="37" tId="4" fbRx="2.006447783" lbRx="0" />
<wpr uId="37" tId="5" fbRx="2.006447787" lbRx="0" />
<pr uId="38" fId="2" fbTx="2.00653075" />
<wpr uId="38" tId="1" fbRx="2.006534767" lbRx="0" />
<wpr uId="38" tId="3" fbRx="2.006534767" lbRx="0" />
<wpr uId="38" tId="0" fbRx="2.006534783" lbRx="0" />
<wpr uId="38" tId="4" fbRx="2.006534783" lbRx="0" />
<wpr uId="38" tId="5" fbRx="2.006534787" lbRx="0" />
<pr uId="39" fId="0" fbTx="2.006606783" />
<wpr uId="39" tId="1" fbRx="2.0066108" lbRx="0" />
<wpr uId="39" tId="5" fbRx="2.0066108" lbRx="0" />
<wpr uId="39" tId="2" fbRx="2.006610816" lbRx="0" />
<wpr uId="39" tId="3" fbRx="2.006610833" lbRx="0" />
<wpr uId="39" tId="4" fbRx="2.00661085" lbRx="0" />
<pr uId="40" fId="4" fbTx="2.00700185" />
<wpr uId="40" tId="3" fbRx="2.007005867" lbRx="0" />
<wpr uId="40" tId="2" fbRx="2.007005883" lbRx="0" />
<wpr uId="40" tId="1" fbRx="2.0070059" lbRx="0" />
<wpr uId="40" tId="0" fbRx="2.007005917" lbRx="0" />
<wpr uId="40" tId="5" fbRx="2.007005919" lbRx="0" />
<pr uId="41" fId="0" fbTx="2.007156917" />
<wpr uId="41" tId="1" fbRx="2.007160934" lbRx="0" />
<wpr uId="41" tId="5" fbRx="2.007160934" lbRx="0" />
<wpr uId="41" tId="2" fbRx="2.00716095" lbRx="0" />
<wpr uId="41" tId="3" fbRx="2.007160967" lbRx="0" />
<wpr uId="41" tId="4" fbRx="2.007160984" lbRx="0" />
<pr uId="42" fId="4" fbTx="2.007248984" />
<wpr uId="42" tId="3" fbRx="2.007253001" lbRx="0" />
<wpr uId="42" tId="2" fbRx="2.007253017" lbRx="0" />
<wpr uId="42" tId="1" fbRx="2.007253034" lbRx="0" />
<wpr uId="42" tId="0" fbRx="2.007253051" lbRx="0" />
<wpr uId="42" tId="5" fbRx="2.007253053" lbRx="0" />
<pr uId="43" fId="4" fbTx="2.007407984" />
<wpr uId="43" tId="3" fbRx="2.007412001" lbRx="0" />
<wpr uId="43" tId="2" fbRx="2.007412017" lbRx="0" />
<wpr uId="43" tId="1" fbRx="2.007412034" lbRx="0" />
<wpr uId="43" tId="0" fbRx="2.007412051" lbRx="0" />
<wpr uId="43" tId="5" fbRx="2.007412053" lbRx="0" />
<pr uId="44" fId="0" fbTx="2.007500051" />
<wpr uId="44" tId="1" fbRx="2.007504068" lbRx="0" />
<wpr uId="44" tId="5" fbRx="2.007504068" lbRx="0" />
<wpr uId="44" tId="2" fbRx="2.007504084" lbRx="0" />
<wpr uId="44" tId="3" fbRx="2.007504101" lbRx="0" />
<wpr uId="44" tId="4" fbRx="2.007504118" lbRx="0" />
<pr uId="45" fId="0" fbTx="2.007614051" />
<wpr uId="45" tId="1" fbRx="2.007618068" lbRx="0" />
<wpr uId="45" tId="5" fbRx="2.007618068" lbRx="0" />
<wpr uId="45" tId="2" fbRx="2.007618084" lbRx="0" />
<wpr uId="45" tId="3" fbRx="2.007618101" lbRx="0" />
<wpr uId="45" tId="4" fbRx="2.007618118" lbRx="0" />
<pr uId="46" fId="4" fbTx="2.007690118" />
<wpr uId="46" tId="3" fbRx="2.007694135" lbRx="0" />
<wpr uId="46" tId="2" fbRx="2.007694151" lbRx="0" />
<wpr uId="46" tId="1" fbRx="2.007694168" lbRx="0" />
<wpr uId="46" tId="0" fbRx="2.007694185" lbRx="0" />
<wpr uId="46" tId="5" fbRx="2.007694187" lbRx="0" />
<pr uId="47" fId="4" fbTx="2.007815118" />
<wpr uId="47" tId="3" fbRx="2.007819135" lbRx="0" />
<wpr uId="47" tId="2" fbRx="2.007819151" lbRx="0" />
<wpr uId="47" tId="1" fbRx="2.007819168" lbRx="0" />
<wpr uId="47" tId="0" fbRx="2.007819185" lbRx="0" />
<wpr uId="47" tId="5" fbRx="2.007819187" lbRx="0" />
<pr uId="48" fId="0" fbTx="2.007907185" />
<wpr uId="48" tId="1" fbRx="2.007911202" lbRx="0" />
<wpr uId="48" tId="5" fbRx="2.007911202" lbRx="0" />
<wpr uId="48" tId="2" fbRx="2.007911218" lbRx="0" />
<wpr uId="48" tId="3" fbRx="2.007911235" lbRx="0" />
<wpr uId="48" tId="4" fbRx="2.007911252" lbRx="0" />
<pr uId="49" fId="0" fbTx="2.007994185" />
<wpr uId="49" tId="1" fbRx="2.007998202" lbRx="0" />
<wpr uId="49" tId="5" fbRx="2.007998202" lbRx="0" />
<wpr uId="49" tId="2" fbRx="2.007998218" lbRx="0" />
<wpr uId="49" tId="3" fbRx="2.007998235" lbRx="0" />
<wpr uId="49" tId="4" fbRx="2.007998252" lbRx="0" />
<pr uId="50" fId="4" fbTx="2.008086252" />
<wpr uId="50" tId="3" fbRx="2.008090269" lbRx="0" />
<wpr uId="50" tId="2" fbRx="2.008090285" lbRx="0" />
<wpr uId="50" tId="1" fbRx="2.008090302" lbRx="0" />
<wpr uId="50" tId="0" fbRx="2.008090319" lbRx="0" />
<wpr uId="50" tId="5" fbRx="2.008090321" lbRx="0" />
<pr uId="51" fId="1" fbTx="2.008218302" />
<wpr uId="51" tId="0" fbRx="2.008222319" lbRx="0" />
<wpr uId="51" tId="2" fbRx="2.008222319" lbRx="0" />
<wpr uId="51" tId="5" fbRx="2.008222326" lbRx="0" />
<wpr uId="51" tId="3" fbRx="2.008222335" lbRx="0" />
<wpr uId="51" tId="4" fbRx="2.008222352" lbRx="0" />
<pr uId="52" fId="4" fbTx="2.008418352" />
<wpr uId="52" tId="3" fbRx="2.008422369" lbRx="0" />
<wpr uId="52" tId="2" fbRx="2.008422385" lbRx="0" />
<wpr uId="52" tId="1" fbRx="2.008422402" lbRx="0" />
<wpr uId="52" tId="0" fbRx="2.008422419" lbRx="0" />
<wpr uId="52" tId="5" fbRx="2.008422421" lbRx="0" />
<pr uId="53" fId="0" fbTx="2.008510419" />
<wpr uId="53" tId="1" fbRx="2.008514436" lbRx="0" />
<wpr uId="53" tId="5" fbRx="2.008514436" lbRx="0" />
<wpr uId="53" tId="2" fbRx="2.008514452" lbRx="0" />
<wpr uId="53" tId="3" fbRx="2.008514469" lbRx="0" />
<wpr uId="53" tId="4" fbRx="2.008514486" lbRx="0" />
<pr uId="54" fId="0" fbTx="2.008581419" />
<wpr uId="54" tId="1" fbRx="2.008585436" lbRx="0" />
<wpr uId="54" tId="5" fbRx="2.008585436" lbRx="0" />
<wpr uId="54" tId="2" fbRx="2.008585452" lbRx="0" />
<wpr uId="54" tId="3" fbRx="2.008585469" lbRx="0" />
<wpr uId="54" tId="4" fbRx="2.008585486" lbRx="0" />
<pr uId="55" fId="0" fbTx="2.008736419" />
<pr uId="56" fId="3" fbTx="2.008736469" />
<wpr uId="55" tId="1" fbRx="2.008740436" lbRx="0" />
<wpr uId="55" tId="5" fbRx="2.008740436" lbRx="0" />
<wpr uId="56" tId="2" fbRx="2.008740486" lbRx="0" />
<wpr uId="56" tId="4" fbRx="2.008740486" lbRx="0" />
<pr uId="57" fId="0" fbTx="2.008900419" />
<pr uId="58" fId="3" fbTx="2.008902469" />
<wpr uId="57" tId="1" fbRx="2.008904436" lbRx="0" />
<wpr uId="57" tId="5" fbRx="2.008904436" lbRx="0" />
<wpr uId="58" tId="2" fbRx="2.008906486" lbRx="0" />
<wpr uId="58" tId="4" fbRx="2.008906486" lbRx="0" />
<pr uId="59" fId="1" fbTx="2.008992436" />
<wpr uId="59" tId="0" fbRx="2.008996453" lbRx="0" />
<wpr uId="59" tId="2" fbRx="2.008996453" lbRx="0" />
<wpr uId="59" tId="5" fbRx="2.00899646" lbRx="0" />
<wpr uId="59" tId="3" fbRx="2.008996469" lbRx="0" />
<wpr uId="59" tId="4" fbRx="2.008996486" lbRx="0" />
<pr uId="60" fId="1" fbTx="2.009079436" />
<wpr uId="60" tId="0" fbRx="2.009083453" lbRx="0" />
<wpr uId="60" tId="2" fbRx="2.009083453" lbRx="0" />
<wpr uId="60" tId="5" fbRx="2.00908346" lbRx="0" />
<wpr uId="60" tId="3" fbRx="2.009083469" lbRx="0" />
<wpr uId="60" tId="4" fbRx="2.009083486" lbRx="0" />
<pr uId="61" fId="0" fbTx="2.009171453" />
<wpr uId="61" tId="1" fbRx="2.00917547" lbRx="0" />
<wpr uId="61" tId="5" fbRx="2.00917547" lbRx="0" />
<wpr uId="61" tId="2" fbRx="2.009175486" lbRx="0" />
<wpr uId="61" tId="3" fbRx="2.009175503" lbRx="0" />
<wpr uId="61" tId="4" fbRx="2.00917552" lbRx="0" />
<pr uId="62" fId="0" fbTx="2.009267453" />
<wpr uId="62" tId="1" fbRx="2.00927147" lbRx="0" />
<wpr uId="62" tId="5" fbRx="2.00927147" lbRx="0" />
<wpr uId="62" tId="2" fbRx="2.009271486" lbRx="0" />
<wpr uId="62" tId="3" fbRx="2.009271503" lbRx="0" />
<wpr uId="62" tId="4" fbRx="2.00927152" lbRx="0" />
<pr uId="63" fId="1" fbTx="2.00934347" />
<wpr uId="63" tId="0" fbRx="2.009347487" lbRx="0" />
<wpr uId="63" tId="2" fbRx="2.009347487" lbRx="0" />
<wpr uId="63" tId="5" fbRx="2.009347494" lbRx="0" />
<wpr uId="63" tId="3" fbRx="2.009347503" lbRx="0" />
<wpr uId="63" tId="4" fbRx="2.00934752" lbRx="0" />
<pr uId="64" fId="1" fbTx="2.00945947" />
<wpr uId="64" tId="0" fbRx="2.009463487" lbRx="0" />
<wpr uId="64" tId="2" fbRx="2.009463487" lbRx="0" />
<wpr uId="64" tId="5" fbRx="2.009463494" lbRx="0" />
<wpr uId="64" tId="3" fbRx="2.009463503" lbRx="0" />
<wpr uId="64" tId="4" fbRx="2.00946352" lbRx="0" />
<pr uId="65" fId="0" fbTx="2.009551487" />
<wpr uId="65" tId="1" fbRx="2.009555504" lbRx="0" />
<wpr uId="65" tId="5" fbRx="2.009555504" lbRx="0" />
<wpr uId="65" tId="2" fbRx="2.00955552" lbRx="0" />
<wpr uId="65" tId="3" fbRx="2.009555537" lbRx="0" />
<wpr uId="65" tId="4" fbRx="2.009555554" lbRx="0" />
<pr uId="66" fId="0" fbTx="2.009746487" />
<wpr uId="66" tId="1" fbRx="2.009750504" lbRx="0" />
<wpr uId="66" tId="5" fbRx="2.009750504" lbRx="0" />
<wpr uId="66" tId="2" fbRx="2.00975052" lbRx="0" />
<wpr uId="66" tId="3" fbRx="2.009750537" lbRx="0" />
<wpr uId="66" tId="4" fbRx="2.009750554" lbRx="0" />
<pr uId="67" fId="1" fbTx="2.009838504" />
<wpr uId="67" tId="0" fbRx="2.009842521" lbRx="0" />
<wpr uId="67" tId="2" fbRx="2.009842521" lbRx="0" />
<wpr uId="67" tId="5" fbRx="2.009842528" lbRx="0" />
<wpr uId="67" tId="3" fbRx="2.009842537" lbRx="0" />
<wpr uId="67" tId="4" fbRx="2.009842554" lbRx="0" />
<pr uId="68" fId="1" fbTx="2.009925504" />
<wpr uId="68" tId="0" fbRx="2.009929521" lbRx="0" />
<wpr uId="68" tId="2" fbRx="2.009929521" lbRx="0" />
<wpr uId="68" tId="5" fbRx="2.009929528" lbRx="0" />
<wpr uId="68" tId="3" fbRx="2.009929537" lbRx="0" />
<wpr uId="68" tId="4" fbRx="2.009929554" lbRx="0" />
<pr uId="69" fId="0" fbTx="2.010001521" />
<wpr uId="69" tId="1" fbRx="2.010005538" lbRx="0" />
<wpr uId="69" tId="5" fbRx="2.010005538" lbRx="0" />
<wpr uId="69" tId="2" fbRx="2.010005554" lbRx="0" />
<wpr uId="69" tId="3" fbRx="2.010005571" lbRx="0" />
<wpr uId="69" tId="4" fbRx="2.010005588" lbRx="0" />
<pr uId="70" fId="0" fbTx="2.010135521" />
<wpr uId="70" tId="1" fbRx="2.010139538" lbRx="0" />
<wpr uId="70" tId="5" fbRx="2.010139538" lbRx="0" />
<wpr uId="70" tId="2" fbRx="2.010139554" lbRx="0" />
<wpr uId="70" tId="3" fbRx="2.010139571" lbRx="0" />
<wpr uId="70" tId="4" fbRx="2.010139588" lbRx="0" />
<pr uId="71" fId="4" fbTx="2.010290588" />
<wpr uId="71" tId="3" fbRx="2.010294605" lbRx="0" />
<wpr uId="71" tId="2" fbRx="2.010294621" lbRx="0" />
<wpr uId="71" tId="1" fbRx="2.010294638" lbRx="0" />
<wpr uId="71" tId="0" fbRx="2.010294655" lbRx="0" />
<wpr uId="71" tId="5" fbRx="2.010294657" lbRx="0" />
<pr uId="72" fId="0" fbTx="2.010366655" />
<wpr uId="72" tId="1" fbRx="2.010370672" lbRx="0" />
<wpr uId="72" tId="5" fbRx="2.010370672" lbRx="0" />
<wpr uId="72" tId="2" fbRx="2.010370688" lbRx="0" />
<wpr uId="72" tId="3" fbRx="2.010370705" lbRx="0" />
<wpr uId="72" tId="4" fbRx="2.010370722" lbRx="0" />
<pr uId="73" fId="0" fbTx="2.010563655" />
<wpr uId="73" tId="1" fbRx="2.010567672" lbRx="0" />
<wpr uId="73" tId="5" fbRx="2.010567672" lbRx="0" />
<wpr uId="73" tId="2" fbRx="2.010567688" lbRx="0" />
<wpr uId="73" tId="3" fbRx="2.010567705" lbRx="0" />
<wpr uId="73" tId="4" fbRx="2.010567722" lbRx="0" />
<pr uId="74" fId="5" fbTx="2.010718672" />
<pr uId="75" fId="3" fbTx="2.010718705" />
<wpr uId="74" tId="0" fbRx="2.010722689" lbRx="0" />
<wpr uId="74" tId="1" fbRx="2.010722696" lbRx="0" />
<wpr uId="75" tId="2" fbRx="2.010722722" lbRx="0" />
<wpr uId="75" tId="4" fbRx="2.010722722" lbRx="0" />
<pr uId="76" fId="0" fbTx="2.010944689" />
<wpr uId="76" tId="1" fbRx="2.010948706" lbRx="0" />
<wpr uId="76" tId="5" fbRx="2.010948706" lbRx="0" />
<wpr uId="76" tId="2" fbRx="2.010948722" lbRx="0" />
<wpr uId="76" tId="3" fbRx="2.010948739" lbRx="0" />
<wpr uId="76" tId="4" fbRx="2.010948756" lbRx="0" />
<pr uId="77" fId="4" fbTx="2.011036756" />
<wpr uId="77" tId="3" fbRx="2.011040773" lbRx="0" />
<wpr uId="77" tId="2" fbRx="2.011040789" lbRx="0" />
<wpr uId="77" tId="1" fbRx="2.011040806" lbRx="0" />
<wpr uId="77" tId="0" fbRx="2.011040823" lbRx="0" />
<wpr uId="77" tId="5" fbRx="2.011040825" lbRx="0" />
<pr uId="78" fId="5" fbTx="2.011107825" />
<wpr uId="78" tId="0" fbRx="2.011111842" lbRx="0" />
<wpr uId="78" tId="1" fbRx="2.011111849" lbRx="0" />
<wpr uId="78" tId="2" fbRx="2.011111862" lbRx="0" />
<wpr uId="78" tId="3" fbRx="2.011111878" lbRx="0" />
<wpr uId="78" tId="4" fbRx="2.011111894" lbRx="0" />
<pr uId="79" fId="0" fbTx="2.011183842" />
<wpr uId="79" tId="1" fbRx="2.011187859" lbRx="0" />
<wpr uId="79" tId="5" fbRx="2.011187859" lbRx="0" />
<wpr uId="79" tId="2" fbRx="2.011187875" lbRx="0" />
<wpr uId="79" tId="3" fbRx="2.011187892" lbRx="0" />
<wpr uId="79" tId="4" fbRx="2.011187909" lbRx="0" />
<pr uId="80" fId="0" fbTx="2.011254842" />
<wpr uId="80" tId="1" fbRx="2.011258859" lbRx="0" />
<wpr uId="80" tId="5" fbRx="2.011258859" lbRx="0" />
<wpr uId="80" tId="2" fbRx="2.011258875" lbRx="0" />
<wpr uId="80" tId="3" fbRx="2.011258892" lbRx="0" />
<wpr uId="80" tId="4" fbRx="2.011258909" lbRx="0" />
<pr uId="81" fId="5" fbTx="2.011330859" />
<wpr uId="81" tId="0" fbRx="2.011334876" lbRx="0" />
<wpr uId="81" tId="1" fbRx="2.011334883" lbRx="0" />
<wpr uId="81" tId="2" fbRx="2.011334896" lbRx="0" />
<wpr uId="81" tId="3" fbRx="2.011334912" lbRx="0" />
<wpr uId="81" tId="4" fbRx="2.011334928" lbRx="0" />
<pr uId="82" fId="3" fbTx="2.012427912" />
<wpr uId="82" tId="2" fbRx="2.012431929" lbRx="0" />
<wpr uId="82" tId="4" fbRx="2.012431929" lbRx="0" />
<wpr uId="82" tId="1" fbRx="2.012431945" lbRx="0" />
<wpr uId="82" tId="0" fbRx="2.012431962" lbRx="0" />
<wpr uId="82" tId="5" fbRx="2.012431965" lbRx="0" />
<pr uId="83" fId="0" fbTx="2.012503962" />
<wpr uId="83" tId="1" fbRx="2.012507979" lbRx="0" />
<wpr uId="83" tId="5" fbRx="2.012507979" lbRx="0" />
<wpr uId="83" tId="2" fbRx="2.012507995" lbRx="0" />
<wpr uId="83" tId="3" fbRx="2.012508012" lbRx="0" />
<wpr uId="83" tId="4" fbRx="2.012508029" lbRx="0" />
<pr uId="84" fId="0" fbTx="2.012574962" />
<wpr uId="84" tId="1" fbRx="2.012578979" lbRx="0" />
<wpr uId="84" tId="5" fbRx="2.012578979" lbRx="0" />
<wpr uId="84" tId="2" fbRx="2.012578995" lbRx="0" />
<wpr uId="84" tId="3" fbRx="2.012579012" lbRx="0" />
<wpr uId="84" tId="4" fbRx="2.012579029" lbRx="0" />
<pr uId="85" fId="3" fbTx="2.012651012" />
<wpr uId="85" tId="2" fbRx="2.012655029" lbRx="0" />
<wpr uId="85" tId="4" fbRx="2.012655029" lbRx="0" />
<wpr uId="85" tId="1" fbRx="2.012655045" lbRx="0" />
<wpr uId="85" tId="0" fbRx="2.012655062" lbRx="0" />
<wpr uId="85" tId="5" fbRx="2.012655065" lbRx="0" />
<pr uId="86" fId="0" fbTx="2.017987062" />
<wpr uId="86" tId="1" fbRx="2.017991079" lbRx="0" />
<wpr uId="86" tId="5" fbRx="2.017991079" lbRx="0" />
<wpr uId="86" tId="2" fbRx="2.017991095" lbRx="0" />
<wpr uId="86" tId="3" fbRx="2.017991112" lbRx="0" />
<wpr uId="86" tId="4" fbRx="2.017991129" lbRx="0" />
<pr uId="87" fId="1" fbTx="2.018142079" />
<wpr uId="87" tId="0" fbRx="2.018146096" lbRx="0" />
<wpr uId="87" tId="2" fbRx="2.018146096" lbRx="0" />
<wpr uId="87" tId="5" fbRx="2.018146103" lbRx="0" />
<wpr uId="87" tId="3" fbRx="2.018146112" lbRx="0" />
<wpr uId="87" tId="4" fbRx="2.018146129" lbRx="0" />
<pr uId="88" fId="0" fbTx="2.018218096" />
<wpr uId="88" tId="1" fbRx="2.018222113" lbRx="0" />
<wpr uId="88" tId="5" fbRx="2.018222113" lbRx="0" />
<wpr uId="88" tId="2" fbRx="2.018222129" lbRx="0" />
<wpr uId="88" tId="3" fbRx="2.018222146" lbRx="0" />
<wpr uId="88" tId="4" fbRx="2.018222163" lbRx="0" />
<pr uId="89" fId="0" fbTx="2.018415096" />
<wpr uId="89" tId="1" fbRx="2.018419113" lbRx="0" />
<wpr uId="89" tId="5" fbRx="2.018419113" lbRx="0" />
<wpr uId="89" tId="2" fbRx="2.018419129" lbRx="0" />
<wpr uId="89" tId="3" fbRx="2.018419146" lbRx="0" />
<wpr uId="89" tId="4" fbRx="2.018419163" lbRx="0" />
<pr uId="90" fId="1" fbTx="2.018491113" />
<wpr uId="90" tId="0" fbRx="2.01849513" lbRx="0" />
<wpr uId="90" tId="2" fbRx="2.01849513" lbRx="0" />
<wpr uId="90" tId="5" fbRx="2.018495137" lbRx="0" />
<wpr uId="90" tId="3" fbRx="2.018495146" lbRx="0" />
<wpr uId="90" tId="4" fbRx="2.018495163" lbRx="0" />
<pr uId="91" fId="1" fbTx="3.000003113" />
<pr uId="92" fId="2" fbTx="3.00000313" />
<pr uId="93" fId="5" fbTx="3.000003137" />
<pr uId="94" fId="3" fbTx="3.000003146" />
<pr uId="95" fId="4" fbTx="3.000003163" />
<pr uId="96" fId="2" fbTx="3.00015113" />
<wpr uId="96" tId="1" fbRx="3.000155147" lbRx="0" />
<wpr uId="96" tId="3" fbRx="3.000155147" lbRx="0" />
<wpr uId="96" tId="0" fbRx="3.000155163" lbRx="0" />
<wpr uId="96" tId="4" fbRx="3.000155163" lbRx="0" />
<wpr uId="96" tId="5" fbRx="3.000155167" lbRx="0" />
<pr uId="97" fId="0" fbTx="3.000227163" />
<wpr uId="97" tId="1" fbRx="3.00023118" lbRx="0" />
<wpr uId="97" tId="5" fbRx="3.00023118" lbRx="0" />
<wpr uId="97" tId="2" fbRx="3.000231196" lbRx="0" />
<wpr uId="97" tId="3" fbRx="3.000231213" lbRx="0" />
<wpr uId="97" tId="4" fbRx="3.00023123" lbRx="0" />
<pr uId="98" fId="1" fbTx="3.00033418" />
<wpr uId="98" tId="0" fbRx="3.000338197" lbRx="0" />
<wpr uId="98" tId="2" fbRx="3.000338197" lbRx="0" />
<wpr uId="98" tId="5" fbRx="3.000338204" lbRx="0" />
<wpr uId="98" tId="3" fbRx="3.000338213" lbRx="0" />
<wpr uId="98" tId="4" fbRx="3.00033823" lbRx="0" />
<pr uId="99" fId="0" fbTx="3.000410197" />
<wpr uId="99" tId="1" fbRx="3.000414214" lbRx="0" />
<wpr uId="99" tId="5" fbRx="3.000414214" lbRx="0" />
<wpr uId="99" tId="2" fbRx="3.00041423" lbRx="0" />
<wpr uId="99" tId="3" fbRx="3.000414247" lbRx="0" />
<wpr uId="99" tId="4" fbRx="3.000414264" lbRx="0" />
<pr uId="100" fId="0" fbTx="3.000481197" />
<wpr uId="100" tId="1" fbRx="3.000485214" lbRx="0" />
<wpr uId="100" tId="5" fbRx="3.000485214" lbRx="0" />
<wpr uId="100" tId="2" fbRx="3.00048523" lbRx="0" />
<wpr uId="100" tId="3" fbRx="3.000485247" lbRx="0" />
<wpr uId="100" tId="4" fbRx="3.000485264" lbRx="0" />
<pr uId="101" fId="1" fbTx="3.000557214" />
<wpr uId="101" tId="0" fbRx="3.000561231" lbRx="0" />
<wpr uId="101" tId="2" fbRx="3.000561231" lbRx="0" />
<wpr uId="101" tId="5" fbRx="3.000561238" lbRx="0" />
<wpr uId="101" tId="3" fbRx="3.000561247" lbRx="0" />
<wpr uId="101" tId="4" fbRx="3.000561264" lbRx="0" />
<pr uId="102" fId="5" fbTx="3.000736238" />
<pr uId="103" fId="3" fbTx="3.000736247" />
<wpr uId="102" tId="0" fbRx="3.000740255" lbRx="0" />
<wpr uId="102" tId="1" fbRx="3.000740262" lbRx="0" />
<wpr uId="103" tId="2" fbRx="3.000740264" lbRx="0" />
<wpr uId="103" tId="4" fbRx="3.000740264" lbRx="0" />
<pr uId="104" fId="4" fbTx="3.000892264" />
<wpr uId="104" tId="3" fbRx="3.000896281" lbRx="0" />
<wpr uId="104" tId="2" fbRx="3.000896297" lbRx="0" />
<wpr uId="104" tId="1" fbRx="3.000896314" lbRx="0" />
<wpr uId="104" tId="0" fbRx="3.000896331" lbRx="0" />
<wpr uId="104" tId="5" fbRx="3.000896333" lbRx="0" />
<pr uId="105" fId="0" fbTx="3.000984331" />
<wpr uId="105" tId="1" fbRx="3.000988348" lbRx="0" />
<wpr uId="105" tId="5" fbRx="3.000988348" lbRx="0" />
<wpr uId="105" tId="2" fbRx="3.000988364" lbRx="0" />
<wpr uId="105" tId="3" fbRx="3.000988381" lbRx="0" />
<wpr uId="105" tId="4" fbRx="3.000988398" lbRx="0" />
<pr uId="106" fId="0" fbTx="3.001055331" />
<wpr uId="106" tId="1" fbRx="3.001059348" lbRx="0" />
<wpr uId="106" tId="5" fbRx="3.001059348" lbRx="0" />
<wpr uId="106" tId="2" fbRx="3.001059364" lbRx="0" />
<wpr uId="106" tId="3" fbRx="3.001059381" lbRx="0" />
<wpr uId="106" tId="4" fbRx="3.001059398" lbRx="0" />
<pr uId="107" fId="4" fbTx="3.001147398" />
<wpr uId="107" tId="3" fbRx="3.001151415" lbRx="0" />
<wpr uId="107" tId="2" fbRx="3.001151431" lbRx="0" />
<wpr uId="107" tId="1" fbRx="3.001151448" lbRx="0" />
<wpr uId="107" tId="0" fbRx="3.001151465" lbRx="0" />
<wpr uId="107" tId="5" fbRx="3.001151467" lbRx="0" />
<pr uId="108" fId="5" fbTx="3.001434467" />
<wpr uId="108" tId="0" fbRx="3.001438484" lbRx="0" />
<wpr uId="108" tId="1" fbRx="3.001438491" lbRx="0" />
<wpr uId="108" tId="2" fbRx="3.001438504" lbRx="0" />
<wpr uId="108" tId="3" fbRx="3.00143852" lbRx="0" />
<wpr uId="108" tId="4" fbRx="3.001438536" lbRx="0" />
<pr uId="109" fId="0" fbTx="3.001510484" />
<wpr uId="109" tId="1" fbRx="3.001514501" lbRx="0" />
<wpr uId="109" tId="5" fbRx="3.001514501" lbRx="0" />
<wpr uId="109" tId="2" fbRx="3.001514517" lbRx="0" />
<wpr uId="109" tId="3" fbRx="3.001514534" lbRx="0" />
<wpr uId="109" tId="4" fbRx="3.001514551" lbRx="0" />
<pr uId="110" fId="0" fbTx="3.001581484" />
<wpr uId="110" tId="1" fbRx="3.001585501" lbRx="0" />
<wpr uId="110" tId="5" fbRx="3.001585501" lbRx="0" />
<wpr uId="110" tId="2" fbRx="3.001585517" lbRx="0" />
<wpr uId="110" tId="3" fbRx="3.001585534" lbRx="0" />
<wpr uId="110" tId="4" fbRx="3.001585551" lbRx="0" />
<pr uId="111" fId="5" fbTx="3.001657501" />
<wpr uId="111" tId="0" fbRx="3.001661518" lbRx="0" />
<wpr uId="111" tId="1" fbRx="3.001661525" lbRx="0" />
<wpr uId="111" tId="2" fbRx="3.001661538" lbRx="0" />
<wpr uId="111" tId="3" fbRx="3.001661554" lbRx="0" />
<wpr uId="111" tId="4" fbRx="3.00166157" lbRx="0" />
<pr uId="112" fId="3" fbTx="3.001969534" />
<wpr uId="112" tId="2" fbRx="3.001973551" lbRx="0" />
<wpr uId="112" tId="4" fbRx="3.001973551" lbRx="0" />
<wpr uId="112" tId="1" fbRx="3.001973567" lbRx="0" />
<wpr uId="112" tId="0" fbRx="3.001973584" lbRx="0" />
<wpr uId="112" tId="5" fbRx="3.001973587" lbRx="0" />
<pr uId="113" fId="0" fbTx="3.002045584" />
<wpr uId="113" tId="1" fbRx="3.002049601" lbRx="0" />
<wpr uId="113" tId="5" fbRx="3.002049601" lbRx="0" />
<wpr uId="113" tId="2" fbRx="3.002049617" lbRx="0" />
<wpr uId="113" tId="3" fbRx="3.002049634" lbRx="0" />
<wpr uId="113" tId="4" fbRx="3.002049651" lbRx="0" />
<pr uId="114" fId="0" fbTx="3.002116584" />
<wpr uId="114" tId="1" fbRx="3.002120601" lbRx="0" />
<wpr uId="114" tId="5" fbRx="3.002120601" lbRx="0" />
<wpr uId="114" tId="2" fbRx="3.002120617" lbRx="0" />
<wpr uId="114" tId="3" fbRx="3.002120634" lbRx="0" />
<wpr uId="114" tId="4" fbRx="3.002120651" lbRx="0" />
<pr uId="115" fId="3" fbTx="3.002192634" />
<wpr uId="115" tId="2" fbRx="3.002196651" lbRx="0" />
<wpr uId="115" tId="4" fbRx="3.002196651" lbRx="0" />
<wpr uId="115" tId="1" fbRx="3.002196667" lbRx="0" />
<wpr uId="115" tId="0" fbRx="3.002196684" lbRx="0" />
<wpr uId="115" tId="5" fbRx="3.002196687" lbRx="0" />
<pr uId="116" fId="0" fbTx="3.002371684" />
<wpr uId="116" tId="1" fbRx="3.002375701" lbRx="0" />
<wpr uId="116" tId="5" fbRx="3.002375701" lbRx="0" />
<wpr uId="116" tId="2" fbRx="3.002375717" lbRx="0" />
<wpr uId="116" tId="3" fbRx="3.002375734" lbRx="0" />
<wpr uId="116" tId="4" fbRx="3.002375751" lbRx="0" />
<pr uId="117" fId="2" fbTx="3.002526717" />
<wpr uId="117" tId="1" fbRx="3.002530734" lbRx="0" />
<wpr uId="117" tId="3" fbRx="3.002530734" lbRx="0" />
<wpr uId="117" tId="0" fbRx="3.00253075" lbRx="0" />
<wpr uId="117" tId="4" fbRx="3.00253075" lbRx="0" />
<wpr uId="117" tId="5" fbRx="3.002530754" lbRx="0" />
<pr uId="118" fId="0" fbTx="3.00260275" />
<wpr uId="118" tId="1" fbRx="3.002606767" lbRx="0" />
<wpr uId="118" tId="5" fbRx="3.002606767" lbRx="0" />
<wpr uId="118" tId="2" fbRx="3.002606783" lbRx="0" />
<wpr uId="118" tId="3" fbRx="3.0026068" lbRx="0" />
<wpr uId="118" tId="4" fbRx="3.002606817" lbRx="0" />
<pr uId="119" fId="0" fbTx="3.00271875" />
<wpr uId="119" tId="1" fbRx="3.002722767" lbRx="0" />
<wpr uId="119" tId="5" fbRx="3.002722767" lbRx="0" />
<wpr uId="119" tId="2" fbRx="3.002722783" lbRx="0" />
<wpr uId="119" tId="3" fbRx="3.0027228" lbRx="0" />
<wpr uId="119" tId="4" fbRx="3.002722817" lbRx="0" />
<pr uId="120" fId="2" fbTx="3.002762783" />
<wpr uId="120" tId="1" fbRx="3.0027668" lbRx="0" />
<wpr uId="120" tId="3" fbRx="3.0027668" lbRx="0" />
<wpr uId="120" tId="0" fbRx="3.002766816" lbRx="0" />
<wpr uId="120" tId="4" fbRx="3.002766816" lbRx="0" />
<wpr uId="120" tId="5" fbRx="3.00276682" lbRx="0" />
<pr uId="121" fId="0" fbTx="3.002806816" />
<pr uId="122" fId="0" fbTx="3.002806816" />
<wpr uId="121" tId="1" fbRx="3.002810833" lbRx="0" />
<wpr uId="122" tId="1" fbRx="3.002810833" lbRx="0" />
<wpr uId="121" tId="5" fbRx="3.002810833" lbRx="0" />
<wpr uId="122" tId="5" fbRx="3.002810833" lbRx="0" />
<wpr uId="121" tId="2" fbRx="3.002810849" lbRx="0" />
<wpr uId="122" tId="2" fbRx="3.002810849" lbRx="0" />
<wpr uId="121" tId="3" fbRx="3.002810866" lbRx="0" />
<wpr uId="122" tId="3" fbRx="3.002810866" lbRx="0" />
<wpr uId="121" tId="4" fbRx="3.002810883" lbRx="0" />
<wpr uId="122" tId="4" fbRx="3.002810883" lbRx="0" />
<pr uId="123" fId="2" fbTx="3.002898849" />
<wpr uId="123" tId="1" fbRx="3.002902866" lbRx="0" />
<wpr uId="123" tId="3" fbRx="3.002902866" lbRx="0" />
<wpr uId="123" tId="0" fbRx="3.002902882" lbRx="0" />
<wpr uId="123" tId="4" fbRx="3.002902882" lbRx="0" />
<wpr uId="123" tId="5" fbRx="3.002902886" lbRx="0" />
<pr uId="124" fId="2" fbTx="4.000002849" />
<pr uId="125" fId="1" fbTx="4.000002866" />
<pr uId="126" fId="3" fbTx="4.000002866" />
<pr uId="127" fId="4" fbTx="4.000002882" />
<pr uId="128" fId="5" fbTx="4.000002886" />
<pr uId="129" fId="5" fbTx="4.000159886" />
<wpr uId="129" tId="0" fbRx="4.000163903" lbRx="0" />
<wpr uId="129" tId="1" fbRx="4.00016391" lbRx="0" />
<wpr uId="129" tId="2" fbRx="4.000163923" lbRx="0" />
<wpr uId="129" tId="3" fbRx="4.000163939" lbRx="0" />
<wpr uId="129" tId="4" fbRx="4.000163955" lbRx="0" />
<pr uId="130" fId="0" fbTx="4.000235903" />
<wpr uId="130" tId="1" fbRx="4.00023992" lbRx="0" />
<wpr uId="130" tId="5" fbRx="4.00023992" lbRx="0" />
<wpr uId="130" tId="2" fbRx="4.000239936" lbRx="0" />
<wpr uId="130" tId="3" fbRx="4.000239953" lbRx="0" />
<wpr uId="130" tId="4" fbRx="4.00023997" lbRx="0" />
<pr uId="131" fId="0" fbTx="4.000306903" />
<pr uId="132" fId="1" fbTx="4.00030692" />
<wpr uId="131" tId="5" fbRx="4.00031092" lbRx="0" />
<wpr uId="132" tId="2" fbRx="4.000310937" lbRx="0" />
<wpr uId="132" tId="3" fbRx="4.000310953" lbRx="0" />
<pr uId="133" fId="4" fbTx="4.00045497" />
<wpr uId="133" tId="3" fbRx="4.000458987" lbRx="0" />
<wpr uId="133" tId="2" fbRx="4.000459003" lbRx="0" />
<wpr uId="133" tId="1" fbRx="4.00045902" lbRx="0" />
<wpr uId="133" tId="0" fbRx="4.000459037" lbRx="0" />
<wpr uId="133" tId="5" fbRx="4.000459039" lbRx="0" />
<pr uId="134" fId="0" fbTx="4.000547037" />
<wpr uId="134" tId="1" fbRx="4.000551054" lbRx="0" />
<wpr uId="134" tId="5" fbRx="4.000551054" lbRx="0" />
<wpr uId="134" tId="2" fbRx="4.00055107" lbRx="0" />
<wpr uId="134" tId="3" fbRx="4.000551087" lbRx="0" />
<wpr uId="134" tId="4" fbRx="4.000551104" lbRx="0" />
<pr uId="135" fId="3" fbTx="4.000645087" />
<wpr uId="135" tId="2" fbRx="4.000649104" lbRx="0" />
<wpr uId="135" tId="4" fbRx="4.000649104" lbRx="0" />
<wpr uId="135" tId="1" fbRx="4.00064912" lbRx="0" />
<wpr uId="135" tId="0" fbRx="4.000649137" lbRx="0" />
<wpr uId="135" tId="5" fbRx="4.00064914" lbRx="0" />
<pr uId="136" fId="0" fbTx="4.000721137" />
<wpr uId="136" tId="1" fbRx="4.000725154" lbRx="0" />
<wpr uId="136" tId="5" fbRx="4.000725154" lbRx="0" />
<wpr uId="136" tId="2" fbRx="4.00072517" lbRx="0" />
<wpr uId="136" tId="3" fbRx="4.000725187" lbRx="0" />
<wpr uId="136" tId="4" fbRx="4.000725204" lbRx="0" />
<pr uId="137" fId="0" fbTx="4.000846137" />
<wpr uId="137" tId="1" fbRx="4.000850154" lbRx="0" />
<wpr uId="137" tId="5" fbRx="4.000850154" lbRx="0" />
<wpr uId="137" tId="2" fbRx="4.00085017" lbRx="0" />
<wpr uId="137" tId="3" fbRx="4.000850187" lbRx="0" />
<wpr uId="137" tId="4" fbRx="4.000850204" lbRx="0" />
<pr uId="138" fId="5" fbTx="4.000922154" />
<wpr uId="138" tId="0" fbRx="4.000926171" lbRx="0" />
<wpr uId="138" tId="1" fbRx="4.000926178" lbRx="0" />
<wpr uId="138" tId="2" fbRx="4.000926191" lbRx="0" />
<wpr uId="138" tId="3" fbRx="4.000926207" lbRx="0" />
<wpr uId="138" tId="4" fbRx="4.000926223" lbRx="0" />
<pr uId="139" fId="1" fbTx="4.000993178" />
<wpr uId="139" tId="0" fbRx="4.000997195" lbRx="0" />
<wpr uId="139" tId="2" fbRx="4.000997195" lbRx="0" />
<wpr uId="139" tId="5" fbRx="4.000997202" lbRx="0" />
<wpr uId="139" tId="3" fbRx="4.000997211" lbRx="0" />
<wpr uId="139" tId="4" fbRx="4.000997228" lbRx="0" />
<pr uId="140" fId="0" fbTx="4.001069195" />
<wpr uId="140" tId="1" fbRx="4.001073212" lbRx="0" />
<wpr uId="140" tId="5" fbRx="4.001073212" lbRx="0" />
<wpr uId="140" tId="2" fbRx="4.001073228" lbRx="0" />
<wpr uId="140" tId="3" fbRx="4.001073245" lbRx="0" />
<wpr uId="140" tId="4" fbRx="4.001073262" lbRx="0" />
<pr uId="141" fId="2" fbTx="4.001158228" />
<wpr uId="141" tId="1" fbRx="4.001162245" lbRx="0" />
<wpr uId="141" tId="3" fbRx="4.001162245" lbRx="0" />
<wpr uId="141" tId="0" fbRx="4.001162261" lbRx="0" />
<wpr uId="141" tId="4" fbRx="4.001162261" lbRx="0" />
<wpr uId="141" tId="5" fbRx="4.001162265" lbRx="0" />
<pr uId="142" fId="0" fbTx="4.001234261" />
<wpr uId="142" tId="1" fbRx="4.001238278" lbRx="0" />
<wpr uId="142" tId="5" fbRx="4.001238278" lbRx="0" />
<wpr uId="142" tId="2" fbRx="4.001238294" lbRx="0" />
<wpr uId="142" tId="3" fbRx="4.001238311" lbRx="0" />
<wpr uId="142" tId="4" fbRx="4.001238328" lbRx="0" />
<pr uId="143" fId="0" fbTx="4.001395261" />
<wpr uId="143" tId="1" fbRx="4.001399278" lbRx="0" />
<wpr uId="143" tId="5" fbRx="4.001399278" lbRx="0" />
<wpr uId="143" tId="2" fbRx="4.001399294" lbRx="0" />
<wpr uId="143" tId="3" fbRx="4.001399311" lbRx="0" />
<wpr uId="143" tId="4" fbRx="4.001399328" lbRx="0" />
<pr uId="144" fId="4" fbTx="4.001487328" />
<wpr uId="144" tId="3" fbRx="4.001491345" lbRx="0" />
<wpr uId="144" tId="2" fbRx="4.001491361" lbRx="0" />
<wpr uId="144" tId="1" fbRx="4.001491378" lbRx="0" />
<wpr uId="144" tId="0" fbRx="4.001491395" lbRx="0" />
<wpr uId="144" tId="5" fbRx="4.001491397" lbRx="0" />
<pr uId="145" fId="0" fbTx="4.001576395" />
<wpr uId="145" tId="1" fbRx="4.001580412" lbRx="0" />
<wpr uId="145" tId="5" fbRx="4.001580412" lbRx="0" />
<wpr uId="145" tId="2" fbRx="4.001580428" lbRx="0" />
<wpr uId="145" tId="3" fbRx="4.001580445" lbRx="0" />
<wpr uId="145" tId="4" fbRx="4.001580462" lbRx="0" />
<pr uId="146" fId="3" fbTx="4.001652445" />
<wpr uId="146" tId="2" fbRx="4.001656462" lbRx="0" />
<wpr uId="146" tId="4" fbRx="4.001656462" lbRx="0" />
<wpr uId="146" tId="1" fbRx="4.001656478" lbRx="0" />
<wpr uId="146" tId="0" fbRx="4.001656495" lbRx="0" />
<wpr uId="146" tId="5" fbRx="4.001656498" lbRx="0" />
<pr uId="147" fId="0" fbTx="4.001849495" />
<wpr uId="147" tId="1" fbRx="4.001853512" lbRx="0" />
<wpr uId="147" tId="5" fbRx="4.001853512" lbRx="0" />
<wpr uId="147" tId="2" fbRx="4.001853528" lbRx="0" />
<wpr uId="147" tId="3" fbRx="4.001853545" lbRx="0" />
<wpr uId="147" tId="4" fbRx="4.001853562" lbRx="0" />
<pr uId="148" fId="1" fbTx="4.001925512" />
<wpr uId="148" tId="0" fbRx="4.001929529" lbRx="0" />
<wpr uId="148" tId="2" fbRx="4.001929529" lbRx="0" />
<wpr uId="148" tId="5" fbRx="4.001929536" lbRx="0" />
<wpr uId="148" tId="3" fbRx="4.001929545" lbRx="0" />
<wpr uId="148" tId="4" fbRx="4.001929562" lbRx="0" />
<pr uId="149" fId="0" fbTx="4.001996529" />
<wpr uId="149" tId="1" fbRx="4.002000546" lbRx="0" />
<wpr uId="149" tId="5" fbRx="4.002000546" lbRx="0" />
<wpr uId="149" tId="2" fbRx="4.002000562" lbRx="0" />
<wpr uId="149" tId="3" fbRx="4.002000579" lbRx="0" />
<wpr uId="149" tId="4" fbRx="4.002000596" lbRx="0" />
<pr uId="150" fId="2" fbTx="4.002072562" />
<wpr uId="150" tId="1" fbRx="4.002076579" lbRx="0" />
<wpr uId="150" tId="3" fbRx="4.002076579" lbRx="0" />
<wpr uId="150" tId="0" fbRx="4.002076595" lbRx="0" />
<wpr uId="150" tId="4" fbRx="4.002076595" lbRx="0" />
<wpr uId="150" tId="5" fbRx="4.002076599" lbRx="0" />
<pr uId="151" fId="2" fbTx="5.000000562" />
<pr uId="152" fId="1" fbTx="5.000000579" />
<pr uId="153" fId="3" fbTx="5.000000579" />
<pr uId="154" fId="4" fbTx="5.000000595" />
<pr uId="155" fId="5" fbTx="5.000000599" />
<pr uId="156" fId="1" fbTx="5.000157579" />
<wpr uId="156" tId="0" fbRx="5.000161596" lbRx="0" />
<wpr uId="156" tId="2" fbRx="5.000161596" lbRx="0" />
<wpr uId="156" tId="5" fbRx="5.000161603" lbRx="0" />
<wpr uId="156" tId="3" fbRx="5.000161612" lbRx="0" />
<wpr uId="156" tId="4" fbRx="5.000161629" lbRx="0" />
<pr uId="157" fId="0" fbTx="5.000233596" />
<wpr uId="157" tId="1" fbRx="5.000237613" lbRx="0" />
<wpr uId="157" tId="5" fbRx="5.000237613" lbRx="0" />
<wpr uId="157" tId="2" fbRx="5.000237629" lbRx="0" />
<wpr uId="157" tId="3" fbRx="5.000237646" lbRx="0" />
<wpr uId="157" tId="4" fbRx="5.000237663" lbRx="0" />
<pr uId="158" fId="0" fbTx="5.000304596" />
<wpr uId="158" tId="1" fbRx="5.000308613" lbRx="0" />
<wpr uId="158" tId="5" fbRx="5.000308613" lbRx="0" />
<wpr uId="158" tId="2" fbRx="5.000308629" lbRx="0" />
<wpr uId="158" tId="3" fbRx="5.000308646" lbRx="0" />
<wpr uId="158" tId="4" fbRx="5.000308663" lbRx="0" />
<pr uId="159" fId="1" fbTx="5.000380613" />
<wpr uId="159" tId="0" fbRx="5.00038463" lbRx="0" />
<wpr uId="159" tId="2" fbRx="5.00038463" lbRx="0" />
<wpr uId="159" tId="5" fbRx="5.000384637" lbRx="0" />
<wpr uId="159" tId="3" fbRx="5.000384646" lbRx="0" />
<wpr uId="159" tId="4" fbRx="5.000384663" lbRx="0" />
<pr uId="160" fId="2" fbTx="5.00056863" />
<pr uId="161" fId="5" fbTx="5.000568637" />
<wpr uId="160" tId="1" fbRx="5.000572647" lbRx="0" />
<wpr uId="160" tId="3" fbRx="5.000572647" lbRx="0" />
<wpr uId="161" tId="0" fbRx="5.000572654" lbRx="0" />
<wpr uId="160" tId="4" fbRx="5.000572663" lbRx="0" />
<pr uId="162" fId="4" fbTx="5.000749663" />
<wpr uId="162" tId="3" fbRx="5.00075368" lbRx="0" />
<wpr uId="162" tId="2" fbRx="5.000753696" lbRx="0" />
<wpr uId="162" tId="1" fbRx="5.000753713" lbRx="0" />
<wpr uId="162" tId="0" fbRx="5.00075373" lbRx="0" />
<wpr uId="162" tId="5" fbRx="5.000753732" lbRx="0" />
<pr uId="163" fId="0" fbTx="5.00084173" />
<wpr uId="163" tId="1" fbRx="5.000845747" lbRx="0" />
<wpr uId="163" tId="5" fbRx="5.000845747" lbRx="0" />
<wpr uId="163" tId="2" fbRx="5.000845763" lbRx="0" />
<wpr uId="163" tId="3" fbRx="5.00084578" lbRx="0" />
<wpr uId="163" tId="4" fbRx="5.000845797" lbRx="0" />
<pr uId="164" fId="0" fbTx="5.00091273" />
<pr uId="165" fId="3" fbTx="5.00091278" />
<wpr uId="164" tId="1" fbRx="5.000916747" lbRx="0" />
<wpr uId="164" tId="5" fbRx="5.000916747" lbRx="0" />
<wpr uId="165" tId="2" fbRx="5.000916797" lbRx="0" />
<wpr uId="165" tId="4" fbRx="5.000916797" lbRx="0" />
<pr uId="166" fId="0" fbTx="5.00114873" />
<wpr uId="166" tId="1" fbRx="5.001152747" lbRx="0" />
<wpr uId="166" tId="5" fbRx="5.001152747" lbRx="0" />
<wpr uId="166" tId="2" fbRx="5.001152763" lbRx="0" />
<wpr uId="166" tId="3" fbRx="5.00115278" lbRx="0" />
<wpr uId="166" tId="4" fbRx="5.001152797" lbRx="0" />
<pr uId="167" fId="4" fbTx="5.001240797" />
<wpr uId="167" tId="3" fbRx="5.001244814" lbRx="0" />
<wpr uId="167" tId="2" fbRx="5.00124483" lbRx="0" />
<wpr uId="167" tId="1" fbRx="5.001244847" lbRx="0" />
<wpr uId="167" tId="0" fbRx="5.001244864" lbRx="0" />
<wpr uId="167" tId="5" fbRx="5.001244866" lbRx="0" />
<pr uId="168" fId="5" fbTx="5.001518866" />
<wpr uId="168" tId="0" fbRx="5.001522883" lbRx="0" />
<wpr uId="168" tId="1" fbRx="5.00152289" lbRx="0" />
<wpr uId="168" tId="2" fbRx="5.001522903" lbRx="0" />
<wpr uId="168" tId="3" fbRx="5.001522919" lbRx="0" />
<wpr uId="168" tId="4" fbRx="5.001522935" lbRx="0" />
<pr uId="169" fId="0" fbTx="5.001594883" />
<wpr uId="169" tId="1" fbRx="5.0015989" lbRx="0" />
<wpr uId="169" tId="5" fbRx="5.0015989" lbRx="0" />
<wpr uId="169" tId="2" fbRx="5.001598916" lbRx="0" />
<wpr uId="169" tId="3" fbRx="5.001598933" lbRx="0" />
<wpr uId="169" tId="4" fbRx="5.00159895" lbRx="0" />
<pr uId="170" fId="0" fbTx="5.001665883" />
<wpr uId="170" tId="1" fbRx="5.0016699" lbRx="0" />
<wpr uId="170" tId="5" fbRx="5.0016699" lbRx="0" />
<wpr uId="170" tId="2" fbRx="5.001669916" lbRx="0" />
<wpr uId="170" tId="3" fbRx="5.001669933" lbRx="0" />
<wpr uId="170" tId="4" fbRx="5.00166995" lbRx="0" />
<pr uId="171" fId="5" fbTx="5.0017419" />
<wpr uId="171" tId="0" fbRx="5.001745917" lbRx="0" />
<wpr uId="171" tId="1" fbRx="5.001745924" lbRx="0" />
<wpr uId="171" tId="2" fbRx="5.001745937" lbRx="0" />
<wpr uId="171" tId="3" fbRx="5.001745953" lbRx="0" />
<wpr uId="171" tId="4" fbRx="5.001745969" lbRx="0" />
<pr uId="172" fId="3" fbTx="5.001828933" />
<wpr uId="172" tId="2" fbRx="5.00183295" lbRx="0" />
<wpr uId="172" tId="4" fbRx="5.00183295" lbRx="0" />
<wpr uId="172" tId="1" fbRx="5.001832966" lbRx="0" />
<wpr uId="172" tId="0" fbRx="5.001832983" lbRx="0" />
<wpr uId="172" tId="5" fbRx="5.001832986" lbRx="0" />
<pr uId="173" fId="0" fbTx="5.001904983" />
<wpr uId="173" tId="1" fbRx="5.001909" lbRx="0" />
<wpr uId="173" tId="5" fbRx="5.001909" lbRx="0" />
<wpr uId="173" tId="2" fbRx="5.001909016" lbRx="0" />
<wpr uId="173" tId="3" fbRx="5.001909033" lbRx="0" />
<wpr uId="173" tId="4" fbRx="5.00190905" lbRx="0" />
<pr uId="174" fId="2" fbTx="5.001976016" />
<wpr uId="174" tId="1" fbRx="5.001980033" lbRx="0" />
<wpr uId="174" tId="3" fbRx="5.001980033" lbRx="0" />
<wpr uId="174" tId="0" fbRx="5.001980049" lbRx="0" />
<wpr uId="174" tId="4" fbRx="5.001980049" lbRx="0" />
<wpr uId="174" tId="5" fbRx="5.001980053" lbRx="0" />
<pr uId="175" fId="0" fbTx="5.002052049" />
<wpr uId="175" tId="1" fbRx="5.002056066" lbRx="0" />
<wpr uId="175" tId="5" fbRx="5.002056066" lbRx="0" />
<wpr uId="175" tId="2" fbRx="5.002056082" lbRx="0" />
<wpr uId="175" tId="3" fbRx="5.002056099" lbRx="0" />
<wpr uId="175" tId="4" fbRx="5.002056116" lbRx="0" />
<pr uId="176" fId="0" fbTx="5.002186049" />
<wpr uId="176" tId="1" fbRx="5.002190066" lbRx="0" />
<wpr uId="176" tId="5" fbRx="5.002190066" lbRx="0" />
<wpr uId="176" tId="2" fbRx="5.002190082" lbRx="0" />
<wpr uId="176" tId="3" fbRx="5.002190099" lbRx="0" />
<wpr uId="176" tId="4" fbRx="5.002190116" lbRx="0" />
<pr uId="177" fId="3" fbTx="5.002262099" />
<wpr uId="177" tId="2" fbRx="5.002266116" lbRx="0" />
<wpr uId="177" tId="4" fbRx="5.002266116" lbRx="0" />
<wpr uId="177" tId="1" fbRx="5.002266132" lbRx="0" />
<wpr uId="177" tId="0" fbRx="5.002266149" lbRx="0" />
<wpr uId="177" tId="5" fbRx="5.002266152" lbRx="0" />
<pr uId="178" fId="0" fbTx="5.002396149" />
<wpr uId="178" tId="1" fbRx="5.002400166" lbRx="0" />
<wpr uId="178" tId="5" fbRx="5.002400166" lbRx="0" />
<wpr uId="178" tId="2" fbRx="5.002400182" lbRx="0" />
<wpr uId="178" tId="3" fbRx="5.002400199" lbRx="0" />
<wpr uId="178" tId="4" fbRx="5.002400216" lbRx="0" />
<pr uId="179" fId="2" fbTx="5.002472182" />
<wpr uId="179" tId="1" fbRx="5.002476199" lbRx="0" />
<wpr uId="179" tId="3" fbRx="5.002476199" lbRx="0" />
<wpr uId="179" tId="0" fbRx="5.002476215" lbRx="0" />
<wpr uId="179" tId="4" fbRx="5.002476215" lbRx="0" />
<wpr uId="179" tId="5" fbRx="5.002476219" lbRx="0" />
<pr uId="180" fId="2" fbTx="6.000004182" />
<pr uId="181" fId="1" fbTx="6.000004199" />
<pr uId="182" fId="3" fbTx="6.000004199" />
<pr uId="183" fId="4" fbTx="6.000004215" />
<pr uId="184" fId="5" fbTx="6.000004219" />
<pr uId="185" fId="5" fbTx="6.000161219" />
<wpr uId="185" tId="0" fbRx="6.000165236" lbRx="0" />
<wpr uId="185" tId="1" fbRx="6.000165243" lbRx="0" />
<wpr uId="185" tId="2" fbRx="6.000165256" lbRx="0" />
<wpr uId="185" tId="3" fbRx="6.000165272" lbRx="0" />
<wpr uId="185" tId="4" fbRx="6.000165288" lbRx="0" />
<pr uId="186" fId="0" fbTx="6.000237236" />
<wpr uId="186" tId="1" fbRx="6.000241253" lbRx="0" />
<wpr uId="186" tId="5" fbRx="6.000241253" lbRx="0" />
<wpr uId="186" tId="2" fbRx="6.000241269" lbRx="0" />
<wpr uId="186" tId="3" fbRx="6.000241286" lbRx="0" />
<wpr uId="186" tId="4" fbRx="6.000241303" lbRx="0" />
<pr uId="187" fId="0" fbTx="6.000308236" />
<wpr uId="187" tId="1" fbRx="6.000312253" lbRx="0" />
<wpr uId="187" tId="5" fbRx="6.000312253" lbRx="0" />
<wpr uId="187" tId="2" fbRx="6.000312269" lbRx="0" />
<wpr uId="187" tId="3" fbRx="6.000312286" lbRx="0" />
<wpr uId="187" tId="4" fbRx="6.000312303" lbRx="0" />
<pr uId="188" fId="5" fbTx="6.000384253" />
<wpr uId="188" tId="0" fbRx="6.00038827" lbRx="0" />
<wpr uId="188" tId="1" fbRx="6.000388277" lbRx="0" />
<wpr uId="188" tId="2" fbRx="6.00038829" lbRx="0" />
<wpr uId="188" tId="3" fbRx="6.000388306" lbRx="0" />
<wpr uId="188" tId="4" fbRx="6.000388322" lbRx="0" />
<pr uId="189" fId="3" fbTx="6.000482306" />
<wpr uId="189" tId="2" fbRx="6.000486323" lbRx="0" />
<wpr uId="189" tId="4" fbRx="6.000486323" lbRx="0" />
<wpr uId="189" tId="1" fbRx="6.000486339" lbRx="0" />
<wpr uId="189" tId="0" fbRx="6.000486356" lbRx="0" />
<wpr uId="189" tId="5" fbRx="6.000486359" lbRx="0" />
<pr uId="190" fId="0" fbTx="6.000558356" />
<wpr uId="190" tId="1" fbRx="6.000562373" lbRx="0" />
<wpr uId="190" tId="5" fbRx="6.000562373" lbRx="0" />
<wpr uId="190" tId="2" fbRx="6.000562389" lbRx="0" />
<wpr uId="190" tId="3" fbRx="6.000562406" lbRx="0" />
<wpr uId="190" tId="4" fbRx="6.000562423" lbRx="0" />
<pr uId="191" fId="2" fbTx="6.000638389" />
<wpr uId="191" tId="1" fbRx="6.000642406" lbRx="0" />
<wpr uId="191" tId="3" fbRx="6.000642406" lbRx="0" />
<wpr uId="191" tId="0" fbRx="6.000642422" lbRx="0" />
<wpr uId="191" tId="4" fbRx="6.000642422" lbRx="0" />
<wpr uId="191" tId="5" fbRx="6.000642426" lbRx="0" />
<pr uId="192" fId="0" fbTx="6.000714422" />
<wpr uId="192" tId="1" fbRx="6.000718439" lbRx="0" />
<wpr uId="192" tId="5" fbRx="6.000718439" lbRx="0" />
<wpr uId="192" tId="2" fbRx="6.000718455" lbRx="0" />
<wpr uId="192" tId="3" fbRx="6.000718472" lbRx="0" />
<wpr uId="192" tId="4" fbRx="6.000718489" lbRx="0" />
<pr uId="193" fId="4" fbTx="6.000821489" />
<wpr uId="193" tId="3" fbRx="6.000825506" lbRx="0" />
<wpr uId="193" tId="2" fbRx="6.000825522" lbRx="0" />
<wpr uId="193" tId="1" fbRx="6.000825539" lbRx="0" />
<wpr uId="193" tId="0" fbRx="6.000825556" lbRx="0" />
<wpr uId="193" tId="5" fbRx="6.000825558" lbRx="0" />
<pr uId="194" fId="0" fbTx="6.000913556" />
<wpr uId="194" tId="1" fbRx="6.000917573" lbRx="0" />
<wpr uId="194" tId="5" fbRx="6.000917573" lbRx="0" />
<wpr uId="194" tId="2" fbRx="6.000917589" lbRx="0" />
<wpr uId="194" tId="3" fbRx="6.000917606" lbRx="0" />
<wpr uId="194" tId="4" fbRx="6.000917623" lbRx="0" />
<pr uId="195" fId="0" fbTx="6.000993556" />
<wpr uId="195" tId="1" fbRx="6.000997573" lbRx="0" />
<wpr uId="195" tId="5" fbRx="6.000997573" lbRx="0" />
<wpr uId="195" tId="2" fbRx="6.000997589" lbRx="0" />
<wpr uId="195" tId="3" fbRx="6.000997606" lbRx="0" />
<wpr uId="195" tId="4" fbRx="6.000997623" lbRx="0" />
<pr uId="196" fId="3" fbTx="6.001069606" />
<wpr uId="196" tId="2" fbRx="6.001073623" lbRx="0" />
<wpr uId="196" tId="4" fbRx="6.001073623" lbRx="0" />
<wpr uId="196" tId="1" fbRx="6.001073639" lbRx="0" />
<wpr uId="196" tId="0" fbRx="6.001073656" lbRx="0" />
<wpr uId="196" tId="5" fbRx="6.001073659" lbRx="0" />
<pr uId="197" fId="1" fbTx="6.001221639" />
<pr uId="198" fId="0" fbTx="6.001221656" />
<wpr uId="197" tId="2" fbRx="6.001225656" lbRx="0" />
<wpr uId="197" tId="3" fbRx="6.001225672" lbRx="0" />
<wpr uId="198" tId="5" fbRx="6.001225673" lbRx="0" />
<pr uId="199" fId="0" fbTx="6.001621656" />
<wpr uId="199" tId="1" fbRx="6.001625673" lbRx="0" />
<wpr uId="199" tId="5" fbRx="6.001625673" lbRx="0" />
<wpr uId="199" tId="2" fbRx="6.001625689" lbRx="0" />
<wpr uId="199" tId="3" fbRx="6.001625706" lbRx="0" />
<wpr uId="199" tId="4" fbRx="6.001625723" lbRx="0" />
<pr uId="200" fId="2" fbTx="6.001697689" />
<wpr uId="200" tId="1" fbRx="6.001701706" lbRx="0" />
<wpr uId="200" tId="3" fbRx="6.001701706" lbRx="0" />
<wpr uId="200" tId="0" fbRx="6.001701722" lbRx="0" />
<wpr uId="200" tId="4" fbRx="6.001701722" lbRx="0" />
<wpr uId="200" tId="5" fbRx="6.001701726" lbRx="0" />
<pr uId="201" fId="0" fbTx="6.001768722" />
<wpr uId="201" tId="1" fbRx="6.001772739" lbRx="0" />
<wpr uId="201" tId="5" fbRx="6.001772739" lbRx="0" />
<wpr uId="201" tId="2" fbRx="6.001772755" lbRx="0" />
<wpr uId="201" tId="3" fbRx="6.001772772" lbRx="0" />
<wpr uId="201" tId="4" fbRx="6.001772789" lbRx="0" />
<pr uId="202" fId="4" fbTx="6.001860789" />
<wpr uId="202" tId="3" fbRx="6.001864806" lbRx="0" />
<wpr uId="202" tId="2" fbRx="6.001864822" lbRx="0" />
<wpr uId="202" tId="1" fbRx="6.001864839" lbRx="0" />
<wpr uId="202" tId="0" fbRx="6.001864856" lbRx="0" />
<wpr uId="202" tId="5" fbRx="6.001864858" lbRx="0" />
<pr uId="203" fId="1" fbTx="6.002120839" />
<wpr uId="203" tId="0" fbRx="6.002124856" lbRx="0" />
<wpr uId="203" tId="2" fbRx="6.002124856" lbRx="0" />
<wpr uId="203" tId="5" fbRx="6.002124863" lbRx="0" />
<wpr uId="203" tId="3" fbRx="6.002124872" lbRx="0" />
<wpr uId="203" tId="4" fbRx="6.002124889" lbRx="0" />
<pr uId="204" fId="0" fbTx="6.002196856" />
<wpr uId="204" tId="1" fbRx="6.002200873" lbRx="0" />
<wpr uId="204" tId="5" fbRx="6.002200873" lbRx="0" />
<wpr uId="204" tId="2" fbRx="6.002200889" lbRx="0" />
<wpr uId="204" tId="3" fbRx="6.002200906" lbRx="0" />
<wpr uId="204" tId="4" fbRx="6.002200923" lbRx="0" />
<pr uId="205" fId="0" fbTx="6.002267856" />
<wpr uId="205" tId="1" fbRx="6.002271873" lbRx="0" />
<wpr uId="205" tId="5" fbRx="6.002271873" lbRx="0" />
<wpr uId="205" tId="2" fbRx="6.002271889" lbRx="0" />
<wpr uId="205" tId="3" fbRx="6.002271906" lbRx="0" />
<wpr uId="205" tId="4" fbRx="6.002271923" lbRx="0" />
<pr uId="206" fId="1" fbTx="6.002343873" />
<wpr uId="206" tId="0" fbRx="6.00234789" lbRx="0" />
<wpr uId="206" tId="2" fbRx="6.00234789" lbRx="0" />
<wpr uId="206" tId="5" fbRx="6.002347897" lbRx="0" />
<wpr uId="206" tId="3" fbRx="6.002347906" lbRx="0" />
<wpr uId="206" tId="4" fbRx="6.002347923" lbRx="0" />
<pr uId="207" fId="1" fbTx="7.000001873" />
<pr uId="208" fId="2" fbTx="7.00000189" />
<pr uId="209" fId="5" fbTx="7.000001897" />
<pr uId="210" fId="3" fbTx="7.000001906" />
<pr uId="211" fId="4" fbTx="7.000001923" />
<pr uId="212" fId="1" fbTx="7.000167873" />
<wpr uId="212" tId="0" fbRx="7.00017189" lbRx="0" />
<wpr uId="212" tId="2" fbRx="7.00017189" lbRx="0" />
<wpr uId="212" tId="5" fbRx="7.000171897" lbRx="0" />
<wpr uId="212" tId="3" fbRx="7.000171906" lbRx="0" />
<wpr uId="212" tId="4" fbRx="7.000171923" lbRx="0" />
<pr uId="213" fId="0" fbTx="7.00024389" />
<wpr uId="213" tId="1" fbRx="7.000247907" lbRx="0" />
<wpr uId="213" tId="5" fbRx="7.000247907" lbRx="0" />
<wpr uId="213" tId="2" fbRx="7.000247923" lbRx="0" />
<wpr uId="213" tId="3" fbRx="7.00024794" lbRx="0" />
<wpr uId="213" tId="4" fbRx="7.000247957" lbRx="0" />
<pr uId="214" fId="0" fbTx="7.00031489" />
<pr uId="215" fId="2" fbTx="7.000314923" />
<wpr uId="214" tId="5" fbRx="7.000318907" lbRx="0" />
<wpr uId="215" tId="3" fbRx="7.00031894" lbRx="0" />
<wpr uId="215" tId="4" fbRx="7.000318956" lbRx="0" />
<pr uId="216" fId="5" fbTx="7.000549907" />
<wpr uId="216" tId="0" fbRx="7.000553924" lbRx="0" />
<wpr uId="216" tId="1" fbRx="7.000553931" lbRx="0" />
<wpr uId="216" tId="2" fbRx="7.000553944" lbRx="0" />
<wpr uId="216" tId="3" fbRx="7.00055396" lbRx="0" />
<wpr uId="216" tId="4" fbRx="7.000553976" lbRx="0" />
<pr uId="217" fId="0" fbTx="7.000625924" />
<wpr uId="217" tId="1" fbRx="7.000629941" lbRx="0" />
<wpr uId="217" tId="5" fbRx="7.000629941" lbRx="0" />
<wpr uId="217" tId="2" fbRx="7.000629957" lbRx="0" />
<wpr uId="217" tId="3" fbRx="7.000629974" lbRx="0" />
<wpr uId="217" tId="4" fbRx="7.000629991" lbRx="0" />
<pr uId="218" fId="3" fbTx="7.000723974" />
<wpr uId="218" tId="2" fbRx="7.000727991" lbRx="0" />
<wpr uId="218" tId="4" fbRx="7.000727991" lbRx="0" />
<wpr uId="218" tId="1" fbRx="7.000728007" lbRx="0" />
<wpr uId="218" tId="0" fbRx="7.000728024" lbRx="0" />
<wpr uId="218" tId="5" fbRx="7.000728027" lbRx="0" />
<pr uId="219" fId="0" fbTx="7.000800024" />
<wpr uId="219" tId="1" fbRx="7.000804041" lbRx="0" />
<wpr uId="219" tId="5" fbRx="7.000804041" lbRx="0" />
<wpr uId="219" tId="2" fbRx="7.000804057" lbRx="0" />
<wpr uId="219" tId="3" fbRx="7.000804074" lbRx="0" />
<wpr uId="219" tId="4" fbRx="7.000804091" lbRx="0" />
<pr uId="220" fId="0" fbTx="7.000889024" />
<wpr uId="220" tId="1" fbRx="7.000893041" lbRx="0" />
<wpr uId="220" tId="5" fbRx="7.000893041" lbRx="0" />
<wpr uId="220" tId="2" fbRx="7.000893057" lbRx="0" />
<wpr uId="220" tId="3" fbRx="7.000893074" lbRx="0" />
<wpr uId="220" tId="4" fbRx="7.000893091" lbRx="0" />
<pr uId="221" fId="1" fbTx="7.000965041" />
<wpr uId="221" tId="0" fbRx="7.000969058" lbRx="0" />
<wpr uId="221" tId="2" fbRx="7.000969058" lbRx="0" />
<wpr uId="221" tId="5" fbRx="7.000969065" lbRx="0" />
<wpr uId="221" tId="3" fbRx="7.000969074" lbRx="0" />
<wpr uId="221" tId="4" fbRx="7.000969091" lbRx="0" />
<pr uId="222" fId="4" fbTx="7.001036091" />
<wpr uId="222" tId="3" fbRx="7.001040108" lbRx="0" />
<wpr uId="222" tId="2" fbRx="7.001040124" lbRx="0" />
<wpr uId="222" tId="1" fbRx="7.001040141" lbRx="0" />
<wpr uId="222" tId="0" fbRx="7.001040158" lbRx="0" />
<wpr uId="222" tId="5" fbRx="7.00104016" lbRx="0" />
<pr uId="223" fId="0" fbTx="7.001128158" />
<wpr uId="223" tId="1" fbRx="7.001132175" lbRx="0" />
<wpr uId="223" tId="5" fbRx="7.001132175" lbRx="0" />
<wpr uId="223" tId="2" fbRx="7.001132191" lbRx="0" />
<wpr uId="223" tId="3" fbRx="7.001132208" lbRx="0" />
<wpr uId="223" tId="4" fbRx="7.001132225" lbRx="0" />
<pr uId="224" fId="0" fbTx="7.001253158" />
<wpr uId="224" tId="1" fbRx="7.001257175" lbRx="0" />
<wpr uId="224" tId="5" fbRx="7.001257175" lbRx="0" />
<wpr uId="224" tId="2" fbRx="7.001257191" lbRx="0" />
<wpr uId="224" tId="3" fbRx="7.001257208" lbRx="0" />
<wpr uId="224" tId="4" fbRx="7.001257225" lbRx="0" />
<pr uId="225" fId="5" fbTx="7.001329175" />
<wpr uId="225" tId="0" fbRx="7.001333192" lbRx="0" />
<wpr uId="225" tId="1" fbRx="7.001333199" lbRx="0" />
<wpr uId="225" tId="2" fbRx="7.001333212" lbRx="0" />
<wpr uId="225" tId="3" fbRx="7.001333228" lbRx="0" />
<wpr uId="225" tId="4" fbRx="7.001333244" lbRx="0" />
<pr uId="226" fId="0" fbTx="7.001418192" />
<wpr uId="226" tId="1" fbRx="7.001422209" lbRx="0" />
<wpr uId="226" tId="5" fbRx="7.001422209" lbRx="0" />
<wpr uId="226" tId="2" fbRx="7.001422225" lbRx="0" />
<wpr uId="226" tId="3" fbRx="7.001422242" lbRx="0" />
<wpr uId="226" tId="4" fbRx="7.001422259" lbRx="0" />
<pr uId="227" fId="3" fbTx="7.001494242" />
<wpr uId="227" tId="2" fbRx="7.001498259" lbRx="0" />
<wpr uId="227" tId="4" fbRx="7.001498259" lbRx="0" />
<wpr uId="227" tId="1" fbRx="7.001498275" lbRx="0" />
<wpr uId="227" tId="0" fbRx="7.001498292" lbRx="0" />
<wpr uId="227" tId="5" fbRx="7.001498295" lbRx="0" />
<pr uId="228" fId="0" fbTx="7.001673292" />
<wpr uId="228" tId="1" fbRx="7.001677309" lbRx="0" />
<wpr uId="228" tId="5" fbRx="7.001677309" lbRx="0" />
<wpr uId="228" tId="2" fbRx="7.001677325" lbRx="0" />
<wpr uId="228" tId="3" fbRx="7.001677342" lbRx="0" />
<wpr uId="228" tId="4" fbRx="7.001677359" lbRx="0" />
<pr uId="229" fId="4" fbTx="7.001765359" />
<wpr uId="229" tId="3" fbRx="7.001769376" lbRx="0" />
<wpr uId="229" tId="2" fbRx="7.001769392" lbRx="0" />
<wpr uId="229" tId="1" fbRx="7.001769409" lbRx="0" />
<wpr uId="229" tId="0" fbRx="7.001769426" lbRx="0" />
<wpr uId="229" tId="5" fbRx="7.001769428" lbRx="0" />
<pr uId="230" fId="2" fbTx="7.001890392" />
<wpr uId="230" tId="1" fbRx="7.001894409" lbRx="0" />
<wpr uId="230" tId="3" fbRx="7.001894409" lbRx="0" />
<wpr uId="230" tId="0" fbRx="7.001894425" lbRx="0" />
<wpr uId="230" tId="4" fbRx="7.001894425" lbRx="0" />
<wpr uId="230" tId="5" fbRx="7.001894429" lbRx="0" />
<pr uId="231" fId="0" fbTx="7.001966425" />
<wpr uId="231" tId="1" fbRx="7.001970442" lbRx="0" />
<wpr uId="231" tId="5" fbRx="7.001970442" lbRx="0" />
<wpr uId="231" tId="2" fbRx="7.001970458" lbRx="0" />
<wpr uId="231" tId="3" fbRx="7.001970475" lbRx="0" />
<wpr uId="231" tId="4" fbRx="7.001970492" lbRx="0" />
<pr uId="232" fId="0" fbTx="7.002037425" />
<wpr uId="232" tId="1" fbRx="7.002041442" lbRx="0" />
<wpr uId="232" tId="5" fbRx="7.002041442" lbRx="0" />
<wpr uId="232" tId="2" fbRx="7.002041458" lbRx="0" />
<wpr uId="232" tId="3" fbRx="7.002041475" lbRx="0" />
<wpr uId="232" tId="4" fbRx="7.002041492" lbRx="0" />
<pr uId="233" fId="2" fbTx="7.002113458" />
<wpr uId="233" tId="1" fbRx="7.002117475" lbRx="0" />
<wpr uId="233" tId="3" fbRx="7.002117475" lbRx="0" />
<wpr uId="233" tId="0" fbRx="7.002117491" lbRx="0" />
<wpr uId="233" tId="4" fbRx="7.002117491" lbRx="0" />
<wpr uId="233" tId="5" fbRx="7.002117495" lbRx="0" />
<pr uId="234" fId="2" fbTx="8.000005458" />
<pr uId="235" fId="1" fbTx="8.000005475" />
<pr uId="236" fId="3" fbTx="8.000005475" />
<pr uId="237" fId="4" fbTx="8.000005491" />
<pr uId="238" fId="5" fbTx="8.000005495" />
<pr uId="239" fId="1" fbTx="8.000162475" />
<wpr uId="239" tId="0" fbRx="8.000166492" lbRx="0" />
<wpr uId="239" tId="2" fbRx="8.000166492" lbRx="0" />
<wpr uId="239" tId="5" fbRx="8.000166499" lbRx="0" />
<wpr uId="239" tId="3" fbRx="8.000166508" lbRx="0" />
<wpr uId="239" tId="4" fbRx="8.000166525" lbRx="0" />
<pr uId="240" fId="0" fbTx="8.000238492" />
<wpr uId="240" tId="1" fbRx="8.000242509" lbRx="0" />
<wpr uId="240" tId="5" fbRx="8.000242509" lbRx="0" />
<wpr uId="240" tId="2" fbRx="8.000242525" lbRx="0" />
<wpr uId="240" tId="3" fbRx="8.000242542" lbRx="0" />
<wpr uId="240" tId="4" fbRx="8.000242559" lbRx="0" />
<pr uId="241" fId="0" fbTx="8.000309492" />
<wpr uId="241" tId="1" fbRx="8.000313509" lbRx="0" />
<wpr uId="241" tId="5" fbRx="8.000313509" lbRx="0" />
<wpr uId="241" tId="2" fbRx="8.000313525" lbRx="0" />
<wpr uId="241" tId="3" fbRx="8.000313542" lbRx="0" />
<wpr uId="241" tId="4" fbRx="8.000313559" lbRx="0" />
<pr uId="242" fId="1" fbTx="8.000385509" />
<wpr uId="242" tId="0" fbRx="8.000389526" lbRx="0" />
<wpr uId="242" tId="2" fbRx="8.000389526" lbRx="0" />
<wpr uId="242" tId="5" fbRx="8.000389533" lbRx="0" />
<wpr uId="242" tId="3" fbRx="8.000389542" lbRx="0" />
<wpr uId="242" tId="4" fbRx="8.000389559" lbRx="0" />
<pr uId="243" fId="2" fbTx="8.000492526" />
<wpr uId="243" tId="1" fbRx="8.000496543" lbRx="0" />
<wpr uId="243" tId="3" fbRx="8.000496543" lbRx="0" />
<wpr uId="243" tId="0" fbRx="8.000496559" lbRx="0" />
<wpr uId="243" tId="4" fbRx="8.000496559" lbRx="0" />
<wpr uId="243" tId="5" fbRx="8.000496563" lbRx="0" />
<pr uId="244" fId="0" fbTx="8.000568559" />
<wpr uId="244" tId="1" fbRx="8.000572576" lbRx="0" />
<wpr uId="244" tId="5" fbRx="8.000572576" lbRx="0" />
<wpr uId="244" tId="2" fbRx="8.000572592" lbRx="0" />
<wpr uId="244" tId="3" fbRx="8.000572609" lbRx="0" />
<wpr uId="244" tId="4" fbRx="8.000572626" lbRx="0" />
<pr uId="245" fId="0" fbTx="8.000639559" />
<wpr uId="245" tId="1" fbRx="8.000643576" lbRx="0" />
<wpr uId="245" tId="5" fbRx="8.000643576" lbRx="0" />
<wpr uId="245" tId="2" fbRx="8.000643592" lbRx="0" />
<wpr uId="245" tId="3" fbRx="8.000643609" lbRx="0" />
<wpr uId="245" tId="4" fbRx="8.000643626" lbRx="0" />
<pr uId="246" fId="2" fbTx="8.000715592" />
<wpr uId="246" tId="1" fbRx="8.000719609" lbRx="0" />
<wpr uId="246" tId="3" fbRx="8.000719609" lbRx="0" />
<wpr uId="246" tId="0" fbRx="8.000719625" lbRx="0" />
<wpr uId="246" tId="4" fbRx="8.000719625" lbRx="0" />
<wpr uId="246" tId="5" fbRx="8.000719629" lbRx="0" />
<pr uId="247" fId="3" fbTx="8.000811609" />
<wpr uId="247" tId="2" fbRx="8.000815626" lbRx="0" />
<wpr uId="247" tId="4" fbRx="8.000815626" lbRx="0" />
<wpr uId="247" tId="1" fbRx="8.000815642" lbRx="0" />
<wpr uId="247" tId="0" fbRx="8.000815659" lbRx="0" />
<wpr uId="247" tId="5" fbRx="8.000815662" lbRx="0" />
<pr uId="248" fId="0" fbTx="8.000887659" />
<wpr uId="248" tId="1" fbRx="8.000891676" lbRx="0" />
<wpr uId="248" tId="5" fbRx="8.000891676" lbRx="0" />
<wpr uId="248" tId="2" fbRx="8.000891692" lbRx="0" />
<wpr uId="248" tId="3" fbRx="8.000891709" lbRx="0" />
<wpr uId="248" tId="4" fbRx="8.000891726" lbRx="0" />
<pr uId="249" fId="0" fbTx="8.000985659" />
<wpr uId="249" tId="1" fbRx="8.000989676" lbRx="0" />
<wpr uId="249" tId="5" fbRx="8.000989676" lbRx="0" />
<wpr uId="249" tId="2" fbRx="8.000989692" lbRx="0" />
<wpr uId="249" tId="3" fbRx="8.000989709" lbRx="0" />
<wpr uId="249" tId="4" fbRx="8.000989726" lbRx="0" />
<pr uId="250" fId="3" fbTx="8.001061709" />
<wpr uId="250" tId="2" fbRx="8.001065726" lbRx="0" />
<wpr uId="250" tId="4" fbRx="8.001065726" lbRx="0" />
<wpr uId="250" tId="1" fbRx="8.001065742" lbRx="0" />
<wpr uId="250" tId="0" fbRx="8.001065759" lbRx="0" />
<wpr uId="250" tId="5" fbRx="8.001065762" lbRx="0" />
<pr uId="251" fId="5" fbTx="8.001240762" />
<wpr uId="251" tId="0" fbRx="8.001244779" lbRx="0" />
<wpr uId="251" tId="1" fbRx="8.001244786" lbRx="0" />
<wpr uId="251" tId="2" fbRx="8.001244799" lbRx="0" />
<wpr uId="251" tId="3" fbRx="8.001244815" lbRx="0" />
<wpr uId="251" tId="4" fbRx="8.001244831" lbRx="0" />
<pr uId="252" fId="0" fbTx="8.001316779" />
<wpr uId="252" tId="1" fbRx="8.001320796" lbRx="0" />
<wpr uId="252" tId="5" fbRx="8.001320796" lbRx="0" />
<wpr uId="252" tId="2" fbRx="8.001320812" lbRx="0" />
<wpr uId="252" tId="3" fbRx="8.001320829" lbRx="0" />
<wpr uId="252" tId="4" fbRx="8.001320846" lbRx="0" />
<pr uId="253" fId="0" fbTx="8.001387779" />
<wpr uId="253" tId="1" fbRx="8.001391796" lbRx="0" />
<wpr uId="253" tId="5" fbRx="8.001391796" lbRx="0" />
<wpr uId="253" tId="2" fbRx="8.001391812" lbRx="0" />
<wpr uId="253" tId="3" fbRx="8.001391829" lbRx="0" />
<wpr uId="253" tId="4" fbRx="8.001391846" lbRx="0" />
<pr uId="254" fId="5" fbTx="8.001463796" />
<wpr uId="254" tId="0" fbRx="8.001467813" lbRx="0" />
<wpr uId="254" tId="1" fbRx="8.00146782" lbRx="0" />
<wpr uId="254" tId="2" fbRx="8.001467833" lbRx="0" />
<wpr uId="254" tId="3" fbRx="8.001467849" lbRx="0" />
<wpr uId="254" tId="4" fbRx="8.001467865" lbRx="0" />
<pr uId="255" fId="4" fbTx="8.001559846" />
<wpr uId="255" tId="3" fbRx="8.001563863" lbRx="0" />
<wpr uId="255" tId="2" fbRx="8.001563879" lbRx="0" />
<wpr uId="255" tId="1" fbRx="8.001563896" lbRx="0" />
<wpr uId="255" tId="0" fbRx="8.001563913" lbRx="0" />
<wpr uId="255" tId="5" fbRx="8.001563915" lbRx="0" />
<pr uId="256" fId="0" fbTx="8.001651913" />
<wpr uId="256" tId="1" fbRx="8.00165593" lbRx="0" />
<wpr uId="256" tId="5" fbRx="8.00165593" lbRx="0" />
<wpr uId="256" tId="2" fbRx="8.001655946" lbRx="0" />
<wpr uId="256" tId="3" fbRx="8.001655963" lbRx="0" />
<wpr uId="256" tId="4" fbRx="8.00165598" lbRx="0" />
<pr uId="257" fId="0" fbTx="8.001767913" />
<wpr uId="257" tId="1" fbRx="8.00177193" lbRx="0" />
<wpr uId="257" tId="5" fbRx="8.00177193" lbRx="0" />
<wpr uId="257" tId="2" fbRx="8.001771946" lbRx="0" />
<wpr uId="257" tId="3" fbRx="8.001771963" lbRx="0" />
<wpr uId="257" tId="4" fbRx="8.00177198" lbRx="0" />
<pr uId="258" fId="4" fbTx="8.00185998" />
<wpr uId="258" tId="3" fbRx="8.001863997" lbRx="0" />
<wpr uId="258" tId="2" fbRx="8.001864013" lbRx="0" />
<wpr uId="258" tId="1" fbRx="8.00186403" lbRx="0" />
<wpr uId="258" tId="0" fbRx="8.001864047" lbRx="0" />
<wpr uId="258" tId="5" fbRx="8.001864049" lbRx="0" />
<pr uId="259" fId="4" fbTx="9.00000398" />
<pr uId="260" fId="3" fbTx="9.000003997" />
<pr uId="261" fId="2" fbTx="9.000004013" />
<pr uId="262" fId="1" fbTx="9.00000403" />
<pr uId="263" fId="5" fbTx="9.000004049" />
<pr uId="264" fId="2" fbTx="9.000206013" />
<wpr uId="264" tId="1" fbRx="9.00021003" lbRx="0" />
<wpr uId="264" tId="3" fbRx="9.00021003" lbRx="0" />
<wpr uId="264" tId="0" fbRx="9.000210046" lbRx="0" />
<wpr uId="264" tId="4" fbRx="9.000210046" lbRx="0" />
<wpr uId="264" tId="5" fbRx="9.00021005" lbRx="0" />
<pr uId="265" fId="0" fbTx="9.000282046" />
<wpr uId="265" tId="1" fbRx="9.000286063" lbRx="0" />
<wpr uId="265" tId="5" fbRx="9.000286063" lbRx="0" />
<wpr uId="265" tId="2" fbRx="9.000286079" lbRx="0" />
<wpr uId="265" tId="3" fbRx="9.000286096" lbRx="0" />
<wpr uId="265" tId="4" fbRx="9.000286113" lbRx="0" />
<pr uId="266" fId="0" fbTx="9.000353046" />
<wpr uId="266" tId="1" fbRx="9.000357063" lbRx="0" />
<wpr uId="266" tId="5" fbRx="9.000357063" lbRx="0" />
<wpr uId="266" tId="2" fbRx="9.000357079" lbRx="0" />
<wpr uId="266" tId="3" fbRx="9.000357096" lbRx="0" />
<wpr uId="266" tId="4" fbRx="9.000357113" lbRx="0" />
<pr uId="267" fId="2" fbTx="9.000429079" />
<wpr uId="267" tId="1" fbRx="9.000433096" lbRx="0" />
<wpr uId="267" tId="3" fbRx="9.000433096" lbRx="0" />
<wpr uId="267" tId="0" fbRx="9.000433112" lbRx="0" />
<wpr uId="267" tId="4" fbRx="9.000433112" lbRx="0" />
<wpr uId="267" tId="5" fbRx="9.000433116" lbRx="0" />
<pr uId="268" fId="1" fbTx="9.000509096" />
<wpr uId="268" tId="0" fbRx="9.000513113" lbRx="0" />
<wpr uId="268" tId="2" fbRx="9.000513113" lbRx="0" />
<wpr uId="268" tId="5" fbRx="9.00051312" lbRx="0" />
<wpr uId="268" tId="3" fbRx="9.000513129" lbRx="0" />
<wpr uId="268" tId="4" fbRx="9.000513146" lbRx="0" />
<pr uId="269" fId="0" fbTx="9.000585113" />
<wpr uId="269" tId="1" fbRx="9.00058913" lbRx="0" />
<wpr uId="269" tId="5" fbRx="9.00058913" lbRx="0" />
<wpr uId="269" tId="2" fbRx="9.000589146" lbRx="0" />
<wpr uId="269" tId="3" fbRx="9.000589163" lbRx="0" />
<wpr uId="269" tId="4" fbRx="9.00058918" lbRx="0" />
<pr uId="270" fId="4" fbTx="9.00068318" />
<wpr uId="270" tId="3" fbRx="9.000687197" lbRx="0" />
<wpr uId="270" tId="2" fbRx="9.000687213" lbRx="0" />
<wpr uId="270" tId="1" fbRx="9.00068723" lbRx="0" />
<wpr uId="270" tId="0" fbRx="9.000687247" lbRx="0" />
<wpr uId="270" tId="5" fbRx="9.000687249" lbRx="0" />
<pr uId="271" fId="0" fbTx="9.000775247" />
<wpr uId="271" tId="1" fbRx="9.000779264" lbRx="0" />
<wpr uId="271" tId="5" fbRx="9.000779264" lbRx="0" />
<wpr uId="271" tId="2" fbRx="9.00077928" lbRx="0" />
<wpr uId="271" tId="3" fbRx="9.000779297" lbRx="0" />
<wpr uId="271" tId="4" fbRx="9.000779314" lbRx="0" />
<pr uId="272" fId="5" fbTx="9.000909264" />
<wpr uId="272" tId="0" fbRx="9.000913281" lbRx="0" />
<wpr uId="272" tId="1" fbRx="9.000913288" lbRx="0" />
<wpr uId="272" tId="2" fbRx="9.000913301" lbRx="0" />
<wpr uId="272" tId="3" fbRx="9.000913317" lbRx="0" />
<wpr uId="272" tId="4" fbRx="9.000913333" lbRx="0" />
<pr uId="273" fId="0" fbTx="9.000985281" />
<wpr uId="273" tId="1" fbRx="9.000989298" lbRx="0" />
<wpr uId="273" tId="5" fbRx="9.000989298" lbRx="0" />
<wpr uId="273" tId="2" fbRx="9.000989314" lbRx="0" />
<wpr uId="273" tId="3" fbRx="9.000989331" lbRx="0" />
<wpr uId="273" tId="4" fbRx="9.000989348" lbRx="0" />
<pr uId="274" fId="0" fbTx="9.001065281" />
<wpr uId="274" tId="1" fbRx="9.001069298" lbRx="0" />
<wpr uId="274" tId="5" fbRx="9.001069298" lbRx="0" />
<wpr uId="274" tId="2" fbRx="9.001069314" lbRx="0" />
<wpr uId="274" tId="3" fbRx="9.001069331" lbRx="0" />
<wpr uId="274" tId="4" fbRx="9.001069348" lbRx="0" />
<pr uId="275" fId="1" fbTx="9.001141298" />
<wpr uId="275" tId="0" fbRx="9.001145315" lbRx="0" />
<wpr uId="275" tId="2" fbRx="9.001145315" lbRx="0" />
<wpr uId="275" tId="5" fbRx="9.001145322" lbRx="0" />
<wpr uId="275" tId="3" fbRx="9.001145331" lbRx="0" />
<wpr uId="275" tId="4" fbRx="9.001145348" lbRx="0" />
<pr uId="276" fId="3" fbTx="9.001237331" />
<wpr uId="276" tId="2" fbRx="9.001241348" lbRx="0" />
<wpr uId="276" tId="4" fbRx="9.001241348" lbRx="0" />
<wpr uId="276" tId="1" fbRx="9.001241364" lbRx="0" />
<wpr uId="276" tId="0" fbRx="9.001241381" lbRx="0" />
<wpr uId="276" tId="5" fbRx="9.001241384" lbRx="0" />
<pr uId="277" fId="0" fbTx="9.001313381" />
<wpr uId="277" tId="1" fbRx="9.001317398" lbRx="0" />
<wpr uId="277" tId="5" fbRx="9.001317398" lbRx="0" />
<wpr uId="277" tId="2" fbRx="9.001317414" lbRx="0" />
<wpr uId="277" tId="3" fbRx="9.001317431" lbRx="0" />
<wpr uId="277" tId="4" fbRx="9.001317448" lbRx="0" />
<pr uId="278" fId="0" fbTx="9.001465381" />
<wpr uId="278" tId="1" fbRx="9.001469398" lbRx="0" />
<wpr uId="278" tId="5" fbRx="9.001469398" lbRx="0" />
<wpr uId="278" tId="2" fbRx="9.001469414" lbRx="0" />
<wpr uId="278" tId="3" fbRx="9.001469431" lbRx="0" />
<wpr uId="278" tId="4" fbRx="9.001469448" lbRx="0" />
<pr uId="279" fId="4" fbTx="9.001557448" />
<wpr uId="279" tId="3" fbRx="9.001561465" lbRx="0" />
<wpr uId="279" tId="2" fbRx="9.001561481" lbRx="0" />
<wpr uId="279" tId="1" fbRx="9.001561498" lbRx="0" />
<wpr uId="279" tId="0" fbRx="9.001561515" lbRx="0" />
<wpr uId="279" tId="5" fbRx="9.001561517" lbRx="0" />
<pr uId="280" fId="0" fbTx="9.001727515" />
<wpr uId="280" tId="1" fbRx="9.001731532" lbRx="0" />
<wpr uId="280" tId="5" fbRx="9.001731532" lbRx="0" />
<wpr uId="280" tId="2" fbRx="9.001731548" lbRx="0" />
<wpr uId="280" tId="3" fbRx="9.001731565" lbRx="0" />
<wpr uId="280" tId="4" fbRx="9.001731582" lbRx="0" />
<pr uId="281" fId="5" fbTx="9.001803532" />
<wpr uId="281" tId="0" fbRx="9.001807549" lbRx="0" />
<wpr uId="281" tId="1" fbRx="9.001807556" lbRx="0" />
<wpr uId="281" tId="2" fbRx="9.001807569" lbRx="0" />
<wpr uId="281" tId="3" fbRx="9.001807585" lbRx="0" />
<wpr uId="281" tId="4" fbRx="9.001807601" lbRx="0" />
<pr uId="282" fId="0" fbTx="9.001892549" />
<wpr uId="282" tId="1" fbRx="9.001896566" lbRx="0" />
<wpr uId="282" tId="5" fbRx="9.001896566" lbRx="0" />
<wpr uId="282" tId="2" fbRx="9.001896582" lbRx="0" />
<wpr uId="282" tId="3" fbRx="9.001896599" lbRx="0" />
<wpr uId="282" tId="4" fbRx="9.001896616" lbRx="0" />
<pr uId="283" fId="3" fbTx="9.001968599" />
<wpr uId="283" tId="2" fbRx="9.001972616" lbRx="0" />
<wpr uId="283" tId="4" fbRx="9.001972616" lbRx="0" />
<wpr uId="283" tId="1" fbRx="9.001972632" lbRx="0" />
<wpr uId="283" tId="0" fbRx="9.001972649" lbRx="0" />
<wpr uId="283" tId="5" fbRx="9.001972652" lbRx="0" />
<pr uId="284" fId="3" fbTx="10.0000046" />
<pr uId="285" fId="2" fbTx="10.00000462" />
<pr uId="286" fId="4" fbTx="10.00000462" />
<pr uId="287" fId="1" fbTx="10.00000463" />
<pr uId="288" fId="5" fbTx="10.00000465" />
<pr uId="289" fId="4" fbTx="10.00016862" />
<wpr uId="289" tId="3" fbRx="10.00017263" lbRx="0" />
<wpr uId="289" tId="2" fbRx="10.00017265" lbRx="0" />
<wpr uId="289" tId="1" fbRx="10.00017267" lbRx="0" />
<wpr uId="289" tId="0" fbRx="10.00017268" lbRx="0" />
<wpr uId="289" tId="5" fbRx="10.00017269" lbRx="0" />
<pr uId="290" fId="0" fbTx="10.00026068" />
<wpr uId="290" tId="1" fbRx="10.0002647" lbRx="0" />
<wpr uId="290" tId="5" fbRx="10.0002647" lbRx="0" />
<wpr uId="290" tId="2" fbRx="10.00026472" lbRx="0" />
<wpr uId="290" tId="3" fbRx="10.00026473" lbRx="0" />
<wpr uId="290" tId="4" fbRx="10.00026475" lbRx="0" />
<pr uId="291" fId="0" fbTx="10.00033168" />
<pr uId="292" fId="2" fbTx="10.00033172" />
<wpr uId="291" tId="5" fbRx="10.0003357" lbRx="0" />
<wpr uId="292" tId="3" fbRx="10.00033573" lbRx="0" />
<wpr uId="292" tId="4" fbRx="10.00033575" lbRx="0" />
<pr uId="293" fId="2" fbTx="10.00065972" />
<wpr uId="293" tId="1" fbRx="10.00066373" lbRx="0" />
<wpr uId="293" tId="3" fbRx="10.00066373" lbRx="0" />
<wpr uId="293" tId="0" fbRx="10.00066375" lbRx="0" />
<wpr uId="293" tId="4" fbRx="10.00066375" lbRx="0" />
<wpr uId="293" tId="5" fbRx="10.00066375" lbRx="0" />
<pr uId="294" fId="0" fbTx="10.00073575" />
<wpr uId="294" tId="1" fbRx="10.00073977" lbRx="0" />
<wpr uId="294" tId="5" fbRx="10.00073977" lbRx="0" />
<wpr uId="294" tId="2" fbRx="10.00073978" lbRx="0" />
<wpr uId="294" tId="3" fbRx="10.0007398" lbRx="0" />
<wpr uId="294" tId="4" fbRx="10.00073982" lbRx="0" />
<pr uId="295" fId="1" fbTx="10.00082477" />
<pr uId="296" fId="3" fbTx="10.0008248" />
<wpr uId="295" tId="0" fbRx="10.00082878" lbRx="0" />
<wpr uId="295" tId="5" fbRx="10.00082879" lbRx="0" />
<wpr uId="296" tId="4" fbRx="10.00082882" lbRx="0" />
<pr uId="297" fId="5" fbTx="10.00098779" />
<wpr uId="297" tId="0" fbRx="10.00099181" lbRx="0" />
<wpr uId="297" tId="1" fbRx="10.00099181" lbRx="0" />
<wpr uId="297" tId="2" fbRx="10.00099183" lbRx="0" />
<wpr uId="297" tId="3" fbRx="10.00099184" lbRx="0" />
<wpr uId="297" tId="4" fbRx="10.00099186" lbRx="0" />
<pr uId="298" fId="0" fbTx="10.00106381" />
<wpr uId="298" tId="1" fbRx="10.00106782" lbRx="0" />
<wpr uId="298" tId="5" fbRx="10.00106782" lbRx="0" />
<wpr uId="298" tId="2" fbRx="10.00106784" lbRx="0" />
<wpr uId="298" tId="3" fbRx="10.00106786" lbRx="0" />
<wpr uId="298" tId="4" fbRx="10.00106787" lbRx="0" />
<pr uId="299" fId="0" fbTx="10.00120681" />
<wpr uId="299" tId="1" fbRx="10.00121082" lbRx="0" />
<wpr uId="299" tId="5" fbRx="10.00121082" lbRx="0" />
<wpr uId="299" tId="2" fbRx="10.00121084" lbRx="0" />
<wpr uId="299" tId="3" fbRx="10.00121086" lbRx="0" />
<wpr uId="299" tId="4" fbRx="10.00121087" lbRx="0" />
<pr uId="300" fId="4" fbTx="10.00129887" />
<wpr uId="300" tId="3" fbRx="10.00130289" lbRx="0" />
<wpr uId="300" tId="2" fbRx="10.00130291" lbRx="0" />
<wpr uId="300" tId="1" fbRx="10.00130292" lbRx="0" />
<wpr uId="300" tId="0" fbRx="10.00130294" lbRx="0" />
<wpr uId="300" tId="5" fbRx="10.00130294" lbRx="0" />
<pr uId="301" fId="1" fbTx="10.00140592" />
<wpr uId="301" tId="0" fbRx="10.00140994" lbRx="0" />
<wpr uId="301" tId="2" fbRx="10.00140994" lbRx="0" />
<wpr uId="301" tId="5" fbRx="10.00140995" lbRx="0" />
<wpr uId="301" tId="3" fbRx="10.00140996" lbRx="0" />
<wpr uId="301" tId="4" fbRx="10.00140997" lbRx="0" />
<pr uId="302" fId="0" fbTx="10.00148194" />
<wpr uId="302" tId="1" fbRx="10.00148596" lbRx="0" />
<wpr uId="302" tId="5" fbRx="10.00148596" lbRx="0" />
<wpr uId="302" tId="2" fbRx="10.00148597" lbRx="0" />
<wpr uId="302" tId="3" fbRx="10.00148599" lbRx="0" />
<wpr uId="302" tId="4" fbRx="10.00148601" lbRx="0" />
<pr uId="303" fId="0" fbTx="10.00156194" />
<wpr uId="303" tId="1" fbRx="10.00156596" lbRx="0" />
<wpr uId="303" tId="5" fbRx="10.00156596" lbRx="0" />
<wpr uId="303" tId="2" fbRx="10.00156597" lbRx="0" />
<wpr uId="303" tId="3" fbRx="10.00156599" lbRx="0" />
<wpr uId="303" tId="4" fbRx="10.00156601" lbRx="0" />
<pr uId="304" fId="2" fbTx="10.00163797" />
<wpr uId="304" tId="1" fbRx="10.00164199" lbRx="0" />
<wpr uId="304" tId="3" fbRx="10.00164199" lbRx="0" />
<wpr uId="304" tId="0" fbRx="10.00164201" lbRx="0" />
<wpr uId="304" tId="4" fbRx="10.00164201" lbRx="0" />
<wpr uId="304" tId="5" fbRx="10.00164201" lbRx="0" />
<pr uId="305" fId="0" fbTx="10.00173601" />
<wpr uId="305" tId="1" fbRx="10.00174002" lbRx="0" />
<wpr uId="305" tId="5" fbRx="10.00174002" lbRx="0" />
<wpr uId="305" tId="2" fbRx="10.00174004" lbRx="0" />
<wpr uId="305" tId="3" fbRx="10.00174006" lbRx="0" />
<wpr uId="305" tId="4" fbRx="10.00174007" lbRx="0" />
<pr uId="306" fId="5" fbTx="10.00181202" />
<wpr uId="306" tId="0" fbRx="10.00181604" lbRx="0" />
<wpr uId="306" tId="1" fbRx="10.00181605" lbRx="0" />
<wpr uId="306" tId="2" fbRx="10.00181606" lbRx="0" />
<wpr uId="306" tId="3" fbRx="10.00181608" lbRx="0" />
<wpr uId="306" tId="4" fbRx="10.00181609" lbRx="0" />
<pr uId="307" fId="0" fbTx="10.00188304" />
<wpr uId="307" tId="1" fbRx="10.00188706" lbRx="0" />
<wpr uId="307" tId="5" fbRx="10.00188706" lbRx="0" />
<wpr uId="307" tId="2" fbRx="10.00188707" lbRx="0" />
<wpr uId="307" tId="3" fbRx="10.00188709" lbRx="0" />
<wpr uId="307" tId="4" fbRx="10.00188711" lbRx="0" />
<pr uId="308" fId="1" fbTx="10.00195906" />
<wpr uId="308" tId="0" fbRx="10.00196308" lbRx="0" />
<wpr uId="308" tId="2" fbRx="10.00196308" lbRx="0" />
<wpr uId="308" tId="5" fbRx="10.00196308" lbRx="0" />
<wpr uId="308" tId="3" fbRx="10.00196309" lbRx="0" />
<wpr uId="308" tId="4" fbRx="10.00196311" lbRx="0" />
<pr uId="309" fId="3" fbTx="10.00218309" />
<wpr uId="309" tId="2" fbRx="10.00218711" lbRx="0" />
<wpr uId="309" tId="4" fbRx="10.00218711" lbRx="0" />
<wpr uId="309" tId="1" fbRx="10.00218712" lbRx="0" />
<wpr uId="309" tId="0" fbRx="10.00218714" lbRx="0" />
<wpr uId="309" tId="5" fbRx="10.00218714" lbRx="0" />
<pr uId="310" fId="0" fbTx="10.00225914" />
<wpr uId="310" tId="1" fbRx="10.00226316" lbRx="0" />
<wpr uId="310" tId="5" fbRx="10.00226316" lbRx="0" />
<wpr uId="310" tId="2" fbRx="10.00226317" lbRx="0" />
<wpr uId="310" tId="3" fbRx="10.00226319" lbRx="0" />
<wpr uId="310" tId="4" fbRx="10.00226321" lbRx="0" />
<pr uId="311" fId="0" fbTx="10.00233014" />
<wpr uId="311" tId="1" fbRx="10.00233416" lbRx="0" />
<wpr uId="311" tId="5" fbRx="10.00233416" lbRx="0" />
<wpr uId="311" tId="2" fbRx="10.00233417" lbRx="0" />
<wpr uId="311" tId="3" fbRx="10.00233419" lbRx="0" />
<wpr uId="311" tId="4" fbRx="10.00233421" lbRx="0" />
<pr uId="312" fId="3" fbTx="10.00240619" />
<wpr uId="312" tId="2" fbRx="10.00241021" lbRx="0" />
<wpr uId="312" tId="4" fbRx="10.00241021" lbRx="0" />
<wpr uId="312" tId="1" fbRx="10.00241022" lbRx="0" />
<wpr uId="312" tId="0" fbRx="10.00241024" lbRx="0" />
<wpr uId="312" tId="5" fbRx="10.00241024" lbRx="0" />
<pr uId="313" fId="3" fbTx="11.00000119" />
<pr uId="314" fId="2" fbTx="11.00000121" />
<pr uId="315" fId="4" fbTx="11.00000121" />
<pr uId="316" fId="1" fbTx="11.00000122" />
<pr uId="317" fId="5" fbTx="11.00000124" />
<pr uId="318" fId="1" fbTx="11.00014922" />
<wpr uId="318" tId="0" fbRx="11.00015324" lbRx="0" />
<wpr uId="318" tId="2" fbRx="11.00015324" lbRx="0" />
<wpr uId="318" tId="5" fbRx="11.00015325" lbRx="0" />
<wpr uId="318" tId="3" fbRx="11.00015326" lbRx="0" />
<wpr uId="318" tId="4" fbRx="11.00015327" lbRx="0" />
<pr uId="319" fId="0" fbTx="11.00022524" />
<wpr uId="319" tId="1" fbRx="11.00022926" lbRx="0" />
<wpr uId="319" tId="5" fbRx="11.00022926" lbRx="0" />
<wpr uId="319" tId="2" fbRx="11.00022927" lbRx="0" />
<wpr uId="319" tId="3" fbRx="11.00022929" lbRx="0" />
<wpr uId="319" tId="4" fbRx="11.00022931" lbRx="0" />
<pr uId="320" fId="0" fbTx="11.00029624" />
<wpr uId="320" tId="1" fbRx="11.00030026" lbRx="0" />
<wpr uId="320" tId="5" fbRx="11.00030026" lbRx="0" />
<wpr uId="320" tId="2" fbRx="11.00030027" lbRx="0" />
<wpr uId="320" tId="3" fbRx="11.00030029" lbRx="0" />
<wpr uId="320" tId="4" fbRx="11.00030031" lbRx="0" />
<pr uId="321" fId="1" fbTx="11.00037226" />
<wpr uId="321" tId="0" fbRx="11.00037628" lbRx="0" />
<wpr uId="321" tId="2" fbRx="11.00037628" lbRx="0" />
<wpr uId="321" tId="5" fbRx="11.00037628" lbRx="0" />
<wpr uId="321" tId="3" fbRx="11.00037629" lbRx="0" />
<wpr uId="321" tId="4" fbRx="11.00037631" lbRx="0" />
<pr uId="322" fId="5" fbTx="11.00047028" />
<wpr uId="322" tId="0" fbRx="11.0004743" lbRx="0" />
<wpr uId="322" tId="1" fbRx="11.00047431" lbRx="0" />
<wpr uId="322" tId="2" fbRx="11.00047432" lbRx="0" />
<wpr uId="322" tId="3" fbRx="11.00047433" lbRx="0" />
<wpr uId="322" tId="4" fbRx="11.00047435" lbRx="0" />
<pr uId="323" fId="0" fbTx="11.0005463" />
<wpr uId="323" tId="1" fbRx="11.00055032" lbRx="0" />
<wpr uId="323" tId="5" fbRx="11.00055032" lbRx="0" />
<wpr uId="323" tId="2" fbRx="11.00055033" lbRx="0" />
<wpr uId="323" tId="3" fbRx="11.00055035" lbRx="0" />
<wpr uId="323" tId="4" fbRx="11.00055037" lbRx="0" />
<pr uId="324" fId="3" fbTx="11.00061735" />
<wpr uId="324" tId="2" fbRx="11.00062137" lbRx="0" />
<wpr uId="324" tId="4" fbRx="11.00062137" lbRx="0" />
<wpr uId="324" tId="1" fbRx="11.00062138" lbRx="0" />
<wpr uId="324" tId="0" fbRx="11.0006214" lbRx="0" />
<wpr uId="324" tId="5" fbRx="11.0006214" lbRx="0" />
<pr uId="325" fId="0" fbTx="11.0006934" />
<wpr uId="325" tId="1" fbRx="11.00069742" lbRx="0" />
<wpr uId="325" tId="5" fbRx="11.00069742" lbRx="0" />
<wpr uId="325" tId="2" fbRx="11.00069743" lbRx="0" />
<wpr uId="325" tId="3" fbRx="11.00069745" lbRx="0" />
<wpr uId="325" tId="4" fbRx="11.00069747" lbRx="0" />
<pr uId="326" fId="0" fbTx="11.0007644" />
<wpr uId="326" tId="1" fbRx="11.00076842" lbRx="0" />
<wpr uId="326" tId="5" fbRx="11.00076842" lbRx="0" />
<wpr uId="326" tId="2" fbRx="11.00076843" lbRx="0" />
<wpr uId="326" tId="3" fbRx="11.00076845" lbRx="0" />
<wpr uId="326" tId="4" fbRx="11.00076847" lbRx="0" />
<pr uId="327" fId="5" fbTx="11.00084042" />
<wpr uId="327" tId="0" fbRx="11.00084443" lbRx="0" />
<wpr uId="327" tId="1" fbRx="11.00084444" lbRx="0" />
<wpr uId="327" tId="2" fbRx="11.00084445" lbRx="0" />
<wpr uId="327" tId="3" fbRx="11.00084447" lbRx="0" />
<wpr uId="327" tId="4" fbRx="11.00084449" lbRx="0" />
<pr uId="328" fId="0" fbTx="11.00101943" />
<wpr uId="328" tId="1" fbRx="11.00102345" lbRx="0" />
<wpr uId="328" tId="5" fbRx="11.00102345" lbRx="0" />
<wpr uId="328" tId="2" fbRx="11.00102347" lbRx="0" />
<wpr uId="328" tId="3" fbRx="11.00102348" lbRx="0" />
<wpr uId="328" tId="4" fbRx="11.0010235" lbRx="0" />
<pr uId="329" fId="3" fbTx="11.00109548" />
<wpr uId="329" tId="2" fbRx="11.0010995" lbRx="0" />
<wpr uId="329" tId="4" fbRx="11.0010995" lbRx="0" />
<wpr uId="329" tId="1" fbRx="11.00109952" lbRx="0" />
<wpr uId="329" tId="0" fbRx="11.00109953" lbRx="0" />
<wpr uId="329" tId="5" fbRx="11.00109954" lbRx="0" />
<pr uId="330" fId="2" fbTx="11.0011665" />
<wpr uId="330" tId="1" fbRx="11.00117052" lbRx="0" />
<wpr uId="330" tId="3" fbRx="11.00117052" lbRx="0" />
<wpr uId="330" tId="0" fbRx="11.00117053" lbRx="0" />
<wpr uId="330" tId="4" fbRx="11.00117053" lbRx="0" />
<wpr uId="330" tId="5" fbRx="11.00117054" lbRx="0" />
<pr uId="331" fId="0" fbTx="11.00124253" />
<wpr uId="331" tId="1" fbRx="11.00124655" lbRx="0" />
<wpr uId="331" tId="5" fbRx="11.00124655" lbRx="0" />
<wpr uId="331" tId="2" fbRx="11.00124657" lbRx="0" />
<wpr uId="331" tId="3" fbRx="11.00124658" lbRx="0" />
<wpr uId="331" tId="4" fbRx="11.0012466" lbRx="0" />
<pr uId="332" fId="0" fbTx="11.00133153" />
<wpr uId="332" tId="1" fbRx="11.00133555" lbRx="0" />
<wpr uId="332" tId="5" fbRx="11.00133555" lbRx="0" />
<wpr uId="332" tId="2" fbRx="11.00133557" lbRx="0" />
<wpr uId="332" tId="3" fbRx="11.00133558" lbRx="0" />
<wpr uId="332" tId="4" fbRx="11.0013356" lbRx="0" />
<pr uId="333" fId="2" fbTx="11.00140757" />
<wpr uId="333" tId="1" fbRx="11.00141158" lbRx="0" />
<wpr uId="333" tId="3" fbRx="11.00141158" lbRx="0" />
<wpr uId="333" tId="0" fbRx="11.0014116" lbRx="0" />
<wpr uId="333" tId="4" fbRx="11.0014116" lbRx="0" />
<wpr uId="333" tId="5" fbRx="11.0014116" lbRx="0" />
<pr uId="334" fId="4" fbTx="11.0015056" />
<wpr uId="334" tId="3" fbRx="11.00150962" lbRx="0" />
<wpr uId="334" tId="2" fbRx="11.00150963" lbRx="0" />
<wpr uId="334" tId="1" fbRx="11.00150965" lbRx="0" />
<wpr uId="334" tId="0" fbRx="11.00150967" lbRx="0" />
<wpr uId="334" tId="5" fbRx="11.00150967" lbRx="0" />
<pr uId="335" fId="0" fbTx="11.00159767" />
<wpr uId="335" tId="1" fbRx="11.00160168" lbRx="0" />
<wpr uId="335" tId="5" fbRx="11.00160168" lbRx="0" />
<wpr uId="335" tId="2" fbRx="11.0016017" lbRx="0" />
<wpr uId="335" tId="3" fbRx="11.00160172" lbRx="0" />
<wpr uId="335" tId="4" fbRx="11.00160173" lbRx="0" />
<pr uId="336" fId="0" fbTx="11.00174067" />
<wpr uId="336" tId="1" fbRx="11.00174468" lbRx="0" />
<wpr uId="336" tId="5" fbRx="11.00174468" lbRx="0" />
<wpr uId="336" tId="2" fbRx="11.0017447" lbRx="0" />
<wpr uId="336" tId="3" fbRx="11.00174472" lbRx="0" />
<wpr uId="336" tId="4" fbRx="11.00174473" lbRx="0" />
<pr uId="337" fId="4" fbTx="11.00183273" />
<wpr uId="337" tId="3" fbRx="11.00183675" lbRx="0" />
<wpr uId="337" tId="2" fbRx="11.00183677" lbRx="0" />
<wpr uId="337" tId="1" fbRx="11.00183678" lbRx="0" />
<wpr uId="337" tId="0" fbRx="11.0018368" lbRx="0" />
<wpr uId="337" tId="5" fbRx="11.0018368" lbRx="0" />
</anim>
