<anim ver="netanim-3.109" filetype="animation" >
<node id="0" sysId="0" locX="0" locY="0" />
<node id="1" sysId="0" locX="5" locY="0" />
<node id="2" sysId="0" locX="10" locY="0" />
<node id="3" sysId="0" locX="15" locY="0" />
<node id="4" sysId="0" locX="20" locY="0" />
<node id="5" sysId="0" locX="0" locY="5" />
<node id="6" sysId="0" locX="5" locY="5" />
<nu p="c" t="0" id="0" r="255" g="0" b="0" />
<nu p="c" t="0" id="1" r="255" g="0" b="0" />
<nu p="c" t="0" id="2" r="255" g="0" b="0" />
<nu p="c" t="0" id="3" r="255" g="0" b="0" />
<nu p="c" t="0" id="4" r="255" g="0" b="0" />
<nu p="c" t="0" id="5" r="255" g="0" b="0" />
<nu p="c" t="0" id="6" r="255" g="0" b="0" />
<nonp2plinkproperties id="0" ipAddress="10.1.1.1~00:00:00:00:00:01" channelType="ns3::YansWifiChannel" />
<nonp2plinkproperties id="0" ipAddress="127.0.0.1~00:00:00:00:00:00" channelType="Unknown channel" />
<nonp2plinkproperties id="1" ipAddress="10.1.1.2~00:00:00:00:00:02" channelType="ns3::YansWifiChannel" />
<nonp2plinkproperties id="1" ipAddress="127.0.0.1~00:00:00:00:00:00" channelType="Unknown channel" />
<nonp2plinkproperties id="2" ipAddress="10.1.1.3~00:00:00:00:00:03" channelType="ns3::YansWifiChannel" />
<nonp2plinkproperties id="2" ipAddress="127.0.0.1~00:00:00:00:00:00" channelType="Unknown channel" />
<nonp2plinkproperties id="3" ipAddress="10.1.1.4~00:00:00:00:00:04" channelType="ns3::YansWifiChannel" />
<nonp2plinkproperties id="3" ipAddress="127.0.0.1~00:00:00:00:00:00" channelType="Unknown channel" />
<nonp2plinkproperties id="4" ipAddress="10.1.1.5~00:00:00:00:00:05" channelType="ns3::YansWifiChannel" />
<nonp2plinkproperties id="4" ipAddress="127.0.0.1~00:00:00:00:00:00" channelType="Unknown channel" />
<nonp2plinkproperties id="5" ipAddress="10.1.1.6~00:00:00:00:00:06" channelType="ns3::YansWifiChannel" />
<nonp2plinkproperties id="5" ipAddress="127.0.0.1~00:00:00:00:00:00" channelType="Unknown channel" />
<nonp2plinkproperties id="6" ipAddress="10.1.1.7~00:00:00:00:00:07" channelType="ns3::YansWifiChannel" />
<nonp2plinkproperties id="6" ipAddress="127.0.0.1~00:00:00:00:00:00" channelType="Unknown channel" />
<ip n="0" >
<address >10.1.1.1</address>

<address >127.0.0.1</address>

</ip>
<ip n="0" >
<address >10.1.1.1</address>

<address >127.0.0.1</address>

</ip>
<ip n="1" >
<address >10.1.1.2</address>

<address >127.0.0.1</address>

</ip>
<ip n="1" >
<address >10.1.1.2</address>

<address >127.0.0.1</address>

</ip>
<ip n="2" >
<address >10.1.1.3</address>

<address >127.0.0.1</address>

</ip>
<ip n="2" >
<address >10.1.1.3</address>

<address >127.0.0.1</address>

</ip>
<ip n="3" >
<address >10.1.1.4</address>

<address >127.0.0.1</address>

</ip>
<ip n="3" >
<address >10.1.1.4</address>

<address >127.0.0.1</address>

</ip>
<ip n="4" >
<address >10.1.1.5</address>

<address >127.0.0.1</address>

</ip>
<ip n="4" >
<address >10.1.1.5</address>

<address >127.0.0.1</address>

</ip>
<ip n="5" >
<address >10.1.1.6</address>

<address >127.0.0.1</address>

</ip>
<ip n="5" >
<address >10.1.1.6</address>

<address >127.0.0.1</address>

</ip>
<ip n="6" >
<address >10.1.1.7</address>

<address >127.0.0.1</address>

</ip>
<ip n="6" >
<address >10.1.1.7</address>

<address >127.0.0.1</address>

</ip>
<ipv6 n="0" >
<address >::1</address>

</ipv6>
<ipv6 n="1" >
<address >::1</address>

</ipv6>
<ipv6 n="2" >
<address >::1</address>

</ipv6>
<ipv6 n="3" >
<address >::1</address>

</ipv6>
<ipv6 n="4" >
<address >::1</address>

</ipv6>
<ipv6 n="5" >
<address >::1</address>

</ipv6>
<ipv6 n="6" >
<address >::1</address>

</ipv6>
<nu p="s" t="0" id="0" w="1" h="1" />
<nu p="s" t="0" id="1" w="1" h="1" />
<nu p="s" t="0" id="2" w="1" h="1" />
<nu p="s" t="0" id="3" w="1" h="1" />
<nu p="s" t="0" id="4" w="1" h="1" />
<nu p="s" t="0" id="5" w="1" h="1" />
<nu p="s" t="0" id="6" w="1" h="1" />
<ncs ncId="0" n="RemainingEnergy" t="DOUBLE" />
<pr uId="1" fId="5" fbTx="2.001004" />
<wpr uId="1" tId="0" fbRx="2.001008017" lbRx="0" />
<wpr uId="1" tId="6" fbRx="2.001008017" lbRx="0" />
<wpr uId="1" tId="1" fbRx="2.001008024" lbRx="0" />
<wpr uId="1" tId="2" fbRx="2.001008037" lbRx="0" />
<wpr uId="1" tId="3" fbRx="2.001008053" lbRx="0" />
<wpr uId="1" tId="4" fbRx="2.001008069" lbRx="0" />
<pr uId="2" fId="0" fbTx="2.001159017" />
<wpr uId="2" tId="1" fbRx="2.001163034" lbRx="0" />
<wpr uId="2" tId="5" fbRx="2.001163034" lbRx="0" />
<wpr uId="2" tId="6" fbRx="2.001163041" lbRx="0" />
<wpr uId="2" tId="2" fbRx="2.00116305" lbRx="0" />
<wpr uId="2" tId="3" fbRx="2.001163067" lbRx="0" />
<wpr uId="2" tId="4" fbRx="2.001163084" lbRx="0" />
<pr uId="3" fId="5" fbTx="2.001251034" />
<wpr uId="3" tId="0" fbRx="2.001255051" lbRx="0" />
<wpr uId="3" tId="6" fbRx="2.001255051" lbRx="0" />
<wpr uId="3" tId="1" fbRx="2.001255058" lbRx="0" />
<wpr uId="3" tId="2" fbRx="2.001255071" lbRx="0" />
<wpr uId="3" tId="3" fbRx="2.001255087" lbRx="0" />
<wpr uId="3" tId="4" fbRx="2.001255103" lbRx="0" />
<pr uId="4" fId="5" fbTx="2.001383034" />
<wpr uId="4" tId="0" fbRx="2.001387051" lbRx="0" />
<wpr uId="4" tId="6" fbRx="2.001387051" lbRx="0" />
<wpr uId="4" tId="1" fbRx="2.001387058" lbRx="0" />
<wpr uId="4" tId="2" fbRx="2.001387071" lbRx="0" />
<wpr uId="4" tId="3" fbRx="2.001387087" lbRx="0" />
<wpr uId="4" tId="4" fbRx="2.001387103" lbRx="0" />
<pr uId="5" fId="0" fbTx="2.001475051" />
<wpr uId="5" tId="1" fbRx="2.001479068" lbRx="0" />
<wpr uId="5" tId="5" fbRx="2.001479068" lbRx="0" />
<wpr uId="5" tId="6" fbRx="2.001479075" lbRx="0" />
<wpr uId="5" tId="2" fbRx="2.001479084" lbRx="0" />
<wpr uId="5" tId="3" fbRx="2.001479101" lbRx="0" />
<wpr uId="5" tId="4" fbRx="2.001479118" lbRx="0" />
<pr uId="6" fId="0" fbTx="2.001562051" />
<wpr uId="6" tId="1" fbRx="2.001566068" lbRx="0" />
<wpr uId="6" tId="5" fbRx="2.001566068" lbRx="0" />
<wpr uId="6" tId="6" fbRx="2.001566075" lbRx="0" />
<wpr uId="6" tId="2" fbRx="2.001566084" lbRx="0" />
<wpr uId="6" tId="3" fbRx="2.001566101" lbRx="0" />
<wpr uId="6" tId="4" fbRx="2.001566118" lbRx="0" />
<pr uId="7" fId="5" fbTx="2.001638068" />
<wpr uId="7" tId="0" fbRx="2.001642085" lbRx="0" />
<wpr uId="7" tId="6" fbRx="2.001642085" lbRx="0" />
<wpr uId="7" tId="1" fbRx="2.001642092" lbRx="0" />
<wpr uId="7" tId="2" fbRx="2.001642105" lbRx="0" />
<wpr uId="7" tId="3" fbRx="2.001642121" lbRx="0" />
<wpr uId="7" tId="4" fbRx="2.001642137" lbRx="0" />
<pr uId="8" fId="5" fbTx="2.001826068" />
<wpr uId="8" tId="0" fbRx="2.001830085" lbRx="0" />
<wpr uId="8" tId="6" fbRx="2.001830085" lbRx="0" />
<wpr uId="8" tId="1" fbRx="2.001830092" lbRx="0" />
<wpr uId="8" tId="2" fbRx="2.001830105" lbRx="0" />
<wpr uId="8" tId="3" fbRx="2.001830121" lbRx="0" />
<wpr uId="8" tId="4" fbRx="2.001830137" lbRx="0" />
<pr uId="9" fId="0" fbTx="2.001918085" />
<wpr uId="9" tId="1" fbRx="2.001922102" lbRx="0" />
<wpr uId="9" tId="5" fbRx="2.001922102" lbRx="0" />
<wpr uId="9" tId="6" fbRx="2.001922109" lbRx="0" />
<wpr uId="9" tId="2" fbRx="2.001922118" lbRx="0" />
<wpr uId="9" tId="3" fbRx="2.001922135" lbRx="0" />
<wpr uId="9" tId="4" fbRx="2.001922152" lbRx="0" />
<pr uId="10" fId="0" fbTx="2.002005085" />
<pr uId="11" fId="6" fbTx="2.002005109" />
<pr uId="12" fId="3" fbTx="2.002005135" />
<wpr uId="12" tId="4" fbRx="2.002009152" lbRx="0" />
<pr uId="13" fId="0" fbTx="2.002448085" />
<wpr uId="13" tId="1" fbRx="2.002452102" lbRx="0" />
<wpr uId="13" tId="5" fbRx="2.002452102" lbRx="0" />
<wpr uId="13" tId="6" fbRx="2.002452109" lbRx="0" />
<wpr uId="13" tId="2" fbRx="2.002452118" lbRx="0" />
<wpr uId="13" tId="3" fbRx="2.002452135" lbRx="0" />
<wpr uId="13" tId="4" fbRx="2.002452152" lbRx="0" />
<pr uId="14" fId="5" fbTx="2.002540102" />
<wpr uId="14" tId="0" fbRx="2.002544119" lbRx="0" />
<wpr uId="14" tId="6" fbRx="2.002544119" lbRx="0" />
<wpr uId="14" tId="1" fbRx="2.002544126" lbRx="0" />
<wpr uId="14" tId="2" fbRx="2.002544139" lbRx="0" />
<wpr uId="14" tId="3" fbRx="2.002544155" lbRx="0" />
<wpr uId="14" tId="4" fbRx="2.002544171" lbRx="0" />
<pr uId="15" fId="5" fbTx="2.002627102" />
<wpr uId="15" tId="0" fbRx="2.002631119" lbRx="0" />
<wpr uId="15" tId="6" fbRx="2.002631119" lbRx="0" />
<wpr uId="15" tId="1" fbRx="2.002631126" lbRx="0" />
<wpr uId="15" tId="2" fbRx="2.002631139" lbRx="0" />
<wpr uId="15" tId="3" fbRx="2.002631155" lbRx="0" />
<wpr uId="15" tId="4" fbRx="2.002631171" lbRx="0" />
<pr uId="16" fId="0" fbTx="2.002703119" />
<wpr uId="16" tId="1" fbRx="2.002707136" lbRx="0" />
<wpr uId="16" tId="5" fbRx="2.002707136" lbRx="0" />
<wpr uId="16" tId="6" fbRx="2.002707143" lbRx="0" />
<wpr uId="16" tId="2" fbRx="2.002707152" lbRx="0" />
<wpr uId="16" tId="3" fbRx="2.002707169" lbRx="0" />
<wpr uId="16" tId="4" fbRx="2.002707186" lbRx="0" />
<pr uId="17" fId="4" fbTx="2.004007186" />
<wpr uId="17" tId="3" fbRx="2.004011203" lbRx="0" />
<wpr uId="17" tId="2" fbRx="2.004011219" lbRx="0" />
<wpr uId="17" tId="1" fbRx="2.004011236" lbRx="0" />
<wpr uId="17" tId="6" fbRx="2.004011239" lbRx="0" />
<wpr uId="17" tId="0" fbRx="2.004011253" lbRx="0" />
<wpr uId="17" tId="5" fbRx="2.004011255" lbRx="0" />
<pr uId="18" fId="0" fbTx="2.004162253" />
<wpr uId="18" tId="1" fbRx="2.00416627" lbRx="0" />
<wpr uId="18" tId="5" fbRx="2.00416627" lbRx="0" />
<wpr uId="18" tId="6" fbRx="2.004166277" lbRx="0" />
<wpr uId="18" tId="2" fbRx="2.004166286" lbRx="0" />
<wpr uId="18" tId="3" fbRx="2.004166303" lbRx="0" />
<wpr uId="18" tId="4" fbRx="2.00416632" lbRx="0" />
<pr uId="19" fId="4" fbTx="2.00425432" />
<wpr uId="19" tId="3" fbRx="2.004258337" lbRx="0" />
<wpr uId="19" tId="2" fbRx="2.004258353" lbRx="0" />
<wpr uId="19" tId="1" fbRx="2.00425837" lbRx="0" />
<wpr uId="19" tId="6" fbRx="2.004258373" lbRx="0" />
<wpr uId="19" tId="0" fbRx="2.004258387" lbRx="0" />
<wpr uId="19" tId="5" fbRx="2.004258389" lbRx="0" />
<pr uId="20" fId="4" fbTx="2.00436832" />
<wpr uId="20" tId="3" fbRx="2.004372337" lbRx="0" />
<wpr uId="20" tId="2" fbRx="2.004372353" lbRx="0" />
<wpr uId="20" tId="1" fbRx="2.00437237" lbRx="0" />
<wpr uId="20" tId="6" fbRx="2.004372373" lbRx="0" />
<wpr uId="20" tId="0" fbRx="2.004372387" lbRx="0" />
<wpr uId="20" tId="5" fbRx="2.004372389" lbRx="0" />
<pr uId="21" fId="0" fbTx="2.004460387" />
<wpr uId="21" tId="1" fbRx="2.004464404" lbRx="0" />
<wpr uId="21" tId="5" fbRx="2.004464404" lbRx="0" />
<wpr uId="21" tId="6" fbRx="2.004464411" lbRx="0" />
<wpr uId="21" tId="2" fbRx="2.00446442" lbRx="0" />
<wpr uId="21" tId="3" fbRx="2.004464437" lbRx="0" />
<wpr uId="21" tId="4" fbRx="2.004464454" lbRx="0" />
<pr uId="22" fId="0" fbTx="2.004637387" />
<wpr uId="22" tId="1" fbRx="2.004641404" lbRx="0" />
<wpr uId="22" tId="5" fbRx="2.004641404" lbRx="0" />
<wpr uId="22" tId="6" fbRx="2.004641411" lbRx="0" />
<wpr uId="22" tId="2" fbRx="2.00464142" lbRx="0" />
<wpr uId="22" tId="3" fbRx="2.004641437" lbRx="0" />
<wpr uId="22" tId="4" fbRx="2.004641454" lbRx="0" />
<pr uId="23" fId="4" fbTx="2.004713454" />
<wpr uId="23" tId="3" fbRx="2.004717471" lbRx="0" />
<wpr uId="23" tId="2" fbRx="2.004717487" lbRx="0" />
<wpr uId="23" tId="1" fbRx="2.004717504" lbRx="0" />
<wpr uId="23" tId="6" fbRx="2.004717507" lbRx="0" />
<wpr uId="23" tId="0" fbRx="2.004717521" lbRx="0" />
<wpr uId="23" tId="5" fbRx="2.004717523" lbRx="0" />
<pr uId="24" fId="4" fbTx="2.004784454" />
<wpr uId="24" tId="3" fbRx="2.004788471" lbRx="0" />
<wpr uId="24" tId="2" fbRx="2.004788487" lbRx="0" />
<wpr uId="24" tId="1" fbRx="2.004788504" lbRx="0" />
<wpr uId="24" tId="6" fbRx="2.004788507" lbRx="0" />
<wpr uId="24" tId="0" fbRx="2.004788521" lbRx="0" />
<wpr uId="24" tId="5" fbRx="2.004788523" lbRx="0" />
<pr uId="25" fId="0" fbTx="2.004876521" />
<wpr uId="25" tId="1" fbRx="2.004880538" lbRx="0" />
<wpr uId="25" tId="5" fbRx="2.004880538" lbRx="0" />
<wpr uId="25" tId="6" fbRx="2.004880545" lbRx="0" />
<wpr uId="25" tId="2" fbRx="2.004880554" lbRx="0" />
<wpr uId="25" tId="3" fbRx="2.004880571" lbRx="0" />
<wpr uId="25" tId="4" fbRx="2.004880588" lbRx="0" />
<pr uId="26" fId="0" fbTx="2.005044521" />
<wpr uId="26" tId="1" fbRx="2.005048538" lbRx="0" />
<wpr uId="26" tId="5" fbRx="2.005048538" lbRx="0" />
<wpr uId="26" tId="6" fbRx="2.005048545" lbRx="0" />
<wpr uId="26" tId="2" fbRx="2.005048554" lbRx="0" />
<wpr uId="26" tId="3" fbRx="2.005048571" lbRx="0" />
<wpr uId="26" tId="4" fbRx="2.005048588" lbRx="0" />
<pr uId="27" fId="4" fbTx="2.005136588" />
<wpr uId="27" tId="3" fbRx="2.005140605" lbRx="0" />
<wpr uId="27" tId="2" fbRx="2.005140621" lbRx="0" />
<wpr uId="27" tId="1" fbRx="2.005140638" lbRx="0" />
<wpr uId="27" tId="6" fbRx="2.005140641" lbRx="0" />
<wpr uId="27" tId="0" fbRx="2.005140655" lbRx="0" />
<wpr uId="27" tId="5" fbRx="2.005140657" lbRx="0" />
<pr uId="28" fId="4" fbTx="2.005259588" />
<wpr uId="28" tId="3" fbRx="2.005263605" lbRx="0" />
<wpr uId="28" tId="2" fbRx="2.005263621" lbRx="0" />
<wpr uId="28" tId="1" fbRx="2.005263638" lbRx="0" />
<wpr uId="28" tId="6" fbRx="2.005263641" lbRx="0" />
<wpr uId="28" tId="0" fbRx="2.005263655" lbRx="0" />
<wpr uId="28" tId="5" fbRx="2.005263657" lbRx="0" />
<pr uId="29" fId="0" fbTx="2.005351655" />
<wpr uId="29" tId="1" fbRx="2.005355672" lbRx="0" />
<wpr uId="29" tId="5" fbRx="2.005355672" lbRx="0" />
<wpr uId="29" tId="6" fbRx="2.005355679" lbRx="0" />
<wpr uId="29" tId="2" fbRx="2.005355688" lbRx="0" />
<wpr uId="29" tId="3" fbRx="2.005355705" lbRx="0" />
<wpr uId="29" tId="4" fbRx="2.005355722" lbRx="0" />
<pr uId="30" fId="2" fbTx="2.006007688" />
<wpr uId="30" tId="1" fbRx="2.006011705" lbRx="0" />
<wpr uId="30" tId="3" fbRx="2.006011705" lbRx="0" />
<wpr uId="30" tId="6" fbRx="2.006011712" lbRx="0" />
<wpr uId="30" tId="0" fbRx="2.006011721" lbRx="0" />
<wpr uId="30" tId="4" fbRx="2.006011721" lbRx="0" />
<wpr uId="30" tId="5" fbRx="2.006011725" lbRx="0" />
<pr uId="31" fId="0" fbTx="2.006162721" />
<wpr uId="31" tId="1" fbRx="2.006166738" lbRx="0" />
<wpr uId="31" tId="5" fbRx="2.006166738" lbRx="0" />
<wpr uId="31" tId="6" fbRx="2.006166745" lbRx="0" />
<wpr uId="31" tId="2" fbRx="2.006166754" lbRx="0" />
<wpr uId="31" tId="3" fbRx="2.006166771" lbRx="0" />
<wpr uId="31" tId="4" fbRx="2.006166788" lbRx="0" />
<pr uId="32" fId="2" fbTx="2.006254754" />
<wpr uId="32" tId="1" fbRx="2.006258771" lbRx="0" />
<wpr uId="32" tId="3" fbRx="2.006258771" lbRx="0" />
<wpr uId="32" tId="6" fbRx="2.006258778" lbRx="0" />
<wpr uId="32" tId="0" fbRx="2.006258787" lbRx="0" />
<wpr uId="32" tId="4" fbRx="2.006258787" lbRx="0" />
<wpr uId="32" tId="5" fbRx="2.006258791" lbRx="0" />
<pr uId="33" fId="2" fbTx="2.006413754" />
<wpr uId="33" tId="1" fbRx="2.006417771" lbRx="0" />
<wpr uId="33" tId="3" fbRx="2.006417771" lbRx="0" />
<wpr uId="33" tId="6" fbRx="2.006417778" lbRx="0" />
<wpr uId="33" tId="0" fbRx="2.006417787" lbRx="0" />
<wpr uId="33" tId="4" fbRx="2.006417787" lbRx="0" />
<wpr uId="33" tId="5" fbRx="2.006417791" lbRx="0" />
<pr uId="34" fId="0" fbTx="2.006505787" />
<wpr uId="34" tId="1" fbRx="2.006509804" lbRx="0" />
<wpr uId="34" tId="5" fbRx="2.006509804" lbRx="0" />
<wpr uId="34" tId="6" fbRx="2.006509811" lbRx="0" />
<wpr uId="34" tId="2" fbRx="2.00650982" lbRx="0" />
<wpr uId="34" tId="3" fbRx="2.006509837" lbRx="0" />
<wpr uId="34" tId="4" fbRx="2.006509854" lbRx="0" />
<pr uId="35" fId="0" fbTx="2.006592787" />
<wpr uId="35" tId="1" fbRx="2.006596804" lbRx="0" />
<wpr uId="35" tId="5" fbRx="2.006596804" lbRx="0" />
<wpr uId="35" tId="6" fbRx="2.006596811" lbRx="0" />
<wpr uId="35" tId="2" fbRx="2.00659682" lbRx="0" />
<wpr uId="35" tId="3" fbRx="2.006596837" lbRx="0" />
<wpr uId="35" tId="4" fbRx="2.006596854" lbRx="0" />
<pr uId="36" fId="2" fbTx="2.00666882" />
<wpr uId="36" tId="1" fbRx="2.006672837" lbRx="0" />
<wpr uId="36" tId="3" fbRx="2.006672837" lbRx="0" />
<wpr uId="36" tId="6" fbRx="2.006672844" lbRx="0" />
<wpr uId="36" tId="0" fbRx="2.006672853" lbRx="0" />
<wpr uId="36" tId="4" fbRx="2.006672853" lbRx="0" />
<wpr uId="36" tId="5" fbRx="2.006672857" lbRx="0" />
<pr uId="37" fId="2" fbTx="2.00674882" />
<wpr uId="37" tId="1" fbRx="2.006752837" lbRx="0" />
<wpr uId="37" tId="3" fbRx="2.006752837" lbRx="0" />
<wpr uId="37" tId="6" fbRx="2.006752844" lbRx="0" />
<wpr uId="37" tId="0" fbRx="2.006752853" lbRx="0" />
<wpr uId="37" tId="4" fbRx="2.006752853" lbRx="0" />
<wpr uId="37" tId="5" fbRx="2.006752857" lbRx="0" />
<pr uId="38" fId="0" fbTx="2.006840853" />
<wpr uId="38" tId="1" fbRx="2.00684487" lbRx="0" />
<wpr uId="38" tId="5" fbRx="2.00684487" lbRx="0" />
<wpr uId="38" tId="6" fbRx="2.006844877" lbRx="0" />
<wpr uId="38" tId="2" fbRx="2.006844886" lbRx="0" />
<wpr uId="38" tId="3" fbRx="2.006844903" lbRx="0" />
<wpr uId="38" tId="4" fbRx="2.00684492" lbRx="0" />
<pr uId="39" fId="0" fbTx="2.006963853" />
<wpr uId="39" tId="1" fbRx="2.00696787" lbRx="0" />
<wpr uId="39" tId="5" fbRx="2.00696787" lbRx="0" />
<wpr uId="39" tId="6" fbRx="2.006967877" lbRx="0" />
<wpr uId="39" tId="2" fbRx="2.006967886" lbRx="0" />
<wpr uId="39" tId="3" fbRx="2.006967903" lbRx="0" />
<wpr uId="39" tId="4" fbRx="2.00696792" lbRx="0" />
<pr uId="40" fId="2" fbTx="2.007055886" />
<wpr uId="40" tId="1" fbRx="2.007059903" lbRx="0" />
<wpr uId="40" tId="3" fbRx="2.007059903" lbRx="0" />
<wpr uId="40" tId="6" fbRx="2.00705991" lbRx="0" />
<wpr uId="40" tId="0" fbRx="2.007059919" lbRx="0" />
<wpr uId="40" tId="4" fbRx="2.007059919" lbRx="0" />
<wpr uId="40" tId="5" fbRx="2.007059923" lbRx="0" />
<pr uId="41" fId="2" fbTx="2.007142886" />
<wpr uId="41" tId="1" fbRx="2.007146903" lbRx="0" />
<wpr uId="41" tId="3" fbRx="2.007146903" lbRx="0" />
<wpr uId="41" tId="6" fbRx="2.00714691" lbRx="0" />
<wpr uId="41" tId="0" fbRx="2.007146919" lbRx="0" />
<wpr uId="41" tId="4" fbRx="2.007146919" lbRx="0" />
<wpr uId="41" tId="5" fbRx="2.007146923" lbRx="0" />
<pr uId="42" fId="0" fbTx="2.007218919" />
<wpr uId="42" tId="1" fbRx="2.007222936" lbRx="0" />
<wpr uId="42" tId="5" fbRx="2.007222936" lbRx="0" />
<wpr uId="42" tId="6" fbRx="2.007222943" lbRx="0" />
<wpr uId="42" tId="2" fbRx="2.007222952" lbRx="0" />
<wpr uId="42" tId="3" fbRx="2.007222969" lbRx="0" />
<wpr uId="42" tId="4" fbRx="2.007222986" lbRx="0" />
<pr uId="43" fId="0" fbTx="2.007397919" />
<wpr uId="43" tId="1" fbRx="2.007401936" lbRx="0" />
<wpr uId="43" tId="5" fbRx="2.007401936" lbRx="0" />
<wpr uId="43" tId="6" fbRx="2.007401943" lbRx="0" />
<wpr uId="43" tId="2" fbRx="2.007401952" lbRx="0" />
<wpr uId="43" tId="3" fbRx="2.007401969" lbRx="0" />
<wpr uId="43" tId="4" fbRx="2.007401986" lbRx="0" />
<pr uId="44" fId="5" fbTx="2.007552936" />
<wpr uId="44" tId="0" fbRx="2.007556953" lbRx="0" />
<wpr uId="44" tId="6" fbRx="2.007556953" lbRx="0" />
<wpr uId="44" tId="1" fbRx="2.00755696" lbRx="0" />
<wpr uId="44" tId="2" fbRx="2.007556973" lbRx="0" />
<wpr uId="44" tId="3" fbRx="2.007556989" lbRx="0" />
<wpr uId="44" tId="4" fbRx="2.007557005" lbRx="0" />
<pr uId="45" fId="0" fbTx="2.007628953" />
<wpr uId="45" tId="1" fbRx="2.00763297" lbRx="0" />
<wpr uId="45" tId="5" fbRx="2.00763297" lbRx="0" />
<wpr uId="45" tId="6" fbRx="2.007632977" lbRx="0" />
<wpr uId="45" tId="2" fbRx="2.007632986" lbRx="0" />
<wpr uId="45" tId="3" fbRx="2.007633003" lbRx="0" />
<wpr uId="45" tId="4" fbRx="2.00763302" lbRx="0" />
<pr uId="46" fId="0" fbTx="2.007780953" />
<wpr uId="46" tId="1" fbRx="2.00778497" lbRx="0" />
<wpr uId="46" tId="5" fbRx="2.00778497" lbRx="0" />
<wpr uId="46" tId="6" fbRx="2.007784977" lbRx="0" />
<wpr uId="46" tId="2" fbRx="2.007784986" lbRx="0" />
<wpr uId="46" tId="3" fbRx="2.007785003" lbRx="0" />
<wpr uId="46" tId="4" fbRx="2.00778502" lbRx="0" />
<pr uId="47" fId="5" fbTx="2.00785697" />
<wpr uId="47" tId="0" fbRx="2.007860987" lbRx="0" />
<wpr uId="47" tId="6" fbRx="2.007860987" lbRx="0" />
<wpr uId="47" tId="1" fbRx="2.007860994" lbRx="0" />
<wpr uId="47" tId="2" fbRx="2.007861007" lbRx="0" />
<wpr uId="47" tId="3" fbRx="2.007861023" lbRx="0" />
<wpr uId="47" tId="4" fbRx="2.007861039" lbRx="0" />
<pr uId="48" fId="1" fbTx="2.009007994" />
<wpr uId="48" tId="0" fbRx="2.009012011" lbRx="0" />
<wpr uId="48" tId="2" fbRx="2.009012011" lbRx="0" />
<wpr uId="48" tId="6" fbRx="2.009012011" lbRx="0" />
<wpr uId="48" tId="5" fbRx="2.009012018" lbRx="0" />
<wpr uId="48" tId="3" fbRx="2.009012027" lbRx="0" />
<wpr uId="48" tId="4" fbRx="2.009012044" lbRx="0" />
<pr uId="49" fId="0" fbTx="2.009163011" />
<wpr uId="49" tId="1" fbRx="2.009167028" lbRx="0" />
<wpr uId="49" tId="5" fbRx="2.009167028" lbRx="0" />
<wpr uId="49" tId="6" fbRx="2.009167035" lbRx="0" />
<wpr uId="49" tId="2" fbRx="2.009167044" lbRx="0" />
<wpr uId="49" tId="3" fbRx="2.009167061" lbRx="0" />
<wpr uId="49" tId="4" fbRx="2.009167078" lbRx="0" />
<pr uId="50" fId="1" fbTx="2.009255028" />
<wpr uId="50" tId="0" fbRx="2.009259045" lbRx="0" />
<wpr uId="50" tId="2" fbRx="2.009259045" lbRx="0" />
<wpr uId="50" tId="6" fbRx="2.009259045" lbRx="0" />
<wpr uId="50" tId="5" fbRx="2.009259052" lbRx="0" />
<wpr uId="50" tId="3" fbRx="2.009259061" lbRx="0" />
<wpr uId="50" tId="4" fbRx="2.009259078" lbRx="0" />
<pr uId="51" fId="1" fbTx="2.009432028" />
<wpr uId="51" tId="0" fbRx="2.009436045" lbRx="0" />
<wpr uId="51" tId="2" fbRx="2.009436045" lbRx="0" />
<wpr uId="51" tId="6" fbRx="2.009436045" lbRx="0" />
<wpr uId="51" tId="5" fbRx="2.009436052" lbRx="0" />
<wpr uId="51" tId="3" fbRx="2.009436061" lbRx="0" />
<wpr uId="51" tId="4" fbRx="2.009436078" lbRx="0" />
<pr uId="52" fId="0" fbTx="2.009524045" />
<wpr uId="52" tId="1" fbRx="2.009528062" lbRx="0" />
<wpr uId="52" tId="5" fbRx="2.009528062" lbRx="0" />
<wpr uId="52" tId="6" fbRx="2.009528069" lbRx="0" />
<wpr uId="52" tId="2" fbRx="2.009528078" lbRx="0" />
<wpr uId="52" tId="3" fbRx="2.009528095" lbRx="0" />
<wpr uId="52" tId="4" fbRx="2.009528112" lbRx="0" />
<pr uId="53" fId="0" fbTx="2.009647045" />
<wpr uId="53" tId="1" fbRx="2.009651062" lbRx="0" />
<wpr uId="53" tId="5" fbRx="2.009651062" lbRx="0" />
<wpr uId="53" tId="6" fbRx="2.009651069" lbRx="0" />
<wpr uId="53" tId="2" fbRx="2.009651078" lbRx="0" />
<wpr uId="53" tId="3" fbRx="2.009651095" lbRx="0" />
<wpr uId="53" tId="4" fbRx="2.009651112" lbRx="0" />
<pr uId="54" fId="1" fbTx="2.009723062" />
<wpr uId="54" tId="0" fbRx="2.009727079" lbRx="0" />
<wpr uId="54" tId="2" fbRx="2.009727079" lbRx="0" />
<wpr uId="54" tId="6" fbRx="2.009727079" lbRx="0" />
<wpr uId="54" tId="5" fbRx="2.009727086" lbRx="0" />
<wpr uId="54" tId="3" fbRx="2.009727095" lbRx="0" />
<wpr uId="54" tId="4" fbRx="2.009727112" lbRx="0" />
<pr uId="55" fId="1" fbTx="2.009812062" />
<wpr uId="55" tId="0" fbRx="2.009816079" lbRx="0" />
<wpr uId="55" tId="2" fbRx="2.009816079" lbRx="0" />
<wpr uId="55" tId="6" fbRx="2.009816079" lbRx="0" />
<wpr uId="55" tId="5" fbRx="2.009816086" lbRx="0" />
<wpr uId="55" tId="3" fbRx="2.009816095" lbRx="0" />
<wpr uId="55" tId="4" fbRx="2.009816112" lbRx="0" />
<pr uId="56" fId="0" fbTx="2.009904079" />
<wpr uId="56" tId="1" fbRx="2.009908096" lbRx="0" />
<wpr uId="56" tId="5" fbRx="2.009908096" lbRx="0" />
<wpr uId="56" tId="6" fbRx="2.009908103" lbRx="0" />
<wpr uId="56" tId="2" fbRx="2.009908112" lbRx="0" />
<wpr uId="56" tId="3" fbRx="2.009908129" lbRx="0" />
<wpr uId="56" tId="4" fbRx="2.009908146" lbRx="0" />
<pr uId="57" fId="0" fbTx="2.010045079" />
<wpr uId="57" tId="1" fbRx="2.010049096" lbRx="0" />
<wpr uId="57" tId="5" fbRx="2.010049096" lbRx="0" />
<wpr uId="57" tId="6" fbRx="2.010049103" lbRx="0" />
<wpr uId="57" tId="2" fbRx="2.010049112" lbRx="0" />
<wpr uId="57" tId="3" fbRx="2.010049129" lbRx="0" />
<wpr uId="57" tId="4" fbRx="2.010049146" lbRx="0" />
<pr uId="58" fId="1" fbTx="2.010137096" />
<wpr uId="58" tId="0" fbRx="2.010141113" lbRx="0" />
<wpr uId="58" tId="2" fbRx="2.010141113" lbRx="0" />
<wpr uId="58" tId="6" fbRx="2.010141113" lbRx="0" />
<wpr uId="58" tId="5" fbRx="2.01014112" lbRx="0" />
<wpr uId="58" tId="3" fbRx="2.010141129" lbRx="0" />
<wpr uId="58" tId="4" fbRx="2.010141146" lbRx="0" />
<pr uId="59" fId="1" fbTx="2.010224096" />
<wpr uId="59" tId="0" fbRx="2.010228113" lbRx="0" />
<wpr uId="59" tId="2" fbRx="2.010228113" lbRx="0" />
<wpr uId="59" tId="6" fbRx="2.010228113" lbRx="0" />
<wpr uId="59" tId="5" fbRx="2.01022812" lbRx="0" />
<wpr uId="59" tId="3" fbRx="2.010228129" lbRx="0" />
<wpr uId="59" tId="4" fbRx="2.010228146" lbRx="0" />
<pr uId="60" fId="0" fbTx="2.010300113" />
<wpr uId="60" tId="1" fbRx="2.01030413" lbRx="0" />
<wpr uId="60" tId="5" fbRx="2.01030413" lbRx="0" />
<wpr uId="60" tId="6" fbRx="2.010304137" lbRx="0" />
<wpr uId="60" tId="2" fbRx="2.010304146" lbRx="0" />
<wpr uId="60" tId="3" fbRx="2.010304163" lbRx="0" />
<wpr uId="60" tId="4" fbRx="2.01030418" lbRx="0" />
<pr uId="61" fId="0" fbTx="2.010488113" />
<wpr uId="61" tId="1" fbRx="2.01049213" lbRx="0" />
<wpr uId="61" tId="5" fbRx="2.01049213" lbRx="0" />
<wpr uId="61" tId="6" fbRx="2.010492137" lbRx="0" />
<wpr uId="61" tId="2" fbRx="2.010492146" lbRx="0" />
<wpr uId="61" tId="3" fbRx="2.010492163" lbRx="0" />
<wpr uId="61" tId="4" fbRx="2.01049218" lbRx="0" />
<pr uId="62" fId="2" fbTx="2.010643146" />
<wpr uId="62" tId="1" fbRx="2.010647163" lbRx="0" />
<wpr uId="62" tId="3" fbRx="2.010647163" lbRx="0" />
<wpr uId="62" tId="6" fbRx="2.01064717" lbRx="0" />
<wpr uId="62" tId="0" fbRx="2.010647179" lbRx="0" />
<wpr uId="62" tId="4" fbRx="2.010647179" lbRx="0" />
<wpr uId="62" tId="5" fbRx="2.010647183" lbRx="0" />
<pr uId="63" fId="0" fbTx="2.010719179" />
<wpr uId="63" tId="1" fbRx="2.010723196" lbRx="0" />
<wpr uId="63" tId="5" fbRx="2.010723196" lbRx="0" />
<wpr uId="63" tId="6" fbRx="2.010723203" lbRx="0" />
<wpr uId="63" tId="2" fbRx="2.010723212" lbRx="0" />
<wpr uId="63" tId="3" fbRx="2.010723229" lbRx="0" />
<wpr uId="63" tId="4" fbRx="2.010723246" lbRx="0" />
<pr uId="64" fId="0" fbTx="2.010808179" />
<wpr uId="64" tId="1" fbRx="2.010812196" lbRx="0" />
<wpr uId="64" tId="5" fbRx="2.010812196" lbRx="0" />
<wpr uId="64" tId="6" fbRx="2.010812203" lbRx="0" />
<wpr uId="64" tId="2" fbRx="2.010812212" lbRx="0" />
<wpr uId="64" tId="3" fbRx="2.010812229" lbRx="0" />
<wpr uId="64" tId="4" fbRx="2.010812246" lbRx="0" />
<pr uId="65" fId="2" fbTx="2.010884212" />
<wpr uId="65" tId="1" fbRx="2.010888229" lbRx="0" />
<wpr uId="65" tId="3" fbRx="2.010888229" lbRx="0" />
<wpr uId="65" tId="6" fbRx="2.010888236" lbRx="0" />
<wpr uId="65" tId="0" fbRx="2.010888245" lbRx="0" />
<wpr uId="65" tId="4" fbRx="2.010888245" lbRx="0" />
<wpr uId="65" tId="5" fbRx="2.010888249" lbRx="0" />
<pr uId="66" fId="0" fbTx="2.011288245" />
<wpr uId="66" tId="1" fbRx="2.011292262" lbRx="0" />
<wpr uId="66" tId="5" fbRx="2.011292262" lbRx="0" />
<wpr uId="66" tId="6" fbRx="2.011292269" lbRx="0" />
<wpr uId="66" tId="2" fbRx="2.011292278" lbRx="0" />
<wpr uId="66" tId="3" fbRx="2.011292295" lbRx="0" />
<wpr uId="66" tId="4" fbRx="2.011292312" lbRx="0" />
<pr uId="67" fId="1" fbTx="2.011443262" />
<wpr uId="67" tId="0" fbRx="2.011447279" lbRx="0" />
<wpr uId="67" tId="2" fbRx="2.011447279" lbRx="0" />
<wpr uId="67" tId="6" fbRx="2.011447279" lbRx="0" />
<wpr uId="67" tId="5" fbRx="2.011447286" lbRx="0" />
<wpr uId="67" tId="3" fbRx="2.011447295" lbRx="0" />
<wpr uId="67" tId="4" fbRx="2.011447312" lbRx="0" />
<pr uId="68" fId="0" fbTx="2.011519279" />
<wpr uId="68" tId="1" fbRx="2.011523296" lbRx="0" />
<wpr uId="68" tId="5" fbRx="2.011523296" lbRx="0" />
<wpr uId="68" tId="6" fbRx="2.011523303" lbRx="0" />
<wpr uId="68" tId="2" fbRx="2.011523312" lbRx="0" />
<wpr uId="68" tId="3" fbRx="2.011523329" lbRx="0" />
<wpr uId="68" tId="4" fbRx="2.011523346" lbRx="0" />
<pr uId="69" fId="0" fbTx="2.011617279" />
<wpr uId="69" tId="1" fbRx="2.011621296" lbRx="0" />
<wpr uId="69" tId="5" fbRx="2.011621296" lbRx="0" />
<wpr uId="69" tId="6" fbRx="2.011621303" lbRx="0" />
<wpr uId="69" tId="2" fbRx="2.011621312" lbRx="0" />
<wpr uId="69" tId="3" fbRx="2.011621329" lbRx="0" />
<wpr uId="69" tId="4" fbRx="2.011621346" lbRx="0" />
<pr uId="70" fId="1" fbTx="2.011693296" />
<wpr uId="70" tId="0" fbRx="2.011697313" lbRx="0" />
<wpr uId="70" tId="2" fbRx="2.011697313" lbRx="0" />
<wpr uId="70" tId="6" fbRx="2.011697313" lbRx="0" />
<wpr uId="70" tId="5" fbRx="2.01169732" lbRx="0" />
<wpr uId="70" tId="3" fbRx="2.011697329" lbRx="0" />
<wpr uId="70" tId="4" fbRx="2.011697346" lbRx="0" />
<pr uId="71" fId="0" fbTx="2.012340313" />
<wpr uId="71" tId="1" fbRx="2.01234433" lbRx="0" />
<wpr uId="71" tId="5" fbRx="2.01234433" lbRx="0" />
<wpr uId="71" tId="6" fbRx="2.012344337" lbRx="0" />
<wpr uId="71" tId="2" fbRx="2.012344346" lbRx="0" />
<wpr uId="71" tId="3" fbRx="2.012344363" lbRx="0" />
<wpr uId="71" tId="4" fbRx="2.01234438" lbRx="0" />
<pr uId="72" fId="4" fbTx="2.01249538" />
<wpr uId="72" tId="3" fbRx="2.012499397" lbRx="0" />
<wpr uId="72" tId="2" fbRx="2.012499413" lbRx="0" />
<wpr uId="72" tId="1" fbRx="2.01249943" lbRx="0" />
<wpr uId="72" tId="6" fbRx="2.012499433" lbRx="0" />
<wpr uId="72" tId="0" fbRx="2.012499447" lbRx="0" />
<wpr uId="72" tId="5" fbRx="2.012499449" lbRx="0" />
<pr uId="73" fId="0" fbTx="2.012571447" />
<wpr uId="73" tId="1" fbRx="2.012575464" lbRx="0" />
<wpr uId="73" tId="5" fbRx="2.012575464" lbRx="0" />
<wpr uId="73" tId="6" fbRx="2.012575471" lbRx="0" />
<wpr uId="73" tId="2" fbRx="2.01257548" lbRx="0" />
<wpr uId="73" tId="3" fbRx="2.012575497" lbRx="0" />
<wpr uId="73" tId="4" fbRx="2.012575514" lbRx="0" />
<pr uId="74" fId="0" fbTx="2.012741447" />
<wpr uId="74" tId="1" fbRx="2.012745464" lbRx="0" />
<wpr uId="74" tId="5" fbRx="2.012745464" lbRx="0" />
<wpr uId="74" tId="6" fbRx="2.012745471" lbRx="0" />
<wpr uId="74" tId="2" fbRx="2.01274548" lbRx="0" />
<wpr uId="74" tId="3" fbRx="2.012745497" lbRx="0" />
<wpr uId="74" tId="4" fbRx="2.012745514" lbRx="0" />
<pr uId="75" fId="4" fbTx="2.012833514" />
<wpr uId="75" tId="3" fbRx="2.012837531" lbRx="0" />
<wpr uId="75" tId="2" fbRx="2.012837547" lbRx="0" />
<wpr uId="75" tId="1" fbRx="2.012837564" lbRx="0" />
<wpr uId="75" tId="6" fbRx="2.012837567" lbRx="0" />
<wpr uId="75" tId="0" fbRx="2.012837581" lbRx="0" />
<wpr uId="75" tId="5" fbRx="2.012837583" lbRx="0" />
<pr uId="76" fId="4" fbTx="3.000006514" />
<pr uId="77" fId="3" fbTx="3.000006531" />
<pr uId="78" fId="2" fbTx="3.000006547" />
<pr uId="79" fId="1" fbTx="3.000006564" />
<pr uId="80" fId="6" fbTx="3.000006567" />
<pr uId="81" fId="5" fbTx="3.000006583" />
<pr uId="82" fId="5" fbTx="3.000278584" />
<wpr uId="82" tId="0" fbRx="3.000282601" lbRx="0" />
<wpr uId="82" tId="6" fbRx="3.000282601" lbRx="0" />
<wpr uId="82" tId="1" fbRx="3.000282608" lbRx="0" />
<wpr uId="82" tId="2" fbRx="3.000282621" lbRx="0" />
<wpr uId="82" tId="3" fbRx="3.000282637" lbRx="0" />
<wpr uId="82" tId="4" fbRx="3.000282653" lbRx="0" />
<pr uId="83" fId="0" fbTx="3.000354601" />
<wpr uId="83" tId="1" fbRx="3.000358618" lbRx="0" />
<wpr uId="83" tId="5" fbRx="3.000358618" lbRx="0" />
<wpr uId="83" tId="6" fbRx="3.000358625" lbRx="0" />
<wpr uId="83" tId="2" fbRx="3.000358634" lbRx="0" />
<wpr uId="83" tId="3" fbRx="3.000358651" lbRx="0" />
<wpr uId="83" tId="4" fbRx="3.000358668" lbRx="0" />
<pr uId="84" fId="0" fbTx="3.000425601" />
<wpr uId="84" tId="1" fbRx="3.000429618" lbRx="0" />
<wpr uId="84" tId="5" fbRx="3.000429618" lbRx="0" />
<wpr uId="84" tId="6" fbRx="3.000429625" lbRx="0" />
<wpr uId="84" tId="2" fbRx="3.000429634" lbRx="0" />
<wpr uId="84" tId="3" fbRx="3.000429651" lbRx="0" />
<wpr uId="84" tId="4" fbRx="3.000429668" lbRx="0" />
<pr uId="85" fId="5" fbTx="3.000501618" />
<wpr uId="85" tId="0" fbRx="3.000505635" lbRx="0" />
<wpr uId="85" tId="6" fbRx="3.000505635" lbRx="0" />
<wpr uId="85" tId="1" fbRx="3.000505642" lbRx="0" />
<wpr uId="85" tId="2" fbRx="3.000505655" lbRx="0" />
<wpr uId="85" tId="3" fbRx="3.000505671" lbRx="0" />
<wpr uId="85" tId="4" fbRx="3.000505687" lbRx="0" />
<pr uId="86" fId="4" fbTx="3.000669668" />
<pr uId="87" fId="2" fbTx="3.000671655" />
<wpr uId="87" tId="1" fbRx="3.000675672" lbRx="0" />
<wpr uId="87" tId="6" fbRx="3.000675679" lbRx="0" />
<wpr uId="87" tId="0" fbRx="3.000675688" lbRx="0" />
<wpr uId="87" tId="5" fbRx="3.000675692" lbRx="0" />
<pr uId="88" fId="0" fbTx="3.000747688" />
<wpr uId="88" tId="1" fbRx="3.000751705" lbRx="0" />
<wpr uId="88" tId="5" fbRx="3.000751705" lbRx="0" />
<wpr uId="88" tId="6" fbRx="3.000751712" lbRx="0" />
<wpr uId="88" tId="2" fbRx="3.000751721" lbRx="0" />
<wpr uId="88" tId="3" fbRx="3.000751738" lbRx="0" />
<wpr uId="88" tId="4" fbRx="3.000751755" lbRx="0" />
<pr uId="89" fId="0" fbTx="3.000818688" />
<wpr uId="89" tId="1" fbRx="3.000822705" lbRx="0" />
<wpr uId="89" tId="5" fbRx="3.000822705" lbRx="0" />
<wpr uId="89" tId="6" fbRx="3.000822712" lbRx="0" />
<wpr uId="89" tId="2" fbRx="3.000822721" lbRx="0" />
<wpr uId="89" tId="3" fbRx="3.000822738" lbRx="0" />
<wpr uId="89" tId="4" fbRx="3.000822755" lbRx="0" />
<pr uId="90" fId="2" fbTx="3.000894721" />
<wpr uId="90" tId="1" fbRx="3.000898738" lbRx="0" />
<wpr uId="90" tId="3" fbRx="3.000898738" lbRx="0" />
<wpr uId="90" tId="6" fbRx="3.000898745" lbRx="0" />
<wpr uId="90" tId="0" fbRx="3.000898754" lbRx="0" />
<wpr uId="90" tId="4" fbRx="3.000898754" lbRx="0" />
<wpr uId="90" tId="5" fbRx="3.000898758" lbRx="0" />
<pr uId="91" fId="4" fbTx="3.000965754" />
<wpr uId="91" tId="3" fbRx="3.000969771" lbRx="0" />
<wpr uId="91" tId="2" fbRx="3.000969787" lbRx="0" />
<wpr uId="91" tId="1" fbRx="3.000969804" lbRx="0" />
<wpr uId="91" tId="6" fbRx="3.000969807" lbRx="0" />
<wpr uId="91" tId="0" fbRx="3.000969821" lbRx="0" />
<wpr uId="91" tId="5" fbRx="3.000969823" lbRx="0" />
<pr uId="92" fId="0" fbTx="3.001057821" />
<wpr uId="92" tId="1" fbRx="3.001061838" lbRx="0" />
<wpr uId="92" tId="5" fbRx="3.001061838" lbRx="0" />
<wpr uId="92" tId="6" fbRx="3.001061845" lbRx="0" />
<wpr uId="92" tId="2" fbRx="3.001061854" lbRx="0" />
<wpr uId="92" tId="3" fbRx="3.001061871" lbRx="0" />
<wpr uId="92" tId="4" fbRx="3.001061888" lbRx="0" />
<pr uId="93" fId="1" fbTx="3.001128838" />
<wpr uId="93" tId="0" fbRx="3.001132855" lbRx="0" />
<wpr uId="93" tId="2" fbRx="3.001132855" lbRx="0" />
<wpr uId="93" tId="6" fbRx="3.001132855" lbRx="0" />
<wpr uId="93" tId="5" fbRx="3.001132862" lbRx="0" />
<wpr uId="93" tId="3" fbRx="3.001132871" lbRx="0" />
<wpr uId="93" tId="4" fbRx="3.001132888" lbRx="0" />
<pr uId="94" fId="0" fbTx="3.001204855" />
<wpr uId="94" tId="1" fbRx="3.001208872" lbRx="0" />
<wpr uId="94" tId="5" fbRx="3.001208872" lbRx="0" />
<wpr uId="94" tId="6" fbRx="3.001208879" lbRx="0" />
<wpr uId="94" tId="2" fbRx="3.001208888" lbRx="0" />
<wpr uId="94" tId="3" fbRx="3.001208905" lbRx="0" />
<wpr uId="94" tId="4" fbRx="3.001208922" lbRx="0" />
<pr uId="95" fId="0" fbTx="3.001383855" />
<wpr uId="95" tId="1" fbRx="3.001387872" lbRx="0" />
<wpr uId="95" tId="5" fbRx="3.001387872" lbRx="0" />
<wpr uId="95" tId="6" fbRx="3.001387879" lbRx="0" />
<wpr uId="95" tId="2" fbRx="3.001387888" lbRx="0" />
<wpr uId="95" tId="3" fbRx="3.001387905" lbRx="0" />
<wpr uId="95" tId="4" fbRx="3.001387922" lbRx="0" />
<pr uId="96" fId="4" fbTx="3.001475922" />
<wpr uId="96" tId="3" fbRx="3.001479939" lbRx="0" />
<wpr uId="96" tId="2" fbRx="3.001479955" lbRx="0" />
<wpr uId="96" tId="1" fbRx="3.001479972" lbRx="0" />
<wpr uId="96" tId="6" fbRx="3.001479975" lbRx="0" />
<wpr uId="96" tId="0" fbRx="3.001479989" lbRx="0" />
<wpr uId="96" tId="5" fbRx="3.001479991" lbRx="0" />
<pr uId="97" fId="0" fbTx="3.001654989" />
<wpr uId="97" tId="1" fbRx="3.001659006" lbRx="0" />
<wpr uId="97" tId="5" fbRx="3.001659006" lbRx="0" />
<wpr uId="97" tId="6" fbRx="3.001659013" lbRx="0" />
<wpr uId="97" tId="2" fbRx="3.001659022" lbRx="0" />
<wpr uId="97" tId="3" fbRx="3.001659039" lbRx="0" />
<wpr uId="97" tId="4" fbRx="3.001659056" lbRx="0" />
<pr uId="98" fId="1" fbTx="3.001731006" />
<wpr uId="98" tId="0" fbRx="3.001735023" lbRx="0" />
<wpr uId="98" tId="2" fbRx="3.001735023" lbRx="0" />
<wpr uId="98" tId="6" fbRx="3.001735023" lbRx="0" />
<wpr uId="98" tId="5" fbRx="3.00173503" lbRx="0" />
<wpr uId="98" tId="3" fbRx="3.001735039" lbRx="0" />
<wpr uId="98" tId="4" fbRx="3.001735056" lbRx="0" />
<pr uId="99" fId="1" fbTx="4.000001006" />
<pr uId="100" fId="2" fbTx="4.000001023" />
<pr uId="101" fId="6" fbTx="4.000001023" />
<pr uId="102" fId="5" fbTx="4.00000103" />
<pr uId="103" fId="3" fbTx="4.000001039" />
<pr uId="104" fId="4" fbTx="4.000001056" />
<pr uId="105" fId="2" fbTx="4.000269023" />
<wpr uId="105" tId="1" fbRx="4.00027304" lbRx="0" />
<wpr uId="105" tId="3" fbRx="4.00027304" lbRx="0" />
<wpr uId="105" tId="6" fbRx="4.000273047" lbRx="0" />
<wpr uId="105" tId="0" fbRx="4.000273056" lbRx="0" />
<wpr uId="105" tId="4" fbRx="4.000273056" lbRx="0" />
<wpr uId="105" tId="5" fbRx="4.00027306" lbRx="0" />
<pr uId="106" fId="0" fbTx="4.000393056" />
<wpr uId="106" tId="1" fbRx="4.000397073" lbRx="0" />
<wpr uId="106" tId="5" fbRx="4.000397073" lbRx="0" />
<wpr uId="106" tId="6" fbRx="4.00039708" lbRx="0" />
<wpr uId="106" tId="2" fbRx="4.000397089" lbRx="0" />
<wpr uId="106" tId="3" fbRx="4.000397106" lbRx="0" />
<wpr uId="106" tId="4" fbRx="4.000397123" lbRx="0" />
<pr uId="107" fId="0" fbTx="4.000468056" />
<wpr uId="107" tId="1" fbRx="4.000472073" lbRx="0" />
<wpr uId="107" tId="5" fbRx="4.000472073" lbRx="0" />
<wpr uId="107" tId="6" fbRx="4.00047208" lbRx="0" />
<wpr uId="107" tId="2" fbRx="4.000472089" lbRx="0" />
<wpr uId="107" tId="3" fbRx="4.000472106" lbRx="0" />
<wpr uId="107" tId="4" fbRx="4.000472123" lbRx="0" />
<pr uId="108" fId="2" fbTx="4.000544089" />
<wpr uId="108" tId="1" fbRx="4.000548106" lbRx="0" />
<wpr uId="108" tId="3" fbRx="4.000548106" lbRx="0" />
<wpr uId="108" tId="6" fbRx="4.000548113" lbRx="0" />
<wpr uId="108" tId="0" fbRx="4.000548122" lbRx="0" />
<wpr uId="108" tId="4" fbRx="4.000548122" lbRx="0" />
<wpr uId="108" tId="5" fbRx="4.000548126" lbRx="0" />
<pr uId="109" fId="1" fbTx="4.000678106" />
<wpr uId="109" tId="0" fbRx="4.000682123" lbRx="0" />
<wpr uId="109" tId="2" fbRx="4.000682123" lbRx="0" />
<wpr uId="109" tId="6" fbRx="4.000682123" lbRx="0" />
<wpr uId="109" tId="5" fbRx="4.00068213" lbRx="0" />
<wpr uId="109" tId="3" fbRx="4.000682139" lbRx="0" />
<wpr uId="109" tId="4" fbRx="4.000682156" lbRx="0" />
<pr uId="110" fId="0" fbTx="4.000754123" />
<wpr uId="110" tId="1" fbRx="4.00075814" lbRx="0" />
<wpr uId="110" tId="5" fbRx="4.00075814" lbRx="0" />
<wpr uId="110" tId="6" fbRx="4.000758147" lbRx="0" />
<wpr uId="110" tId="2" fbRx="4.000758156" lbRx="0" />
<wpr uId="110" tId="3" fbRx="4.000758173" lbRx="0" />
<wpr uId="110" tId="4" fbRx="4.00075819" lbRx="0" />
<pr uId="111" fId="0" fbTx="4.000834123" />
<wpr uId="111" tId="1" fbRx="4.00083814" lbRx="0" />
<wpr uId="111" tId="5" fbRx="4.00083814" lbRx="0" />
<wpr uId="111" tId="6" fbRx="4.000838147" lbRx="0" />
<wpr uId="111" tId="2" fbRx="4.000838156" lbRx="0" />
<wpr uId="111" tId="3" fbRx="4.000838173" lbRx="0" />
<wpr uId="111" tId="4" fbRx="4.00083819" lbRx="0" />
<pr uId="112" fId="1" fbTx="4.00091014" />
<wpr uId="112" tId="0" fbRx="4.000914157" lbRx="0" />
<wpr uId="112" tId="2" fbRx="4.000914157" lbRx="0" />
<wpr uId="112" tId="6" fbRx="4.000914157" lbRx="0" />
<wpr uId="112" tId="5" fbRx="4.000914164" lbRx="0" />
<wpr uId="112" tId="3" fbRx="4.000914173" lbRx="0" />
<wpr uId="112" tId="4" fbRx="4.00091419" lbRx="0" />
<pr uId="113" fId="4" fbTx="4.00101519" />
<wpr uId="113" tId="3" fbRx="4.001019207" lbRx="0" />
<wpr uId="113" tId="2" fbRx="4.001019223" lbRx="0" />
<wpr uId="113" tId="1" fbRx="4.00101924" lbRx="0" />
<wpr uId="113" tId="6" fbRx="4.001019243" lbRx="0" />
<wpr uId="113" tId="0" fbRx="4.001019257" lbRx="0" />
<wpr uId="113" tId="5" fbRx="4.001019259" lbRx="0" />
<pr uId="114" fId="0" fbTx="4.001107257" />
<wpr uId="114" tId="1" fbRx="4.001111274" lbRx="0" />
<wpr uId="114" tId="5" fbRx="4.001111274" lbRx="0" />
<wpr uId="114" tId="6" fbRx="4.001111281" lbRx="0" />
<wpr uId="114" tId="2" fbRx="4.00111129" lbRx="0" />
<wpr uId="114" tId="3" fbRx="4.001111307" lbRx="0" />
<wpr uId="114" tId="4" fbRx="4.001111324" lbRx="0" />
<pr uId="115" fId="5" fbTx="4.001178274" />
<wpr uId="115" tId="0" fbRx="4.001182291" lbRx="0" />
<wpr uId="115" tId="6" fbRx="4.001182291" lbRx="0" />
<wpr uId="115" tId="1" fbRx="4.001182298" lbRx="0" />
<wpr uId="115" tId="2" fbRx="4.001182311" lbRx="0" />
<wpr uId="115" tId="3" fbRx="4.001182327" lbRx="0" />
<wpr uId="115" tId="4" fbRx="4.001182343" lbRx="0" />
<pr uId="116" fId="0" fbTx="4.001254291" />
<wpr uId="116" tId="1" fbRx="4.001258308" lbRx="0" />
<wpr uId="116" tId="5" fbRx="4.001258308" lbRx="0" />
<wpr uId="116" tId="6" fbRx="4.001258315" lbRx="0" />
<wpr uId="116" tId="2" fbRx="4.001258324" lbRx="0" />
<wpr uId="116" tId="3" fbRx="4.001258341" lbRx="0" />
<wpr uId="116" tId="4" fbRx="4.001258358" lbRx="0" />
<pr uId="117" fId="0" fbTx="4.001334291" />
<wpr uId="117" tId="1" fbRx="4.001338308" lbRx="0" />
<wpr uId="117" tId="5" fbRx="4.001338308" lbRx="0" />
<wpr uId="117" tId="6" fbRx="4.001338315" lbRx="0" />
<wpr uId="117" tId="2" fbRx="4.001338324" lbRx="0" />
<wpr uId="117" tId="3" fbRx="4.001338341" lbRx="0" />
<wpr uId="117" tId="4" fbRx="4.001338358" lbRx="0" />
<pr uId="118" fId="4" fbTx="4.001426358" />
<wpr uId="118" tId="3" fbRx="4.001430375" lbRx="0" />
<wpr uId="118" tId="2" fbRx="4.001430391" lbRx="0" />
<wpr uId="118" tId="1" fbRx="4.001430408" lbRx="0" />
<wpr uId="118" tId="6" fbRx="4.001430411" lbRx="0" />
<wpr uId="118" tId="0" fbRx="4.001430425" lbRx="0" />
<wpr uId="118" tId="5" fbRx="4.001430427" lbRx="0" />
<pr uId="119" fId="0" fbTx="4.001533425" />
<wpr uId="119" tId="1" fbRx="4.001537442" lbRx="0" />
<wpr uId="119" tId="5" fbRx="4.001537442" lbRx="0" />
<wpr uId="119" tId="6" fbRx="4.001537449" lbRx="0" />
<wpr uId="119" tId="2" fbRx="4.001537458" lbRx="0" />
<wpr uId="119" tId="3" fbRx="4.001537475" lbRx="0" />
<wpr uId="119" tId="4" fbRx="4.001537492" lbRx="0" />
<pr uId="120" fId="5" fbTx="4.001609442" />
<wpr uId="120" tId="0" fbRx="4.001613459" lbRx="0" />
<wpr uId="120" tId="6" fbRx="4.001613459" lbRx="0" />
<wpr uId="120" tId="1" fbRx="4.001613466" lbRx="0" />
<wpr uId="120" tId="2" fbRx="4.001613479" lbRx="0" />
<wpr uId="120" tId="3" fbRx="4.001613495" lbRx="0" />
<wpr uId="120" tId="4" fbRx="4.001613511" lbRx="0" />
<pr uId="121" fId="5" fbTx="5.000005442" />
<pr uId="122" fId="6" fbTx="5.000005459" />
<pr uId="123" fId="1" fbTx="5.000005466" />
<pr uId="124" fId="2" fbTx="5.000005479" />
<pr uId="125" fId="3" fbTx="5.000005495" />
<pr uId="126" fId="4" fbTx="5.000005511" />
<pr uId="127" fId="1" fbTx="5.000322528" />
<wpr uId="127" tId="0" fbRx="5.000326545" lbRx="0" />
<wpr uId="127" tId="2" fbRx="5.000326545" lbRx="0" />
<wpr uId="127" tId="6" fbRx="5.000326545" lbRx="0" />
<wpr uId="127" tId="5" fbRx="5.000326552" lbRx="0" />
<wpr uId="127" tId="3" fbRx="5.000326561" lbRx="0" />
<wpr uId="127" tId="4" fbRx="5.000326578" lbRx="0" />
<pr uId="128" fId="0" fbTx="5.000398545" />
<wpr uId="128" tId="1" fbRx="5.000402562" lbRx="0" />
<wpr uId="128" tId="5" fbRx="5.000402562" lbRx="0" />
<wpr uId="128" tId="6" fbRx="5.000402569" lbRx="0" />
<wpr uId="128" tId="2" fbRx="5.000402578" lbRx="0" />
<wpr uId="128" tId="3" fbRx="5.000402595" lbRx="0" />
<wpr uId="128" tId="4" fbRx="5.000402612" lbRx="0" />
<pr uId="129" fId="0" fbTx="5.000469545" />
<wpr uId="129" tId="1" fbRx="5.000473562" lbRx="0" />
<wpr uId="129" tId="5" fbRx="5.000473562" lbRx="0" />
<wpr uId="129" tId="6" fbRx="5.000473569" lbRx="0" />
<wpr uId="129" tId="2" fbRx="5.000473578" lbRx="0" />
<wpr uId="129" tId="3" fbRx="5.000473595" lbRx="0" />
<wpr uId="129" tId="4" fbRx="5.000473612" lbRx="0" />
<pr uId="130" fId="1" fbTx="5.000545562" />
<wpr uId="130" tId="0" fbRx="5.000549579" lbRx="0" />
<wpr uId="130" tId="2" fbRx="5.000549579" lbRx="0" />
<wpr uId="130" tId="6" fbRx="5.000549579" lbRx="0" />
<wpr uId="130" tId="5" fbRx="5.000549586" lbRx="0" />
<wpr uId="130" tId="3" fbRx="5.000549595" lbRx="0" />
<wpr uId="130" tId="4" fbRx="5.000549612" lbRx="0" />
<pr uId="131" fId="5" fbTx="5.000652586" />
<wpr uId="131" tId="0" fbRx="5.000656603" lbRx="0" />
<wpr uId="131" tId="6" fbRx="5.000656603" lbRx="0" />
<wpr uId="131" tId="1" fbRx="5.00065661" lbRx="0" />
<wpr uId="131" tId="2" fbRx="5.000656623" lbRx="0" />
<wpr uId="131" tId="3" fbRx="5.000656639" lbRx="0" />
<wpr uId="131" tId="4" fbRx="5.000656655" lbRx="0" />
<pr uId="132" fId="0" fbTx="5.000728603" />
<wpr uId="132" tId="1" fbRx="5.00073262" lbRx="0" />
<wpr uId="132" tId="5" fbRx="5.00073262" lbRx="0" />
<wpr uId="132" tId="6" fbRx="5.000732627" lbRx="0" />
<wpr uId="132" tId="2" fbRx="5.000732636" lbRx="0" />
<wpr uId="132" tId="3" fbRx="5.000732653" lbRx="0" />
<wpr uId="132" tId="4" fbRx="5.00073267" lbRx="0" />
<pr uId="133" fId="0" fbTx="5.000799603" />
<wpr uId="133" tId="1" fbRx="5.00080362" lbRx="0" />
<wpr uId="133" tId="5" fbRx="5.00080362" lbRx="0" />
<wpr uId="133" tId="6" fbRx="5.000803627" lbRx="0" />
<wpr uId="133" tId="2" fbRx="5.000803636" lbRx="0" />
<wpr uId="133" tId="3" fbRx="5.000803653" lbRx="0" />
<wpr uId="133" tId="4" fbRx="5.00080367" lbRx="0" />
<pr uId="134" fId="5" fbTx="5.00087562" />
<wpr uId="134" tId="0" fbRx="5.000879637" lbRx="0" />
<wpr uId="134" tId="6" fbRx="5.000879637" lbRx="0" />
<wpr uId="134" tId="1" fbRx="5.000879644" lbRx="0" />
<wpr uId="134" tId="2" fbRx="5.000879657" lbRx="0" />
<wpr uId="134" tId="3" fbRx="5.000879673" lbRx="0" />
<wpr uId="134" tId="4" fbRx="5.000879689" lbRx="0" />
<pr uId="135" fId="2" fbTx="5.000980636" />
<pr uId="136" fId="4" fbTx="5.000982689" />
<wpr uId="135" tId="1" fbRx="5.000984653" lbRx="0" />
<wpr uId="135" tId="6" fbRx="5.00098466" lbRx="0" />
<wpr uId="135" tId="0" fbRx="5.000984669" lbRx="0" />
<wpr uId="135" tId="5" fbRx="5.000984673" lbRx="0" />
<pr uId="137" fId="4" fbTx="5.001362689" />
<wpr uId="137" tId="3" fbRx="5.001366706" lbRx="0" />
<wpr uId="137" tId="2" fbRx="5.001366722" lbRx="0" />
<wpr uId="137" tId="1" fbRx="5.001366739" lbRx="0" />
<wpr uId="137" tId="6" fbRx="5.001366742" lbRx="0" />
<wpr uId="137" tId="0" fbRx="5.001366756" lbRx="0" />
<wpr uId="137" tId="5" fbRx="5.001366758" lbRx="0" />
<pr uId="138" fId="0" fbTx="5.001454756" />
<wpr uId="138" tId="1" fbRx="5.001458773" lbRx="0" />
<wpr uId="138" tId="5" fbRx="5.001458773" lbRx="0" />
<wpr uId="138" tId="6" fbRx="5.00145878" lbRx="0" />
<wpr uId="138" tId="2" fbRx="5.001458789" lbRx="0" />
<wpr uId="138" tId="3" fbRx="5.001458806" lbRx="0" />
<wpr uId="138" tId="4" fbRx="5.001458823" lbRx="0" />
<pr uId="139" fId="0" fbTx="5.001525756" />
<wpr uId="139" tId="1" fbRx="5.001529773" lbRx="0" />
<wpr uId="139" tId="5" fbRx="5.001529773" lbRx="0" />
<wpr uId="139" tId="6" fbRx="5.00152978" lbRx="0" />
<wpr uId="139" tId="2" fbRx="5.001529789" lbRx="0" />
<wpr uId="139" tId="3" fbRx="5.001529806" lbRx="0" />
<wpr uId="139" tId="4" fbRx="5.001529823" lbRx="0" />
<pr uId="140" fId="4" fbTx="5.001617823" />
<wpr uId="140" tId="3" fbRx="5.00162184" lbRx="0" />
<wpr uId="140" tId="2" fbRx="5.001621856" lbRx="0" />
<wpr uId="140" tId="1" fbRx="5.001621873" lbRx="0" />
<wpr uId="140" tId="6" fbRx="5.001621876" lbRx="0" />
<wpr uId="140" tId="0" fbRx="5.00162189" lbRx="0" />
<wpr uId="140" tId="5" fbRx="5.001621892" lbRx="0" />
<pr uId="141" fId="2" fbTx="5.001913856" />
<wpr uId="141" tId="1" fbRx="5.001917873" lbRx="0" />
<wpr uId="141" tId="3" fbRx="5.001917873" lbRx="0" />
<wpr uId="141" tId="6" fbRx="5.00191788" lbRx="0" />
<wpr uId="141" tId="0" fbRx="5.001917889" lbRx="0" />
<wpr uId="141" tId="4" fbRx="5.001917889" lbRx="0" />
<wpr uId="141" tId="5" fbRx="5.001917893" lbRx="0" />
<pr uId="142" fId="0" fbTx="5.001989889" />
<wpr uId="142" tId="1" fbRx="5.001993906" lbRx="0" />
<wpr uId="142" tId="5" fbRx="5.001993906" lbRx="0" />
<wpr uId="142" tId="6" fbRx="5.001993913" lbRx="0" />
<wpr uId="142" tId="2" fbRx="5.001993922" lbRx="0" />
<wpr uId="142" tId="3" fbRx="5.001993939" lbRx="0" />
<wpr uId="142" tId="4" fbRx="5.001993956" lbRx="0" />
<pr uId="143" fId="0" fbTx="5.002060889" />
<wpr uId="143" tId="1" fbRx="5.002064906" lbRx="0" />
<wpr uId="143" tId="5" fbRx="5.002064906" lbRx="0" />
<wpr uId="143" tId="6" fbRx="5.002064913" lbRx="0" />
<wpr uId="143" tId="2" fbRx="5.002064922" lbRx="0" />
<wpr uId="143" tId="3" fbRx="5.002064939" lbRx="0" />
<wpr uId="143" tId="4" fbRx="5.002064956" lbRx="0" />
<pr uId="144" fId="2" fbTx="5.002136922" />
<wpr uId="144" tId="1" fbRx="5.002140939" lbRx="0" />
<wpr uId="144" tId="3" fbRx="5.002140939" lbRx="0" />
<wpr uId="144" tId="6" fbRx="5.002140946" lbRx="0" />
<wpr uId="144" tId="0" fbRx="5.002140955" lbRx="0" />
<wpr uId="144" tId="4" fbRx="5.002140955" lbRx="0" />
<wpr uId="144" tId="5" fbRx="5.002140959" lbRx="0" />
<pr uId="145" fId="2" fbTx="6.000001922" />
<pr uId="146" fId="1" fbTx="6.000001939" />
<pr uId="147" fId="4" fbTx="6.000001955" />
<pr uId="148" fId="5" fbTx="6.000001959" />
<pr uId="149" fId="2" fbTx="6.000248922" />
<wpr uId="149" tId="1" fbRx="6.000252939" lbRx="0" />
<wpr uId="149" tId="3" fbRx="6.000252939" lbRx="0" />
<wpr uId="149" tId="6" fbRx="6.000252946" lbRx="0" />
<wpr uId="149" tId="0" fbRx="6.000252955" lbRx="0" />
<wpr uId="149" tId="4" fbRx="6.000252955" lbRx="0" />
<wpr uId="149" tId="5" fbRx="6.000252959" lbRx="0" />
<pr uId="150" fId="0" fbTx="6.000324955" />
<wpr uId="150" tId="1" fbRx="6.000328972" lbRx="0" />
<wpr uId="150" tId="5" fbRx="6.000328972" lbRx="0" />
<wpr uId="150" tId="6" fbRx="6.000328979" lbRx="0" />
<wpr uId="150" tId="2" fbRx="6.000328988" lbRx="0" />
<wpr uId="150" tId="3" fbRx="6.000329005" lbRx="0" />
<wpr uId="150" tId="4" fbRx="6.000329022" lbRx="0" />
<pr uId="151" fId="0" fbTx="6.000395955" />
<wpr uId="151" tId="1" fbRx="6.000399972" lbRx="0" />
<wpr uId="151" tId="5" fbRx="6.000399972" lbRx="0" />
<wpr uId="151" tId="6" fbRx="6.000399979" lbRx="0" />
<wpr uId="151" tId="2" fbRx="6.000399988" lbRx="0" />
<wpr uId="151" tId="3" fbRx="6.000400005" lbRx="0" />
<wpr uId="151" tId="4" fbRx="6.000400022" lbRx="0" />
<pr uId="152" fId="2" fbTx="6.000471988" />
<wpr uId="152" tId="1" fbRx="6.000476005" lbRx="0" />
<wpr uId="152" tId="3" fbRx="6.000476005" lbRx="0" />
<wpr uId="152" tId="6" fbRx="6.000476012" lbRx="0" />
<wpr uId="152" tId="0" fbRx="6.000476021" lbRx="0" />
<wpr uId="152" tId="4" fbRx="6.000476021" lbRx="0" />
<wpr uId="152" tId="5" fbRx="6.000476025" lbRx="0" />
<pr uId="153" fId="4" fbTx="6.000568022" />
<wpr uId="153" tId="3" fbRx="6.000572039" lbRx="0" />
<wpr uId="153" tId="2" fbRx="6.000572055" lbRx="0" />
<wpr uId="153" tId="1" fbRx="6.000572072" lbRx="0" />
<wpr uId="153" tId="6" fbRx="6.000572075" lbRx="0" />
<wpr uId="153" tId="0" fbRx="6.000572089" lbRx="0" />
<wpr uId="153" tId="5" fbRx="6.000572091" lbRx="0" />
<pr uId="154" fId="0" fbTx="6.000660089" />
<wpr uId="154" tId="1" fbRx="6.000664106" lbRx="0" />
<wpr uId="154" tId="5" fbRx="6.000664106" lbRx="0" />
<wpr uId="154" tId="6" fbRx="6.000664113" lbRx="0" />
<wpr uId="154" tId="2" fbRx="6.000664122" lbRx="0" />
<wpr uId="154" tId="3" fbRx="6.000664139" lbRx="0" />
<wpr uId="154" tId="4" fbRx="6.000664156" lbRx="0" />
<pr uId="155" fId="0" fbTx="6.000812089" />
<wpr uId="155" tId="1" fbRx="6.000816106" lbRx="0" />
<wpr uId="155" tId="5" fbRx="6.000816106" lbRx="0" />
<wpr uId="155" tId="6" fbRx="6.000816113" lbRx="0" />
<wpr uId="155" tId="2" fbRx="6.000816122" lbRx="0" />
<wpr uId="155" tId="3" fbRx="6.000816139" lbRx="0" />
<wpr uId="155" tId="4" fbRx="6.000816156" lbRx="0" />
<pr uId="156" fId="4" fbTx="6.000904156" />
<wpr uId="156" tId="3" fbRx="6.000908173" lbRx="0" />
<wpr uId="156" tId="2" fbRx="6.000908189" lbRx="0" />
<wpr uId="156" tId="1" fbRx="6.000908206" lbRx="0" />
<wpr uId="156" tId="6" fbRx="6.000908209" lbRx="0" />
<wpr uId="156" tId="0" fbRx="6.000908223" lbRx="0" />
<wpr uId="156" tId="5" fbRx="6.000908225" lbRx="0" />
<pr uId="157" fId="1" fbTx="6.001002206" />
<pr uId="158" fId="5" fbTx="6.001002225" />
<wpr uId="157" tId="2" fbRx="6.001006223" lbRx="0" />
<wpr uId="157" tId="3" fbRx="6.001006239" lbRx="0" />
<wpr uId="157" tId="4" fbRx="6.001006256" lbRx="0" />
<pr uId="159" fId="1" fbTx="6.001249206" />
<wpr uId="159" tId="0" fbRx="6.001253223" lbRx="0" />
<wpr uId="159" tId="2" fbRx="6.001253223" lbRx="0" />
<wpr uId="159" tId="6" fbRx="6.001253223" lbRx="0" />
<wpr uId="159" tId="5" fbRx="6.00125323" lbRx="0" />
<wpr uId="159" tId="3" fbRx="6.001253239" lbRx="0" />
<wpr uId="159" tId="4" fbRx="6.001253256" lbRx="0" />
<pr uId="160" fId="0" fbTx="6.001325223" />
<wpr uId="160" tId="1" fbRx="6.00132924" lbRx="0" />
<wpr uId="160" tId="5" fbRx="6.00132924" lbRx="0" />
<wpr uId="160" tId="6" fbRx="6.001329247" lbRx="0" />
<wpr uId="160" tId="2" fbRx="6.001329256" lbRx="0" />
<wpr uId="160" tId="3" fbRx="6.001329273" lbRx="0" />
<wpr uId="160" tId="4" fbRx="6.00132929" lbRx="0" />
<pr uId="161" fId="0" fbTx="6.001396223" />
<wpr uId="161" tId="1" fbRx="6.00140024" lbRx="0" />
<wpr uId="161" tId="5" fbRx="6.00140024" lbRx="0" />
<wpr uId="161" tId="6" fbRx="6.001400247" lbRx="0" />
<wpr uId="161" tId="2" fbRx="6.001400256" lbRx="0" />
<wpr uId="161" tId="3" fbRx="6.001400273" lbRx="0" />
<wpr uId="161" tId="4" fbRx="6.00140029" lbRx="0" />
<pr uId="162" fId="1" fbTx="6.00147224" />
<wpr uId="162" tId="0" fbRx="6.001476257" lbRx="0" />
<wpr uId="162" tId="2" fbRx="6.001476257" lbRx="0" />
<wpr uId="162" tId="6" fbRx="6.001476257" lbRx="0" />
<wpr uId="162" tId="5" fbRx="6.001476264" lbRx="0" />
<wpr uId="162" tId="3" fbRx="6.001476273" lbRx="0" />
<wpr uId="162" tId="4" fbRx="6.00147629" lbRx="0" />
<pr uId="163" fId="5" fbTx="6.001768264" />
<wpr uId="163" tId="0" fbRx="6.001772281" lbRx="0" />
<wpr uId="163" tId="6" fbRx="6.001772281" lbRx="0" />
<wpr uId="163" tId="1" fbRx="6.001772288" lbRx="0" />
<wpr uId="163" tId="2" fbRx="6.001772301" lbRx="0" />
<wpr uId="163" tId="3" fbRx="6.001772317" lbRx="0" />
<wpr uId="163" tId="4" fbRx="6.001772333" lbRx="0" />
<pr uId="164" fId="0" fbTx="6.001844281" />
<wpr uId="164" tId="1" fbRx="6.001848298" lbRx="0" />
<wpr uId="164" tId="5" fbRx="6.001848298" lbRx="0" />
<wpr uId="164" tId="6" fbRx="6.001848305" lbRx="0" />
<wpr uId="164" tId="2" fbRx="6.001848314" lbRx="0" />
<wpr uId="164" tId="3" fbRx="6.001848331" lbRx="0" />
<wpr uId="164" tId="4" fbRx="6.001848348" lbRx="0" />
<pr uId="165" fId="0" fbTx="6.001915281" />
<wpr uId="165" tId="1" fbRx="6.001919298" lbRx="0" />
<wpr uId="165" tId="5" fbRx="6.001919298" lbRx="0" />
<wpr uId="165" tId="6" fbRx="6.001919305" lbRx="0" />
<wpr uId="165" tId="2" fbRx="6.001919314" lbRx="0" />
<wpr uId="165" tId="3" fbRx="6.001919331" lbRx="0" />
<wpr uId="165" tId="4" fbRx="6.001919348" lbRx="0" />
<pr uId="166" fId="5" fbTx="6.001991298" />
<wpr uId="166" tId="0" fbRx="6.001995315" lbRx="0" />
<wpr uId="166" tId="6" fbRx="6.001995315" lbRx="0" />
<wpr uId="166" tId="1" fbRx="6.001995322" lbRx="0" />
<wpr uId="166" tId="2" fbRx="6.001995335" lbRx="0" />
<wpr uId="166" tId="3" fbRx="6.001995351" lbRx="0" />
<wpr uId="166" tId="4" fbRx="6.001995367" lbRx="0" />
<pr uId="167" fId="5" fbTx="7.000000298" />
<pr uId="168" fId="1" fbTx="7.000000322" />
<pr uId="169" fId="2" fbTx="7.000000335" />
<pr uId="170" fId="4" fbTx="7.000000367" />
<pr uId="171" fId="1" fbTx="7.000166322" />
<wpr uId="171" tId="0" fbRx="7.000170339" lbRx="0" />
<wpr uId="171" tId="2" fbRx="7.000170339" lbRx="0" />
<wpr uId="171" tId="6" fbRx="7.000170339" lbRx="0" />
<wpr uId="171" tId="5" fbRx="7.000170346" lbRx="0" />
<wpr uId="171" tId="3" fbRx="7.000170355" lbRx="0" />
<wpr uId="171" tId="4" fbRx="7.000170372" lbRx="0" />
<pr uId="172" fId="0" fbTx="7.000242339" />
<wpr uId="172" tId="1" fbRx="7.000246356" lbRx="0" />
<wpr uId="172" tId="5" fbRx="7.000246356" lbRx="0" />
<wpr uId="172" tId="6" fbRx="7.000246363" lbRx="0" />
<wpr uId="172" tId="2" fbRx="7.000246372" lbRx="0" />
<wpr uId="172" tId="3" fbRx="7.000246389" lbRx="0" />
<wpr uId="172" tId="4" fbRx="7.000246406" lbRx="0" />
<pr uId="173" fId="0" fbTx="7.000313339" />
<wpr uId="173" tId="1" fbRx="7.000317356" lbRx="0" />
<wpr uId="173" tId="5" fbRx="7.000317356" lbRx="0" />
<wpr uId="173" tId="6" fbRx="7.000317363" lbRx="0" />
<wpr uId="173" tId="2" fbRx="7.000317372" lbRx="0" />
<wpr uId="173" tId="3" fbRx="7.000317389" lbRx="0" />
<wpr uId="173" tId="4" fbRx="7.000317406" lbRx="0" />
<pr uId="174" fId="1" fbTx="7.000389356" />
<wpr uId="174" tId="0" fbRx="7.000393373" lbRx="0" />
<wpr uId="174" tId="2" fbRx="7.000393373" lbRx="0" />
<wpr uId="174" tId="6" fbRx="7.000393373" lbRx="0" />
<wpr uId="174" tId="5" fbRx="7.00039338" lbRx="0" />
<wpr uId="174" tId="3" fbRx="7.000393389" lbRx="0" />
<wpr uId="174" tId="4" fbRx="7.000393406" lbRx="0" />
<pr uId="175" fId="2" fbTx="7.000539372" />
<wpr uId="175" tId="1" fbRx="7.000543389" lbRx="0" />
<wpr uId="175" tId="3" fbRx="7.000543389" lbRx="0" />
<wpr uId="175" tId="6" fbRx="7.000543396" lbRx="0" />
<wpr uId="175" tId="0" fbRx="7.000543405" lbRx="0" />
<wpr uId="175" tId="4" fbRx="7.000543405" lbRx="0" />
<wpr uId="175" tId="5" fbRx="7.000543409" lbRx="0" />
<pr uId="176" fId="0" fbTx="7.000615405" />
<wpr uId="176" tId="1" fbRx="7.000619422" lbRx="0" />
<wpr uId="176" tId="5" fbRx="7.000619422" lbRx="0" />
<wpr uId="176" tId="6" fbRx="7.000619429" lbRx="0" />
<wpr uId="176" tId="2" fbRx="7.000619438" lbRx="0" />
<wpr uId="176" tId="3" fbRx="7.000619455" lbRx="0" />
<wpr uId="176" tId="4" fbRx="7.000619472" lbRx="0" />
<pr uId="177" fId="0" fbTx="7.000686405" />
<wpr uId="177" tId="1" fbRx="7.000690422" lbRx="0" />
<wpr uId="177" tId="5" fbRx="7.000690422" lbRx="0" />
<wpr uId="177" tId="6" fbRx="7.000690429" lbRx="0" />
<wpr uId="177" tId="2" fbRx="7.000690438" lbRx="0" />
<wpr uId="177" tId="3" fbRx="7.000690455" lbRx="0" />
<wpr uId="177" tId="4" fbRx="7.000690472" lbRx="0" />
<pr uId="178" fId="2" fbTx="7.000762438" />
<wpr uId="178" tId="1" fbRx="7.000766455" lbRx="0" />
<wpr uId="178" tId="3" fbRx="7.000766455" lbRx="0" />
<wpr uId="178" tId="6" fbRx="7.000766462" lbRx="0" />
<wpr uId="178" tId="0" fbRx="7.000766471" lbRx="0" />
<wpr uId="178" tId="4" fbRx="7.000766471" lbRx="0" />
<wpr uId="178" tId="5" fbRx="7.000766475" lbRx="0" />
<pr uId="179" fId="5" fbTx="7.000896475" />
<wpr uId="179" tId="0" fbRx="7.000900492" lbRx="0" />
<wpr uId="179" tId="6" fbRx="7.000900492" lbRx="0" />
<wpr uId="179" tId="1" fbRx="7.000900499" lbRx="0" />
<wpr uId="179" tId="2" fbRx="7.000900512" lbRx="0" />
<wpr uId="179" tId="3" fbRx="7.000900528" lbRx="0" />
<wpr uId="179" tId="4" fbRx="7.000900544" lbRx="0" />
<pr uId="180" fId="0" fbTx="7.000972492" />
<wpr uId="180" tId="1" fbRx="7.000976509" lbRx="0" />
<wpr uId="180" tId="5" fbRx="7.000976509" lbRx="0" />
<wpr uId="180" tId="6" fbRx="7.000976516" lbRx="0" />
<wpr uId="180" tId="2" fbRx="7.000976525" lbRx="0" />
<wpr uId="180" tId="3" fbRx="7.000976542" lbRx="0" />
<wpr uId="180" tId="4" fbRx="7.000976559" lbRx="0" />
<pr uId="181" fId="0" fbTx="7.001043492" />
<wpr uId="181" tId="1" fbRx="7.001047509" lbRx="0" />
<wpr uId="181" tId="5" fbRx="7.001047509" lbRx="0" />
<wpr uId="181" tId="6" fbRx="7.001047516" lbRx="0" />
<wpr uId="181" tId="2" fbRx="7.001047525" lbRx="0" />
<wpr uId="181" tId="3" fbRx="7.001047542" lbRx="0" />
<wpr uId="181" tId="4" fbRx="7.001047559" lbRx="0" />
<pr uId="182" fId="5" fbTx="7.001119509" />
<wpr uId="182" tId="0" fbRx="7.001123526" lbRx="0" />
<wpr uId="182" tId="6" fbRx="7.001123526" lbRx="0" />
<wpr uId="182" tId="1" fbRx="7.001123533" lbRx="0" />
<wpr uId="182" tId="2" fbRx="7.001123546" lbRx="0" />
<wpr uId="182" tId="3" fbRx="7.001123562" lbRx="0" />
<wpr uId="182" tId="4" fbRx="7.001123578" lbRx="0" />
<pr uId="183" fId="4" fbTx="7.001217578" />
<wpr uId="183" tId="3" fbRx="7.001221595" lbRx="0" />
<wpr uId="183" tId="2" fbRx="7.001221611" lbRx="0" />
<wpr uId="183" tId="1" fbRx="7.001221628" lbRx="0" />
<wpr uId="183" tId="6" fbRx="7.001221631" lbRx="0" />
<wpr uId="183" tId="0" fbRx="7.001221645" lbRx="0" />
<wpr uId="183" tId="5" fbRx="7.001221647" lbRx="0" />
<pr uId="184" fId="0" fbTx="7.001309645" />
<wpr uId="184" tId="1" fbRx="7.001313662" lbRx="0" />
<wpr uId="184" tId="5" fbRx="7.001313662" lbRx="0" />
<wpr uId="184" tId="6" fbRx="7.001313669" lbRx="0" />
<wpr uId="184" tId="2" fbRx="7.001313678" lbRx="0" />
<wpr uId="184" tId="3" fbRx="7.001313695" lbRx="0" />
<wpr uId="184" tId="4" fbRx="7.001313712" lbRx="0" />
<pr uId="185" fId="0" fbTx="7.001425645" />
<wpr uId="185" tId="1" fbRx="7.001429662" lbRx="0" />
<wpr uId="185" tId="5" fbRx="7.001429662" lbRx="0" />
<wpr uId="185" tId="6" fbRx="7.001429669" lbRx="0" />
<wpr uId="185" tId="2" fbRx="7.001429678" lbRx="0" />
<wpr uId="185" tId="3" fbRx="7.001429695" lbRx="0" />
<wpr uId="185" tId="4" fbRx="7.001429712" lbRx="0" />
<pr uId="186" fId="4" fbTx="7.001517712" />
<wpr uId="186" tId="3" fbRx="7.001521729" lbRx="0" />
<wpr uId="186" tId="2" fbRx="7.001521745" lbRx="0" />
<wpr uId="186" tId="1" fbRx="7.001521762" lbRx="0" />
<wpr uId="186" tId="6" fbRx="7.001521765" lbRx="0" />
<wpr uId="186" tId="0" fbRx="7.001521779" lbRx="0" />
<wpr uId="186" tId="5" fbRx="7.001521781" lbRx="0" />
<pr uId="187" fId="4" fbTx="8.000003712" />
<pr uId="188" fId="2" fbTx="8.000003745" />
<pr uId="189" fId="1" fbTx="8.000003762" />
<pr uId="190" fId="5" fbTx="8.000003781" />
<pr uId="191" fId="5" fbTx="8.000160781" />
<wpr uId="191" tId="0" fbRx="8.000164798" lbRx="0" />
<wpr uId="191" tId="6" fbRx="8.000164798" lbRx="0" />
<wpr uId="191" tId="1" fbRx="8.000164805" lbRx="0" />
<wpr uId="191" tId="2" fbRx="8.000164818" lbRx="0" />
<wpr uId="191" tId="3" fbRx="8.000164834" lbRx="0" />
<wpr uId="191" tId="4" fbRx="8.00016485" lbRx="0" />
<pr uId="192" fId="0" fbTx="8.000236798" />
<wpr uId="192" tId="1" fbRx="8.000240815" lbRx="0" />
<wpr uId="192" tId="5" fbRx="8.000240815" lbRx="0" />
<wpr uId="192" tId="6" fbRx="8.000240822" lbRx="0" />
<wpr uId="192" tId="2" fbRx="8.000240831" lbRx="0" />
<wpr uId="192" tId="3" fbRx="8.000240848" lbRx="0" />
<wpr uId="192" tId="4" fbRx="8.000240865" lbRx="0" />
<pr uId="193" fId="0" fbTx="8.000307798" />
<pr uId="194" fId="1" fbTx="8.000307815" />
<wpr uId="193" tId="5" fbRx="8.000311815" lbRx="0" />
<wpr uId="194" tId="2" fbRx="8.000311832" lbRx="0" />
<wpr uId="194" tId="6" fbRx="8.000311832" lbRx="0" />
<wpr uId="194" tId="3" fbRx="8.000311848" lbRx="0" />
<pr uId="195" fId="2" fbTx="8.000562832" />
<pr uId="196" fId="4" fbTx="8.000563865" />
<wpr uId="195" tId="1" fbRx="8.000566849" lbRx="0" />
<wpr uId="195" tId="6" fbRx="8.000566856" lbRx="0" />
<wpr uId="195" tId="0" fbRx="8.000566865" lbRx="0" />
<wpr uId="195" tId="5" fbRx="8.000566869" lbRx="0" />
<pr uId="197" fId="1" fbTx="8.000761849" />
<wpr uId="197" tId="0" fbRx="8.000765866" lbRx="0" />
<wpr uId="197" tId="2" fbRx="8.000765866" lbRx="0" />
<wpr uId="197" tId="6" fbRx="8.000765866" lbRx="0" />
<wpr uId="197" tId="5" fbRx="8.000765873" lbRx="0" />
<wpr uId="197" tId="3" fbRx="8.000765882" lbRx="0" />
<wpr uId="197" tId="4" fbRx="8.000765899" lbRx="0" />
<pr uId="198" fId="0" fbTx="8.000837866" />
<wpr uId="198" tId="1" fbRx="8.000841883" lbRx="0" />
<wpr uId="198" tId="5" fbRx="8.000841883" lbRx="0" />
<wpr uId="198" tId="6" fbRx="8.00084189" lbRx="0" />
<wpr uId="198" tId="2" fbRx="8.000841899" lbRx="0" />
<wpr uId="198" tId="3" fbRx="8.000841916" lbRx="0" />
<wpr uId="198" tId="4" fbRx="8.000841933" lbRx="0" />
<pr uId="199" fId="0" fbTx="8.001016866" />
<wpr uId="199" tId="1" fbRx="8.001020883" lbRx="0" />
<wpr uId="199" tId="5" fbRx="8.001020883" lbRx="0" />
<wpr uId="199" tId="6" fbRx="8.00102089" lbRx="0" />
<wpr uId="199" tId="2" fbRx="8.001020899" lbRx="0" />
<wpr uId="199" tId="3" fbRx="8.001020916" lbRx="0" />
<wpr uId="199" tId="4" fbRx="8.001020933" lbRx="0" />
<pr uId="200" fId="5" fbTx="8.001092883" />
<wpr uId="200" tId="0" fbRx="8.0010969" lbRx="0" />
<wpr uId="200" tId="6" fbRx="8.0010969" lbRx="0" />
<wpr uId="200" tId="1" fbRx="8.001096907" lbRx="0" />
<wpr uId="200" tId="2" fbRx="8.00109692" lbRx="0" />
<wpr uId="200" tId="3" fbRx="8.001096936" lbRx="0" />
<wpr uId="200" tId="4" fbRx="8.001096952" lbRx="0" />
<pr uId="201" fId="0" fbTx="8.0011729" />
<wpr uId="201" tId="1" fbRx="8.001176917" lbRx="0" />
<wpr uId="201" tId="5" fbRx="8.001176917" lbRx="0" />
<wpr uId="201" tId="6" fbRx="8.001176924" lbRx="0" />
<wpr uId="201" tId="2" fbRx="8.001176933" lbRx="0" />
<wpr uId="201" tId="3" fbRx="8.00117695" lbRx="0" />
<wpr uId="201" tId="4" fbRx="8.001176967" lbRx="0" />
<pr uId="202" fId="1" fbTx="8.001248917" />
<wpr uId="202" tId="0" fbRx="8.001252934" lbRx="0" />
<wpr uId="202" tId="2" fbRx="8.001252934" lbRx="0" />
<wpr uId="202" tId="6" fbRx="8.001252934" lbRx="0" />
<wpr uId="202" tId="5" fbRx="8.001252941" lbRx="0" />
<wpr uId="202" tId="3" fbRx="8.00125295" lbRx="0" />
<wpr uId="202" tId="4" fbRx="8.001252967" lbRx="0" />
<pr uId="203" fId="2" fbTx="8.001416933" />
<wpr uId="203" tId="1" fbRx="8.00142095" lbRx="0" />
<wpr uId="203" tId="3" fbRx="8.00142095" lbRx="0" />
<wpr uId="203" tId="6" fbRx="8.001420957" lbRx="0" />
<wpr uId="203" tId="0" fbRx="8.001420966" lbRx="0" />
<wpr uId="203" tId="4" fbRx="8.001420966" lbRx="0" />
<wpr uId="203" tId="5" fbRx="8.00142097" lbRx="0" />
<pr uId="204" fId="0" fbTx="8.001492966" />
<wpr uId="204" tId="1" fbRx="8.001496983" lbRx="0" />
<wpr uId="204" tId="5" fbRx="8.001496983" lbRx="0" />
<wpr uId="204" tId="6" fbRx="8.00149699" lbRx="0" />
<wpr uId="204" tId="2" fbRx="8.001496999" lbRx="0" />
<wpr uId="204" tId="3" fbRx="8.001497016" lbRx="0" />
<wpr uId="204" tId="4" fbRx="8.001497033" lbRx="0" />
<pr uId="205" fId="0" fbTx="8.001563966" />
<wpr uId="205" tId="1" fbRx="8.001567983" lbRx="0" />
<wpr uId="205" tId="5" fbRx="8.001567983" lbRx="0" />
<wpr uId="205" tId="6" fbRx="8.00156799" lbRx="0" />
<wpr uId="205" tId="2" fbRx="8.001567999" lbRx="0" />
<wpr uId="205" tId="3" fbRx="8.001568016" lbRx="0" />
<wpr uId="205" tId="4" fbRx="8.001568033" lbRx="0" />
<pr uId="206" fId="2" fbTx="8.001639999" />
<wpr uId="206" tId="1" fbRx="8.001644016" lbRx="0" />
<wpr uId="206" tId="3" fbRx="8.001644016" lbRx="0" />
<wpr uId="206" tId="6" fbRx="8.001644023" lbRx="0" />
<wpr uId="206" tId="0" fbRx="8.001644032" lbRx="0" />
<wpr uId="206" tId="4" fbRx="8.001644032" lbRx="0" />
<wpr uId="206" tId="5" fbRx="8.001644036" lbRx="0" />
<pr uId="207" fId="4" fbTx="8.001747032" />
<wpr uId="207" tId="3" fbRx="8.001751049" lbRx="0" />
<wpr uId="207" tId="2" fbRx="8.001751065" lbRx="0" />
<wpr uId="207" tId="1" fbRx="8.001751082" lbRx="0" />
<wpr uId="207" tId="6" fbRx="8.001751085" lbRx="0" />
<wpr uId="207" tId="0" fbRx="8.001751099" lbRx="0" />
<wpr uId="207" tId="5" fbRx="8.001751101" lbRx="0" />
<pr uId="208" fId="0" fbTx="8.001839099" />
<wpr uId="208" tId="1" fbRx="8.001843116" lbRx="0" />
<wpr uId="208" tId="5" fbRx="8.001843116" lbRx="0" />
<wpr uId="208" tId="6" fbRx="8.001843123" lbRx="0" />
<wpr uId="208" tId="2" fbRx="8.001843132" lbRx="0" />
<wpr uId="208" tId="3" fbRx="8.001843149" lbRx="0" />
<wpr uId="208" tId="4" fbRx="8.001843166" lbRx="0" />
<pr uId="209" fId="0" fbTx="8.001910099" />
<wpr uId="209" tId="1" fbRx="8.001914116" lbRx="0" />
<wpr uId="209" tId="5" fbRx="8.001914116" lbRx="0" />
<wpr uId="209" tId="6" fbRx="8.001914123" lbRx="0" />
<wpr uId="209" tId="2" fbRx="8.001914132" lbRx="0" />
<wpr uId="209" tId="3" fbRx="8.001914149" lbRx="0" />
<wpr uId="209" tId="4" fbRx="8.001914166" lbRx="0" />
<pr uId="210" fId="4" fbTx="8.002002166" />
<wpr uId="210" tId="3" fbRx="8.002006183" lbRx="0" />
<wpr uId="210" tId="2" fbRx="8.002006199" lbRx="0" />
<wpr uId="210" tId="1" fbRx="8.002006216" lbRx="0" />
<wpr uId="210" tId="6" fbRx="8.002006219" lbRx="0" />
<wpr uId="210" tId="0" fbRx="8.002006233" lbRx="0" />
<wpr uId="210" tId="5" fbRx="8.002006235" lbRx="0" />
<pr uId="211" fId="4" fbTx="9.000002166" />
<pr uId="212" fId="2" fbTx="9.000002199" />
<pr uId="213" fId="1" fbTx="9.000002216" />
<pr uId="214" fId="5" fbTx="9.000002235" />
<pr uId="215" fId="5" fbTx="9.000195235" />
<wpr uId="215" tId="0" fbRx="9.000199252" lbRx="0" />
<wpr uId="215" tId="6" fbRx="9.000199252" lbRx="0" />
<wpr uId="215" tId="1" fbRx="9.000199259" lbRx="0" />
<wpr uId="215" tId="2" fbRx="9.000199272" lbRx="0" />
<wpr uId="215" tId="3" fbRx="9.000199288" lbRx="0" />
<wpr uId="215" tId="4" fbRx="9.000199304" lbRx="0" />
<pr uId="216" fId="0" fbTx="9.000271252" />
<wpr uId="216" tId="1" fbRx="9.000275269" lbRx="0" />
<wpr uId="216" tId="5" fbRx="9.000275269" lbRx="0" />
<wpr uId="216" tId="6" fbRx="9.000275276" lbRx="0" />
<wpr uId="216" tId="2" fbRx="9.000275285" lbRx="0" />
<wpr uId="216" tId="3" fbRx="9.000275302" lbRx="0" />
<wpr uId="216" tId="4" fbRx="9.000275319" lbRx="0" />
<pr uId="217" fId="0" fbTx="9.000342252" />
<wpr uId="217" tId="1" fbRx="9.000346269" lbRx="0" />
<wpr uId="217" tId="5" fbRx="9.000346269" lbRx="0" />
<wpr uId="217" tId="6" fbRx="9.000346276" lbRx="0" />
<wpr uId="217" tId="2" fbRx="9.000346285" lbRx="0" />
<wpr uId="217" tId="3" fbRx="9.000346302" lbRx="0" />
<wpr uId="217" tId="4" fbRx="9.000346319" lbRx="0" />
<pr uId="218" fId="5" fbTx="9.000418269" />
<wpr uId="218" tId="0" fbRx="9.000422286" lbRx="0" />
<wpr uId="218" tId="6" fbRx="9.000422286" lbRx="0" />
<wpr uId="218" tId="1" fbRx="9.000422293" lbRx="0" />
<wpr uId="218" tId="2" fbRx="9.000422306" lbRx="0" />
<wpr uId="218" tId="3" fbRx="9.000422322" lbRx="0" />
<wpr uId="218" tId="4" fbRx="9.000422338" lbRx="0" />
<pr uId="219" fId="2" fbTx="9.000561306" />
<wpr uId="219" tId="1" fbRx="9.000565323" lbRx="0" />
<wpr uId="219" tId="3" fbRx="9.000565323" lbRx="0" />
<wpr uId="219" tId="6" fbRx="9.00056533" lbRx="0" />
<wpr uId="219" tId="0" fbRx="9.000565339" lbRx="0" />
<wpr uId="219" tId="4" fbRx="9.000565339" lbRx="0" />
<wpr uId="219" tId="5" fbRx="9.000565343" lbRx="0" />
<pr uId="220" fId="0" fbTx="9.000637339" />
<wpr uId="220" tId="1" fbRx="9.000641356" lbRx="0" />
<wpr uId="220" tId="5" fbRx="9.000641356" lbRx="0" />
<wpr uId="220" tId="6" fbRx="9.000641363" lbRx="0" />
<wpr uId="220" tId="2" fbRx="9.000641372" lbRx="0" />
<wpr uId="220" tId="3" fbRx="9.000641389" lbRx="0" />
<wpr uId="220" tId="4" fbRx="9.000641406" lbRx="0" />
<pr uId="221" fId="0" fbTx="9.000708339" />
<wpr uId="221" tId="1" fbRx="9.000712356" lbRx="0" />
<wpr uId="221" tId="5" fbRx="9.000712356" lbRx="0" />
<wpr uId="221" tId="6" fbRx="9.000712363" lbRx="0" />
<wpr uId="221" tId="2" fbRx="9.000712372" lbRx="0" />
<wpr uId="221" tId="3" fbRx="9.000712389" lbRx="0" />
<wpr uId="221" tId="4" fbRx="9.000712406" lbRx="0" />
<pr uId="222" fId="2" fbTx="9.000784372" />
<wpr uId="222" tId="1" fbRx="9.000788389" lbRx="0" />
<wpr uId="222" tId="3" fbRx="9.000788389" lbRx="0" />
<wpr uId="222" tId="6" fbRx="9.000788396" lbRx="0" />
<wpr uId="222" tId="0" fbRx="9.000788405" lbRx="0" />
<wpr uId="222" tId="4" fbRx="9.000788405" lbRx="0" />
<wpr uId="222" tId="5" fbRx="9.000788409" lbRx="0" />
<pr uId="223" fId="1" fbTx="9.000855389" />
<wpr uId="223" tId="0" fbRx="9.000859406" lbRx="0" />
<wpr uId="223" tId="2" fbRx="9.000859406" lbRx="0" />
<wpr uId="223" tId="6" fbRx="9.000859406" lbRx="0" />
<wpr uId="223" tId="5" fbRx="9.000859413" lbRx="0" />
<wpr uId="223" tId="3" fbRx="9.000859422" lbRx="0" />
<wpr uId="223" tId="4" fbRx="9.000859439" lbRx="0" />
<pr uId="224" fId="0" fbTx="9.000931406" />
<wpr uId="224" tId="1" fbRx="9.000935423" lbRx="0" />
<wpr uId="224" tId="5" fbRx="9.000935423" lbRx="0" />
<wpr uId="224" tId="6" fbRx="9.00093543" lbRx="0" />
<wpr uId="224" tId="2" fbRx="9.000935439" lbRx="0" />
<wpr uId="224" tId="3" fbRx="9.000935456" lbRx="0" />
<wpr uId="224" tId="4" fbRx="9.000935473" lbRx="0" />
<pr uId="225" fId="0" fbTx="9.001065406" />
<wpr uId="225" tId="1" fbRx="9.001069423" lbRx="0" />
<wpr uId="225" tId="5" fbRx="9.001069423" lbRx="0" />
<wpr uId="225" tId="6" fbRx="9.00106943" lbRx="0" />
<wpr uId="225" tId="2" fbRx="9.001069439" lbRx="0" />
<wpr uId="225" tId="3" fbRx="9.001069456" lbRx="0" />
<wpr uId="225" tId="4" fbRx="9.001069473" lbRx="0" />
<pr uId="226" fId="1" fbTx="9.001141423" />
<wpr uId="226" tId="0" fbRx="9.00114544" lbRx="0" />
<wpr uId="226" tId="2" fbRx="9.00114544" lbRx="0" />
<wpr uId="226" tId="6" fbRx="9.00114544" lbRx="0" />
<wpr uId="226" tId="5" fbRx="9.001145447" lbRx="0" />
<wpr uId="226" tId="3" fbRx="9.001145456" lbRx="0" />
<wpr uId="226" tId="4" fbRx="9.001145473" lbRx="0" />
<pr uId="227" fId="4" fbTx="9.001212473" />
<wpr uId="227" tId="3" fbRx="9.00121649" lbRx="0" />
<wpr uId="227" tId="2" fbRx="9.001216506" lbRx="0" />
<wpr uId="227" tId="1" fbRx="9.001216523" lbRx="0" />
<wpr uId="227" tId="6" fbRx="9.001216526" lbRx="0" />
<wpr uId="227" tId="0" fbRx="9.00121654" lbRx="0" />
<wpr uId="227" tId="5" fbRx="9.001216542" lbRx="0" />
<pr uId="228" fId="0" fbTx="9.00130454" />
<wpr uId="228" tId="1" fbRx="9.001308557" lbRx="0" />
<wpr uId="228" tId="5" fbRx="9.001308557" lbRx="0" />
<wpr uId="228" tId="6" fbRx="9.001308564" lbRx="0" />
<wpr uId="228" tId="2" fbRx="9.001308573" lbRx="0" />
<wpr uId="228" tId="3" fbRx="9.00130859" lbRx="0" />
<wpr uId="228" tId="4" fbRx="9.001308607" lbRx="0" />
<pr uId="229" fId="0" fbTx="9.00142954" />
<wpr uId="229" tId="1" fbRx="9.001433557" lbRx="0" />
<wpr uId="229" tId="5" fbRx="9.001433557" lbRx="0" />
<wpr uId="229" tId="6" fbRx="9.001433564" lbRx="0" />
<wpr uId="229" tId="2" fbRx="9.001433573" lbRx="0" />
<wpr uId="229" tId="3" fbRx="9.00143359" lbRx="0" />
<wpr uId="229" tId="4" fbRx="9.001433607" lbRx="0" />
<pr uId="230" fId="4" fbTx="9.001521607" />
<wpr uId="230" tId="3" fbRx="9.001525624" lbRx="0" />
<wpr uId="230" tId="2" fbRx="9.00152564" lbRx="0" />
<wpr uId="230" tId="1" fbRx="9.001525657" lbRx="0" />
<wpr uId="230" tId="6" fbRx="9.00152566" lbRx="0" />
<wpr uId="230" tId="0" fbRx="9.001525674" lbRx="0" />
<wpr uId="230" tId="5" fbRx="9.001525676" lbRx="0" />
<pr uId="231" fId="4" fbTx="10.00000761" />
<pr uId="232" fId="2" fbTx="10.00000764" />
<pr uId="233" fId="1" fbTx="10.00000766" />
<pr uId="234" fId="5" fbTx="10.00000768" />
<pr uId="235" fId="5" fbTx="10.00030868" />
<wpr uId="235" tId="0" fbRx="10.00031269" lbRx="0" />
<wpr uId="235" tId="6" fbRx="10.00031269" lbRx="0" />
<wpr uId="235" tId="1" fbRx="10.0003127" lbRx="0" />
<wpr uId="235" tId="2" fbRx="10.00031271" lbRx="0" />
<wpr uId="235" tId="3" fbRx="10.00031273" lbRx="0" />
<wpr uId="235" tId="4" fbRx="10.00031275" lbRx="0" />
<pr uId="236" fId="0" fbTx="10.00038469" />
<wpr uId="236" tId="1" fbRx="10.00038871" lbRx="0" />
<wpr uId="236" tId="5" fbRx="10.00038871" lbRx="0" />
<wpr uId="236" tId="6" fbRx="10.00038872" lbRx="0" />
<wpr uId="236" tId="2" fbRx="10.00038873" lbRx="0" />
<wpr uId="236" tId="3" fbRx="10.00038874" lbRx="0" />
<wpr uId="236" tId="4" fbRx="10.00038876" lbRx="0" />
<pr uId="237" fId="0" fbTx="10.00045569" />
<wpr uId="237" tId="1" fbRx="10.00045971" lbRx="0" />
<wpr uId="237" tId="5" fbRx="10.00045971" lbRx="0" />
<wpr uId="237" tId="6" fbRx="10.00045972" lbRx="0" />
<wpr uId="237" tId="2" fbRx="10.00045973" lbRx="0" />
<wpr uId="237" tId="3" fbRx="10.00045974" lbRx="0" />
<wpr uId="237" tId="4" fbRx="10.00045976" lbRx="0" />
<pr uId="238" fId="5" fbTx="10.00053171" />
<wpr uId="238" tId="0" fbRx="10.00053573" lbRx="0" />
<wpr uId="238" tId="6" fbRx="10.00053573" lbRx="0" />
<wpr uId="238" tId="1" fbRx="10.00053573" lbRx="0" />
<wpr uId="238" tId="2" fbRx="10.00053575" lbRx="0" />
<wpr uId="238" tId="3" fbRx="10.00053576" lbRx="0" />
<wpr uId="238" tId="4" fbRx="10.00053578" lbRx="0" />
<pr uId="239" fId="2" fbTx="10.00062975" />
<wpr uId="239" tId="1" fbRx="10.00063376" lbRx="0" />
<wpr uId="239" tId="3" fbRx="10.00063376" lbRx="0" />
<wpr uId="239" tId="6" fbRx="10.00063377" lbRx="0" />
<wpr uId="239" tId="0" fbRx="10.00063378" lbRx="0" />
<wpr uId="239" tId="4" fbRx="10.00063378" lbRx="0" />
<wpr uId="239" tId="5" fbRx="10.00063378" lbRx="0" />
<pr uId="240" fId="0" fbTx="10.00070578" />
<wpr uId="240" tId="1" fbRx="10.0007098" lbRx="0" />
<wpr uId="240" tId="5" fbRx="10.0007098" lbRx="0" />
<wpr uId="240" tId="6" fbRx="10.0007098" lbRx="0" />
<wpr uId="240" tId="2" fbRx="10.00070981" lbRx="0" />
<wpr uId="240" tId="3" fbRx="10.00070983" lbRx="0" />
<wpr uId="240" tId="4" fbRx="10.00070985" lbRx="0" />
<pr uId="241" fId="0" fbTx="10.00077678" />
<wpr uId="241" tId="1" fbRx="10.0007808" lbRx="0" />
<wpr uId="241" tId="5" fbRx="10.0007808" lbRx="0" />
<wpr uId="241" tId="6" fbRx="10.0007808" lbRx="0" />
<wpr uId="241" tId="2" fbRx="10.00078081" lbRx="0" />
<wpr uId="241" tId="3" fbRx="10.00078083" lbRx="0" />
<wpr uId="241" tId="4" fbRx="10.00078085" lbRx="0" />
<pr uId="242" fId="2" fbTx="10.00085281" />
<wpr uId="242" tId="1" fbRx="10.00085683" lbRx="0" />
<wpr uId="242" tId="3" fbRx="10.00085683" lbRx="0" />
<wpr uId="242" tId="6" fbRx="10.00085684" lbRx="0" />
<wpr uId="242" tId="0" fbRx="10.00085685" lbRx="0" />
<wpr uId="242" tId="4" fbRx="10.00085685" lbRx="0" />
<wpr uId="242" tId="5" fbRx="10.00085685" lbRx="0" />
<pr uId="243" fId="1" fbTx="10.00098683" />
<wpr uId="243" tId="0" fbRx="10.00099085" lbRx="0" />
<wpr uId="243" tId="2" fbRx="10.00099085" lbRx="0" />
<wpr uId="243" tId="6" fbRx="10.00099085" lbRx="0" />
<wpr uId="243" tId="5" fbRx="10.00099085" lbRx="0" />
<wpr uId="243" tId="3" fbRx="10.00099086" lbRx="0" />
<wpr uId="243" tId="4" fbRx="10.00099088" lbRx="0" />
<pr uId="244" fId="0" fbTx="10.00106285" />
<wpr uId="244" tId="1" fbRx="10.00106686" lbRx="0" />
<wpr uId="244" tId="5" fbRx="10.00106686" lbRx="0" />
<wpr uId="244" tId="6" fbRx="10.00106687" lbRx="0" />
<wpr uId="244" tId="2" fbRx="10.00106688" lbRx="0" />
<wpr uId="244" tId="3" fbRx="10.0010669" lbRx="0" />
<wpr uId="244" tId="4" fbRx="10.00106691" lbRx="0" />
<pr uId="245" fId="0" fbTx="10.00113385" />
<pr uId="246" fId="4" fbTx="10.00113391" />
<wpr uId="245" tId="1" fbRx="10.00113786" lbRx="0" />
<wpr uId="245" tId="5" fbRx="10.00113786" lbRx="0" />
<wpr uId="245" tId="6" fbRx="10.00113787" lbRx="0" />
<wpr uId="246" tId="3" fbRx="10.00113793" lbRx="0" />
<pr uId="247" fId="0" fbTx="10.00145285" />
<wpr uId="247" tId="1" fbRx="10.00145686" lbRx="0" />
<wpr uId="247" tId="5" fbRx="10.00145686" lbRx="0" />
<wpr uId="247" tId="6" fbRx="10.00145687" lbRx="0" />
<wpr uId="247" tId="2" fbRx="10.00145688" lbRx="0" />
<wpr uId="247" tId="3" fbRx="10.0014569" lbRx="0" />
<wpr uId="247" tId="4" fbRx="10.00145691" lbRx="0" />
<pr uId="248" fId="1" fbTx="10.00152886" />
<wpr uId="248" tId="0" fbRx="10.00153288" lbRx="0" />
<wpr uId="248" tId="2" fbRx="10.00153288" lbRx="0" />
<wpr uId="248" tId="6" fbRx="10.00153288" lbRx="0" />
<wpr uId="248" tId="5" fbRx="10.00153289" lbRx="0" />
<wpr uId="248" tId="3" fbRx="10.0015329" lbRx="0" />
<wpr uId="248" tId="4" fbRx="10.00153291" lbRx="0" />
<pr uId="249" fId="4" fbTx="10.00168791" />
<wpr uId="249" tId="3" fbRx="10.00169193" lbRx="0" />
<wpr uId="249" tId="2" fbRx="10.00169195" lbRx="0" />
<wpr uId="249" tId="1" fbRx="10.00169196" lbRx="0" />
<wpr uId="249" tId="6" fbRx="10.00169197" lbRx="0" />
<wpr uId="249" tId="0" fbRx="10.00169198" lbRx="0" />
<wpr uId="249" tId="5" fbRx="10.00169198" lbRx="0" />
<pr uId="250" fId="0" fbTx="10.00177998" />
<wpr uId="250" tId="1" fbRx="10.001784" lbRx="0" />
<wpr uId="250" tId="5" fbRx="10.001784" lbRx="0" />
<wpr uId="250" tId="6" fbRx="10.001784" lbRx="0" />
<wpr uId="250" tId="2" fbRx="10.00178401" lbRx="0" />
<wpr uId="250" tId="3" fbRx="10.00178403" lbRx="0" />
<wpr uId="250" tId="4" fbRx="10.00178405" lbRx="0" />
<pr uId="251" fId="0" fbTx="10.00185098" />
<wpr uId="251" tId="1" fbRx="10.001855" lbRx="0" />
<wpr uId="251" tId="5" fbRx="10.001855" lbRx="0" />
<wpr uId="251" tId="6" fbRx="10.001855" lbRx="0" />
<wpr uId="251" tId="2" fbRx="10.00185501" lbRx="0" />
<wpr uId="251" tId="3" fbRx="10.00185503" lbRx="0" />
<wpr uId="251" tId="4" fbRx="10.00185505" lbRx="0" />
<pr uId="252" fId="4" fbTx="10.00194305" />
<wpr uId="252" tId="3" fbRx="10.00194706" lbRx="0" />
<wpr uId="252" tId="2" fbRx="10.00194708" lbRx="0" />
<wpr uId="252" tId="1" fbRx="10.0019471" lbRx="0" />
<wpr uId="252" tId="6" fbRx="10.0019471" lbRx="0" />
<wpr uId="252" tId="0" fbRx="10.00194712" lbRx="0" />
<wpr uId="252" tId="5" fbRx="10.00194712" lbRx="0" />
<pr uId="253" fId="4" fbTx="11.00000605" />
<pr uId="254" fId="2" fbTx="11.00000608" />
<pr uId="255" fId="1" fbTx="11.0000061" />
<pr uId="256" fId="5" fbTx="11.00000612" />
<pr uId="257" fId="5" fbTx="11.00017212" />
<wpr uId="257" tId="0" fbRx="11.00017613" lbRx="0" />
<wpr uId="257" tId="6" fbRx="11.00017613" lbRx="0" />
<wpr uId="257" tId="1" fbRx="11.00017614" lbRx="0" />
<wpr uId="257" tId="2" fbRx="11.00017615" lbRx="0" />
<wpr uId="257" tId="3" fbRx="11.00017617" lbRx="0" />
<wpr uId="257" tId="4" fbRx="11.00017619" lbRx="0" />
<pr uId="258" fId="0" fbTx="11.00024813" />
<wpr uId="258" tId="1" fbRx="11.00025215" lbRx="0" />
<wpr uId="258" tId="5" fbRx="11.00025215" lbRx="0" />
<wpr uId="258" tId="6" fbRx="11.00025216" lbRx="0" />
<wpr uId="258" tId="2" fbRx="11.00025217" lbRx="0" />
<wpr uId="258" tId="3" fbRx="11.00025218" lbRx="0" />
<wpr uId="258" tId="4" fbRx="11.0002522" lbRx="0" />
<pr uId="259" fId="0" fbTx="11.00031913" />
<wpr uId="259" tId="1" fbRx="11.00032315" lbRx="0" />
<wpr uId="259" tId="5" fbRx="11.00032315" lbRx="0" />
<wpr uId="259" tId="6" fbRx="11.00032316" lbRx="0" />
<wpr uId="259" tId="2" fbRx="11.00032317" lbRx="0" />
<wpr uId="259" tId="3" fbRx="11.00032318" lbRx="0" />
<wpr uId="259" tId="4" fbRx="11.0003232" lbRx="0" />
<pr uId="260" fId="5" fbTx="11.00039515" />
<wpr uId="260" tId="0" fbRx="11.00039917" lbRx="0" />
<wpr uId="260" tId="6" fbRx="11.00039917" lbRx="0" />
<wpr uId="260" tId="1" fbRx="11.00039918" lbRx="0" />
<wpr uId="260" tId="2" fbRx="11.00039919" lbRx="0" />
<wpr uId="260" tId="3" fbRx="11.0003992" lbRx="0" />
<wpr uId="260" tId="4" fbRx="11.00039922" lbRx="0" />
<pr uId="261" fId="2" fbTx="11.00055619" />
<wpr uId="261" tId="1" fbRx="11.0005602" lbRx="0" />
<wpr uId="261" tId="3" fbRx="11.0005602" lbRx="0" />
<wpr uId="261" tId="6" fbRx="11.00056021" lbRx="0" />
<wpr uId="261" tId="0" fbRx="11.00056022" lbRx="0" />
<wpr uId="261" tId="4" fbRx="11.00056022" lbRx="0" />
<wpr uId="261" tId="5" fbRx="11.00056022" lbRx="0" />
<pr uId="262" fId="0" fbTx="11.00063222" />
<wpr uId="262" tId="1" fbRx="11.00063624" lbRx="0" />
<wpr uId="262" tId="5" fbRx="11.00063624" lbRx="0" />
<wpr uId="262" tId="6" fbRx="11.00063625" lbRx="0" />
<wpr uId="262" tId="2" fbRx="11.00063625" lbRx="0" />
<wpr uId="262" tId="3" fbRx="11.00063627" lbRx="0" />
<wpr uId="262" tId="4" fbRx="11.00063629" lbRx="0" />
<pr uId="263" fId="0" fbTx="11.00070322" />
<wpr uId="263" tId="1" fbRx="11.00070724" lbRx="0" />
<wpr uId="263" tId="5" fbRx="11.00070724" lbRx="0" />
<wpr uId="263" tId="6" fbRx="11.00070724" lbRx="0" />
<wpr uId="263" tId="2" fbRx="11.00070725" lbRx="0" />
<wpr uId="263" tId="3" fbRx="11.00070727" lbRx="0" />
<wpr uId="263" tId="4" fbRx="11.00070729" lbRx="0" />
<pr uId="264" fId="2" fbTx="11.00077925" />
<wpr uId="264" tId="1" fbRx="11.00078327" lbRx="0" />
<wpr uId="264" tId="3" fbRx="11.00078327" lbRx="0" />
<wpr uId="264" tId="6" fbRx="11.00078328" lbRx="0" />
<wpr uId="264" tId="0" fbRx="11.00078329" lbRx="0" />
<wpr uId="264" tId="4" fbRx="11.00078329" lbRx="0" />
<wpr uId="264" tId="5" fbRx="11.00078329" lbRx="0" />
<pr uId="265" fId="1" fbTx="11.00086827" />
<wpr uId="265" tId="0" fbRx="11.00087229" lbRx="0" />
<wpr uId="265" tId="2" fbRx="11.00087229" lbRx="0" />
<wpr uId="265" tId="6" fbRx="11.00087229" lbRx="0" />
<wpr uId="265" tId="5" fbRx="11.0008723" lbRx="0" />
<wpr uId="265" tId="3" fbRx="11.0008723" lbRx="0" />
<wpr uId="265" tId="4" fbRx="11.00087232" lbRx="0" />
<pr uId="266" fId="0" fbTx="11.00094429" />
<wpr uId="266" tId="1" fbRx="11.0009483" lbRx="0" />
<wpr uId="266" tId="5" fbRx="11.0009483" lbRx="0" />
<wpr uId="266" tId="6" fbRx="11.00094831" lbRx="0" />
<wpr uId="266" tId="2" fbRx="11.00094832" lbRx="0" />
<wpr uId="266" tId="3" fbRx="11.00094834" lbRx="0" />
<wpr uId="266" tId="4" fbRx="11.00094836" lbRx="0" />
<pr uId="267" fId="0" fbTx="11.00101529" />
<wpr uId="267" tId="1" fbRx="11.0010193" lbRx="0" />
<wpr uId="267" tId="5" fbRx="11.0010193" lbRx="0" />
<wpr uId="267" tId="6" fbRx="11.00101931" lbRx="0" />
<wpr uId="267" tId="2" fbRx="11.00101932" lbRx="0" />
<wpr uId="267" tId="3" fbRx="11.00101934" lbRx="0" />
<wpr uId="267" tId="4" fbRx="11.00101936" lbRx="0" />
<pr uId="268" fId="1" fbTx="11.0010913" />
<wpr uId="268" tId="0" fbRx="11.00109532" lbRx="0" />
<wpr uId="268" tId="2" fbRx="11.00109532" lbRx="0" />
<wpr uId="268" tId="6" fbRx="11.00109532" lbRx="0" />
<wpr uId="268" tId="5" fbRx="11.00109533" lbRx="0" />
<wpr uId="268" tId="3" fbRx="11.00109534" lbRx="0" />
<wpr uId="268" tId="4" fbRx="11.00109536" lbRx="0" />
<pr uId="269" fId="4" fbTx="11.00118935" />
<wpr uId="269" tId="3" fbRx="11.00119337" lbRx="0" />
<wpr uId="269" tId="2" fbRx="11.00119339" lbRx="0" />
<wpr uId="269" tId="1" fbRx="11.00119341" lbRx="0" />
<wpr uId="269" tId="6" fbRx="11.00119341" lbRx="0" />
<wpr uId="269" tId="0" fbRx="11.00119342" lbRx="0" />
<wpr uId="269" tId="5" fbRx="11.00119342" lbRx="0" />
<pr uId="270" fId="0" fbTx="11.00128142" />
<wpr uId="270" tId="1" fbRx="11.00128544" lbRx="0" />
<wpr uId="270" tId="5" fbRx="11.00128544" lbRx="0" />
<wpr uId="270" tId="6" fbRx="11.00128545" lbRx="0" />
<wpr uId="270" tId="2" fbRx="11.00128545" lbRx="0" />
<wpr uId="270" tId="3" fbRx="11.00128547" lbRx="0" />
<wpr uId="270" tId="4" fbRx="11.00128549" lbRx="0" />
<pr uId="271" fId="0" fbTx="11.00137042" />
<wpr uId="271" tId="1" fbRx="11.00137444" lbRx="0" />
<wpr uId="271" tId="5" fbRx="11.00137444" lbRx="0" />
<wpr uId="271" tId="6" fbRx="11.00137445" lbRx="0" />
<wpr uId="271" tId="2" fbRx="11.00137446" lbRx="0" />
<wpr uId="271" tId="3" fbRx="11.00137447" lbRx="0" />
<wpr uId="271" tId="4" fbRx="11.00137449" lbRx="0" />
<pr uId="272" fId="4" fbTx="11.00146249" />
<wpr uId="272" tId="3" fbRx="11.00146651" lbRx="0" />
<wpr uId="272" tId="2" fbRx="11.00146652" lbRx="0" />
<wpr uId="272" tId="1" fbRx="11.00146654" lbRx="0" />
<wpr uId="272" tId="6" fbRx="11.00146654" lbRx="0" />
<wpr uId="272" tId="0" fbRx="11.00146656" lbRx="0" />
<wpr uId="272" tId="5" fbRx="11.00146656" lbRx="0" />
</anim>
