<anim ver="netanim-3.109" filetype="animation" >
<node id="0" sysId="0" locX="0" locY="0" />
<node id="1" sysId="0" locX="5" locY="0" />
<node id="2" sysId="0" locX="10" locY="0" />
<node id="3" sysId="0" locX="15" locY="0" />
<nu p="c" t="0" id="0" r="255" g="0" b="0" />
<nu p="c" t="0" id="1" r="255" g="0" b="0" />
<nu p="c" t="0" id="2" r="255" g="0" b="0" />
<nu p="c" t="0" id="3" r="255" g="0" b="0" />
<nonp2plinkproperties id="0" ipAddress="10.1.1.1~00:00:00:00:00:01" channelType="ns3::YansWifiChannel" />
<nonp2plinkproperties id="0" ipAddress="127.0.0.1~00:00:00:00:00:00" channelType="Unknown channel" />
<nonp2plinkproperties id="1" ipAddress="10.1.1.2~00:00:00:00:00:02" channelType="ns3::YansWifiChannel" />
<nonp2plinkproperties id="1" ipAddress="127.0.0.1~00:00:00:00:00:00" channelType="Unknown channel" />
<nonp2plinkproperties id="2" ipAddress="10.1.1.3~00:00:00:00:00:03" channelType="ns3::YansWifiChannel" />
<nonp2plinkproperties id="2" ipAddress="127.0.0.1~00:00:00:00:00:00" channelType="Unknown channel" />
<nonp2plinkproperties id="3" ipAddress="10.1.1.4~00:00:00:00:00:04" channelType="ns3::YansWifiChannel" />
<nonp2plinkproperties id="3" ipAddress="127.0.0.1~00:00:00:00:00:00" channelType="Unknown channel" />
<ip n="0" >
<address >10.1.1.1</address>

<address >127.0.0.1</address>

</ip>
<ip n="0" >
<address >10.1.1.1</address>

<address >127.0.0.1</address>

</ip>
<ip n="1" >
<address >10.1.1.2</address>

<address >127.0.0.1</address>

</ip>
<ip n="1" >
<address >10.1.1.2</address>

<address >127.0.0.1</address>

</ip>
<ip n="2" >
<address >10.1.1.3</address>

<address >127.0.0.1</address>

</ip>
<ip n="2" >
<address >10.1.1.3</address>

<address >127.0.0.1</address>

</ip>
<ip n="3" >
<address >10.1.1.4</address>

<address >127.0.0.1</address>

</ip>
<ip n="3" >
<address >10.1.1.4</address>

<address >127.0.0.1</address>

</ip>
<ipv6 n="0" >
<address >::1</address>

</ipv6>
<ipv6 n="1" >
<address >::1</address>

</ipv6>
<ipv6 n="2" >
<address >::1</address>

</ipv6>
<ipv6 n="3" >
<address >::1</address>

</ipv6>
<nu p="s" t="0" id="0" w="1" h="1" />
<nu p="s" t="0" id="1" w="1" h="1" />
<nu p="s" t="0" id="2" w="1" h="1" />
<nu p="s" t="0" id="3" w="1" h="1" />
<ncs ncId="0" n="RemainingEnergy" t="DOUBLE" />
<pr uId="1" fId="2" fbTx="2.006008" />
<wpr uId="1" tId="1" fbRx="2.006012017" lbRx="0" />
<wpr uId="1" tId="3" fbRx="2.006012017" lbRx="0" />
<wpr uId="1" tId="0" fbRx="2.006012033" lbRx="0" />
<pr uId="2" fId="0" fbTx="2.006163033" />
<wpr uId="2" tId="1" fbRx="2.00616705" lbRx="0" />
<wpr uId="2" tId="2" fbRx="2.006167066" lbRx="0" />
<wpr uId="2" tId="3" fbRx="2.006167083" lbRx="0" />
<pr uId="3" fId="2" fbTx="2.006255066" />
<wpr uId="3" tId="1" fbRx="2.006259083" lbRx="0" />
<wpr uId="3" tId="3" fbRx="2.006259083" lbRx="0" />
<wpr uId="3" tId="0" fbRx="2.006259099" lbRx="0" />
<pr uId="4" fId="2" fbTx="2.006468066" />
<wpr uId="4" tId="1" fbRx="2.006472083" lbRx="0" />
<wpr uId="4" tId="3" fbRx="2.006472083" lbRx="0" />
<wpr uId="4" tId="0" fbRx="2.006472099" lbRx="0" />
<pr uId="5" fId="0" fbTx="2.006560099" />
<wpr uId="5" tId="1" fbRx="2.006564116" lbRx="0" />
<wpr uId="5" tId="2" fbRx="2.006564132" lbRx="0" />
<wpr uId="5" tId="3" fbRx="2.006564149" lbRx="0" />
<pr uId="6" fId="0" fbTx="2.006647099" />
<wpr uId="6" tId="1" fbRx="2.006651116" lbRx="0" />
<wpr uId="6" tId="2" fbRx="2.006651132" lbRx="0" />
<wpr uId="6" tId="3" fbRx="2.006651149" lbRx="0" />
<pr uId="7" fId="2" fbTx="2.006723132" />
<wpr uId="7" tId="1" fbRx="2.006727149" lbRx="0" />
<wpr uId="7" tId="3" fbRx="2.006727149" lbRx="0" />
<wpr uId="7" tId="0" fbRx="2.006727165" lbRx="0" />
<pr uId="8" fId="2" fbTx="2.006794132" />
<wpr uId="8" tId="1" fbRx="2.006798149" lbRx="0" />
<wpr uId="8" tId="3" fbRx="2.006798149" lbRx="0" />
<wpr uId="8" tId="0" fbRx="2.006798165" lbRx="0" />
<pr uId="9" fId="0" fbTx="2.006886165" />
<wpr uId="9" tId="1" fbRx="2.006890182" lbRx="0" />
<wpr uId="9" tId="2" fbRx="2.006890198" lbRx="0" />
<wpr uId="9" tId="3" fbRx="2.006890215" lbRx="0" />
<pr uId="10" fId="0" fbTx="2.007045165" />
<wpr uId="10" tId="1" fbRx="2.007049182" lbRx="0" />
<wpr uId="10" tId="2" fbRx="2.007049198" lbRx="0" />
<wpr uId="10" tId="3" fbRx="2.007049215" lbRx="0" />
<pr uId="11" fId="2" fbTx="2.007137198" />
<wpr uId="11" tId="1" fbRx="2.007141215" lbRx="0" />
<wpr uId="11" tId="3" fbRx="2.007141215" lbRx="0" />
<wpr uId="11" tId="0" fbRx="2.007141231" lbRx="0" />
<pr uId="12" fId="2" fbTx="2.007224198" />
<wpr uId="12" tId="1" fbRx="2.007228215" lbRx="0" />
<wpr uId="12" tId="3" fbRx="2.007228215" lbRx="0" />
<wpr uId="12" tId="0" fbRx="2.007228231" lbRx="0" />
<pr uId="13" fId="0" fbTx="2.007300231" />
<wpr uId="13" tId="1" fbRx="2.007304248" lbRx="0" />
<wpr uId="13" tId="2" fbRx="2.007304264" lbRx="0" />
<wpr uId="13" tId="3" fbRx="2.007304281" lbRx="0" />
<pr uId="14" fId="1" fbTx="2.009000248" />
<pr uId="15" fId="3" fbTx="2.009000281" />
<wpr uId="14" tId="0" fbRx="2.009004265" lbRx="0" />
<pr uId="16" fId="0" fbTx="2.009155331" />
<wpr uId="16" tId="1" fbRx="2.009159348" lbRx="0" />
<wpr uId="16" tId="2" fbRx="2.009159364" lbRx="0" />
<wpr uId="16" tId="3" fbRx="2.009159381" lbRx="0" />
<pr uId="17" fId="1" fbTx="2.009247348" />
<wpr uId="17" tId="0" fbRx="2.009251365" lbRx="0" />
<wpr uId="17" tId="2" fbRx="2.009251365" lbRx="0" />
<wpr uId="17" tId="3" fbRx="2.009251381" lbRx="0" />
<pr uId="18" fId="1" fbTx="2.009370348" />
<wpr uId="18" tId="0" fbRx="2.009374365" lbRx="0" />
<wpr uId="18" tId="2" fbRx="2.009374365" lbRx="0" />
<wpr uId="18" tId="3" fbRx="2.009374381" lbRx="0" />
<pr uId="19" fId="0" fbTx="2.009462365" />
<wpr uId="19" tId="1" fbRx="2.009466382" lbRx="0" />
<wpr uId="19" tId="2" fbRx="2.009466398" lbRx="0" />
<wpr uId="19" tId="3" fbRx="2.009466415" lbRx="0" />
<pr uId="20" fId="0" fbTx="2.009594365" />
<wpr uId="20" tId="1" fbRx="2.009598382" lbRx="0" />
<wpr uId="20" tId="2" fbRx="2.009598398" lbRx="0" />
<wpr uId="20" tId="3" fbRx="2.009598415" lbRx="0" />
<pr uId="21" fId="1" fbTx="2.009670382" />
<wpr uId="21" tId="0" fbRx="2.009674399" lbRx="0" />
<wpr uId="21" tId="2" fbRx="2.009674399" lbRx="0" />
<wpr uId="21" tId="3" fbRx="2.009674415" lbRx="0" />
<pr uId="22" fId="1" fbTx="2.009768382" />
<wpr uId="22" tId="0" fbRx="2.009772399" lbRx="0" />
<wpr uId="22" tId="2" fbRx="2.009772399" lbRx="0" />
<wpr uId="22" tId="3" fbRx="2.009772415" lbRx="0" />
<pr uId="23" fId="0" fbTx="2.009860399" />
<wpr uId="23" tId="1" fbRx="2.009864416" lbRx="0" />
<wpr uId="23" tId="2" fbRx="2.009864432" lbRx="0" />
<wpr uId="23" tId="3" fbRx="2.009864449" lbRx="0" />
<pr uId="24" fId="0" fbTx="2.009956399" />
<wpr uId="24" tId="1" fbRx="2.009960416" lbRx="0" />
<wpr uId="24" tId="2" fbRx="2.009960432" lbRx="0" />
<wpr uId="24" tId="3" fbRx="2.009960449" lbRx="0" />
<pr uId="25" fId="1" fbTx="2.010048416" />
<wpr uId="25" tId="0" fbRx="2.010052433" lbRx="0" />
<wpr uId="25" tId="2" fbRx="2.010052433" lbRx="0" />
<wpr uId="25" tId="3" fbRx="2.010052449" lbRx="0" />
<pr uId="26" fId="1" fbTx="2.010216416" />
<wpr uId="26" tId="0" fbRx="2.010220433" lbRx="0" />
<wpr uId="26" tId="2" fbRx="2.010220433" lbRx="0" />
<wpr uId="26" tId="3" fbRx="2.010220449" lbRx="0" />
<pr uId="27" fId="0" fbTx="2.010292433" />
<wpr uId="27" tId="1" fbRx="2.01029645" lbRx="0" />
<wpr uId="27" tId="2" fbRx="2.010296466" lbRx="0" />
<wpr uId="27" tId="3" fbRx="2.010296483" lbRx="0" />
<pr uId="28" fId="0" fbTx="2.011281433" />
<wpr uId="28" tId="1" fbRx="2.01128545" lbRx="0" />
<wpr uId="28" tId="2" fbRx="2.011285466" lbRx="0" />
<wpr uId="28" tId="3" fbRx="2.011285483" lbRx="0" />
<pr uId="29" fId="1" fbTx="2.01143645" />
<wpr uId="29" tId="0" fbRx="2.011440467" lbRx="0" />
<wpr uId="29" tId="2" fbRx="2.011440467" lbRx="0" />
<wpr uId="29" tId="3" fbRx="2.011440483" lbRx="0" />
<pr uId="30" fId="0" fbTx="2.011512467" />
<wpr uId="30" tId="1" fbRx="2.011516484" lbRx="0" />
<wpr uId="30" tId="2" fbRx="2.0115165" lbRx="0" />
<wpr uId="30" tId="3" fbRx="2.011516517" lbRx="0" />
<pr uId="31" fId="0" fbTx="2.011709467" />
<wpr uId="31" tId="1" fbRx="2.011713484" lbRx="0" />
<wpr uId="31" tId="2" fbRx="2.0117135" lbRx="0" />
<wpr uId="31" tId="3" fbRx="2.011713517" lbRx="0" />
<pr uId="32" fId="1" fbTx="2.011785484" />
<wpr uId="32" tId="0" fbRx="2.011789501" lbRx="0" />
<wpr uId="32" tId="2" fbRx="2.011789501" lbRx="0" />
<wpr uId="32" tId="3" fbRx="2.011789517" lbRx="0" />
<pr uId="33" fId="0" fbTx="2.012288501" />
<wpr uId="33" tId="1" fbRx="2.012292518" lbRx="0" />
<wpr uId="33" tId="2" fbRx="2.012292534" lbRx="0" />
<wpr uId="33" tId="3" fbRx="2.012292551" lbRx="0" />
<pr uId="34" fId="2" fbTx="2.012443534" />
<wpr uId="34" tId="1" fbRx="2.012447551" lbRx="0" />
<wpr uId="34" tId="3" fbRx="2.012447551" lbRx="0" />
<wpr uId="34" tId="0" fbRx="2.012447567" lbRx="0" />
<pr uId="35" fId="0" fbTx="2.012519567" />
<wpr uId="35" tId="1" fbRx="2.012523584" lbRx="0" />
<wpr uId="35" tId="2" fbRx="2.0125236" lbRx="0" />
<wpr uId="35" tId="3" fbRx="2.012523617" lbRx="0" />
<pr uId="36" fId="0" fbTx="2.012590567" />
<wpr uId="36" tId="1" fbRx="2.012594584" lbRx="0" />
<wpr uId="36" tId="2" fbRx="2.0125946" lbRx="0" />
<wpr uId="36" tId="3" fbRx="2.012594617" lbRx="0" />
<pr uId="37" fId="2" fbTx="2.0126666" />
<wpr uId="37" tId="1" fbRx="2.012670617" lbRx="0" />
<wpr uId="37" tId="3" fbRx="2.012670617" lbRx="0" />
<wpr uId="37" tId="0" fbRx="2.012670633" lbRx="0" />
<pr uId="38" fId="2" fbTx="3.0000016" />
<pr uId="39" fId="1" fbTx="3.000001617" />
<pr uId="40" fId="3" fbTx="3.000001617" />
<wpr uId="39" tId="0" fbRx="3.000005634" lbRx="0" />
<pr uId="41" fId="1" fbTx="3.00034565" />
<wpr uId="41" tId="0" fbRx="3.000349667" lbRx="0" />
<wpr uId="41" tId="2" fbRx="3.000349667" lbRx="0" />
<wpr uId="41" tId="3" fbRx="3.000349683" lbRx="0" />
<pr uId="42" fId="0" fbTx="3.000421667" />
<wpr uId="42" tId="1" fbRx="3.000425684" lbRx="0" />
<wpr uId="42" tId="2" fbRx="3.0004257" lbRx="0" />
<wpr uId="42" tId="3" fbRx="3.000425717" lbRx="0" />
<pr uId="43" fId="0" fbTx="3.000492667" />
<wpr uId="43" tId="1" fbRx="3.000496684" lbRx="0" />
<wpr uId="43" tId="2" fbRx="3.0004967" lbRx="0" />
<wpr uId="43" tId="3" fbRx="3.000496717" lbRx="0" />
<pr uId="44" fId="1" fbTx="3.000568684" />
<wpr uId="44" tId="0" fbRx="3.000572701" lbRx="0" />
<wpr uId="44" tId="2" fbRx="3.000572701" lbRx="0" />
<wpr uId="44" tId="3" fbRx="3.000572717" lbRx="0" />
<pr uId="45" fId="2" fbTx="3.000666701" />
<wpr uId="45" tId="1" fbRx="3.000670718" lbRx="0" />
<wpr uId="45" tId="3" fbRx="3.000670718" lbRx="0" />
<wpr uId="45" tId="0" fbRx="3.000670734" lbRx="0" />
<pr uId="46" fId="0" fbTx="3.000742734" />
<wpr uId="46" tId="1" fbRx="3.000746751" lbRx="0" />
<wpr uId="46" tId="2" fbRx="3.000746767" lbRx="0" />
<wpr uId="46" tId="3" fbRx="3.000746784" lbRx="0" />
<pr uId="47" fId="0" fbTx="3.000822734" />
<wpr uId="47" tId="1" fbRx="3.000826751" lbRx="0" />
<wpr uId="47" tId="2" fbRx="3.000826767" lbRx="0" />
<wpr uId="47" tId="3" fbRx="3.000826784" lbRx="0" />
<pr uId="48" fId="2" fbTx="3.000898767" />
<wpr uId="48" tId="1" fbRx="3.000902784" lbRx="0" />
<wpr uId="48" tId="3" fbRx="3.000902784" lbRx="0" />
<wpr uId="48" tId="0" fbRx="3.0009028" lbRx="0" />
<pr uId="49" fId="2" fbTx="4.000005767" />
<pr uId="50" fId="1" fbTx="4.000005784" />
<pr uId="51" fId="3" fbTx="4.000005784" />
<wpr uId="50" tId="0" fbRx="4.000009801" lbRx="0" />
<pr uId="52" fId="2" fbTx="4.000223801" />
<wpr uId="52" tId="1" fbRx="4.000227818" lbRx="0" />
<wpr uId="52" tId="3" fbRx="4.000227818" lbRx="0" />
<wpr uId="52" tId="0" fbRx="4.000227834" lbRx="0" />
<pr uId="53" fId="0" fbTx="4.000299834" />
<wpr uId="53" tId="1" fbRx="4.000303851" lbRx="0" />
<wpr uId="53" tId="2" fbRx="4.000303867" lbRx="0" />
<wpr uId="53" tId="3" fbRx="4.000303884" lbRx="0" />
<pr uId="54" fId="0" fbTx="4.000370834" />
<wpr uId="54" tId="1" fbRx="4.000374851" lbRx="0" />
<wpr uId="54" tId="2" fbRx="4.000374867" lbRx="0" />
<wpr uId="54" tId="3" fbRx="4.000374884" lbRx="0" />
<pr uId="55" fId="2" fbTx="4.000446867" />
<wpr uId="55" tId="1" fbRx="4.000450884" lbRx="0" />
<wpr uId="55" tId="3" fbRx="4.000450884" lbRx="0" />
<wpr uId="55" tId="0" fbRx="4.0004509" lbRx="0" />
<pr uId="56" fId="1" fbTx="4.000544884" />
<wpr uId="56" tId="0" fbRx="4.000548901" lbRx="0" />
<wpr uId="56" tId="2" fbRx="4.000548901" lbRx="0" />
<wpr uId="56" tId="3" fbRx="4.000548917" lbRx="0" />
<pr uId="57" fId="0" fbTx="4.000620901" />
<wpr uId="57" tId="1" fbRx="4.000624918" lbRx="0" />
<wpr uId="57" tId="2" fbRx="4.000624934" lbRx="0" />
<wpr uId="57" tId="3" fbRx="4.000624951" lbRx="0" />
<pr uId="58" fId="0" fbTx="4.000691901" />
<wpr uId="58" tId="1" fbRx="4.000695918" lbRx="0" />
<wpr uId="58" tId="2" fbRx="4.000695934" lbRx="0" />
<wpr uId="58" tId="3" fbRx="4.000695951" lbRx="0" />
<pr uId="59" fId="1" fbTx="4.000767918" />
<wpr uId="59" tId="0" fbRx="4.000771935" lbRx="0" />
<wpr uId="59" tId="2" fbRx="4.000771935" lbRx="0" />
<wpr uId="59" tId="3" fbRx="4.000771951" lbRx="0" />
<pr uId="60" fId="1" fbTx="5.000000918" />
<pr uId="61" fId="2" fbTx="5.000000935" />
<pr uId="62" fId="3" fbTx="5.000000951" />
<wpr uId="60" tId="0" fbRx="5.000004935" lbRx="0" />
<pr uId="63" fId="2" fbTx="5.000362968" />
<wpr uId="63" tId="1" fbRx="5.000366985" lbRx="0" />
<wpr uId="63" tId="3" fbRx="5.000366985" lbRx="0" />
<wpr uId="63" tId="0" fbRx="5.000367001" lbRx="0" />
<pr uId="64" fId="0" fbTx="5.000439001" />
<wpr uId="64" tId="1" fbRx="5.000443018" lbRx="0" />
<wpr uId="64" tId="2" fbRx="5.000443034" lbRx="0" />
<wpr uId="64" tId="3" fbRx="5.000443051" lbRx="0" />
<pr uId="65" fId="0" fbTx="5.000510001" />
<wpr uId="65" tId="1" fbRx="5.000514018" lbRx="0" />
<wpr uId="65" tId="2" fbRx="5.000514034" lbRx="0" />
<wpr uId="65" tId="3" fbRx="5.000514051" lbRx="0" />
<pr uId="66" fId="2" fbTx="5.000586034" />
<wpr uId="66" tId="1" fbRx="5.000590051" lbRx="0" />
<wpr uId="66" tId="3" fbRx="5.000590051" lbRx="0" />
<wpr uId="66" tId="0" fbRx="5.000590067" lbRx="0" />
<pr uId="67" fId="1" fbTx="5.000657051" />
<wpr uId="67" tId="0" fbRx="5.000661068" lbRx="0" />
<wpr uId="67" tId="2" fbRx="5.000661068" lbRx="0" />
<wpr uId="67" tId="3" fbRx="5.000661084" lbRx="0" />
<pr uId="68" fId="0" fbTx="5.000733068" />
<wpr uId="68" tId="1" fbRx="5.000737085" lbRx="0" />
<wpr uId="68" tId="2" fbRx="5.000737101" lbRx="0" />
<wpr uId="68" tId="3" fbRx="5.000737118" lbRx="0" />
<pr uId="69" fId="0" fbTx="5.000840068" />
<wpr uId="69" tId="1" fbRx="5.000844085" lbRx="0" />
<wpr uId="69" tId="2" fbRx="5.000844101" lbRx="0" />
<wpr uId="69" tId="3" fbRx="5.000844118" lbRx="0" />
<pr uId="70" fId="1" fbTx="5.000916085" />
<wpr uId="70" tId="0" fbRx="5.000920102" lbRx="0" />
<wpr uId="70" tId="2" fbRx="5.000920102" lbRx="0" />
<wpr uId="70" tId="3" fbRx="5.000920118" lbRx="0" />
<pr uId="71" fId="1" fbTx="6.000005085" />
<pr uId="72" fId="2" fbTx="6.000005102" />
<wpr uId="71" tId="0" fbRx="6.000009102" lbRx="0" />
<wpr uId="72" tId="3" fbRx="6.000009119" lbRx="0" />
<pr uId="73" fId="2" fbTx="6.000270102" />
<wpr uId="73" tId="1" fbRx="6.000274119" lbRx="0" />
<wpr uId="73" tId="3" fbRx="6.000274119" lbRx="0" />
<wpr uId="73" tId="0" fbRx="6.000274135" lbRx="0" />
<pr uId="74" fId="0" fbTx="6.000346135" />
<wpr uId="74" tId="1" fbRx="6.000350152" lbRx="0" />
<wpr uId="74" tId="2" fbRx="6.000350168" lbRx="0" />
<wpr uId="74" tId="3" fbRx="6.000350185" lbRx="0" />
<pr uId="75" fId="0" fbTx="6.000417135" />
<wpr uId="75" tId="1" fbRx="6.000421152" lbRx="0" />
<wpr uId="75" tId="2" fbRx="6.000421168" lbRx="0" />
<wpr uId="75" tId="3" fbRx="6.000421185" lbRx="0" />
<pr uId="76" fId="2" fbTx="6.000493168" />
<wpr uId="76" tId="1" fbRx="6.000497185" lbRx="0" />
<wpr uId="76" tId="3" fbRx="6.000497185" lbRx="0" />
<wpr uId="76" tId="0" fbRx="6.000497201" lbRx="0" />
<pr uId="77" fId="1" fbTx="6.000582185" />
<wpr uId="77" tId="0" fbRx="6.000586202" lbRx="0" />
<wpr uId="77" tId="2" fbRx="6.000586202" lbRx="0" />
<wpr uId="77" tId="3" fbRx="6.000586218" lbRx="0" />
<pr uId="78" fId="0" fbTx="6.000658202" />
<wpr uId="78" tId="1" fbRx="6.000662219" lbRx="0" />
<wpr uId="78" tId="2" fbRx="6.000662235" lbRx="0" />
<wpr uId="78" tId="3" fbRx="6.000662252" lbRx="0" />
<pr uId="79" fId="0" fbTx="6.000729202" />
<wpr uId="79" tId="1" fbRx="6.000733219" lbRx="0" />
<wpr uId="79" tId="2" fbRx="6.000733235" lbRx="0" />
<wpr uId="79" tId="3" fbRx="6.000733252" lbRx="0" />
<pr uId="80" fId="1" fbTx="6.000805219" />
<wpr uId="80" tId="0" fbRx="6.000809236" lbRx="0" />
<wpr uId="80" tId="2" fbRx="6.000809236" lbRx="0" />
<wpr uId="80" tId="3" fbRx="6.000809252" lbRx="0" />
<pr uId="81" fId="1" fbTx="7.000002219" />
<pr uId="82" fId="2" fbTx="7.000002236" />
<wpr uId="81" tId="0" fbRx="7.000006236" lbRx="0" />
<wpr uId="82" tId="3" fbRx="7.000006253" lbRx="0" />
<pr uId="83" fId="2" fbTx="7.000312236" />
<wpr uId="83" tId="1" fbRx="7.000316253" lbRx="0" />
<wpr uId="83" tId="3" fbRx="7.000316253" lbRx="0" />
<wpr uId="83" tId="0" fbRx="7.000316269" lbRx="0" />
<pr uId="84" fId="0" fbTx="7.000388269" />
<wpr uId="84" tId="1" fbRx="7.000392286" lbRx="0" />
<wpr uId="84" tId="2" fbRx="7.000392302" lbRx="0" />
<wpr uId="84" tId="3" fbRx="7.000392319" lbRx="0" />
<pr uId="85" fId="0" fbTx="7.000459269" />
<wpr uId="85" tId="1" fbRx="7.000463286" lbRx="0" />
<wpr uId="85" tId="2" fbRx="7.000463302" lbRx="0" />
<wpr uId="85" tId="3" fbRx="7.000463319" lbRx="0" />
<pr uId="86" fId="2" fbTx="7.000535302" />
<wpr uId="86" tId="1" fbRx="7.000539319" lbRx="0" />
<wpr uId="86" tId="3" fbRx="7.000539319" lbRx="0" />
<wpr uId="86" tId="0" fbRx="7.000539335" lbRx="0" />
<pr uId="87" fId="1" fbTx="7.000651319" />
<wpr uId="87" tId="0" fbRx="7.000655336" lbRx="0" />
<wpr uId="87" tId="2" fbRx="7.000655336" lbRx="0" />
<wpr uId="87" tId="3" fbRx="7.000655352" lbRx="0" />
<pr uId="88" fId="0" fbTx="7.000727336" />
<wpr uId="88" tId="1" fbRx="7.000731353" lbRx="0" />
<wpr uId="88" tId="2" fbRx="7.000731369" lbRx="0" />
<wpr uId="88" tId="3" fbRx="7.000731386" lbRx="0" />
<pr uId="89" fId="0" fbTx="7.000798336" />
<wpr uId="89" tId="1" fbRx="7.000802353" lbRx="0" />
<wpr uId="89" tId="2" fbRx="7.000802369" lbRx="0" />
<wpr uId="89" tId="3" fbRx="7.000802386" lbRx="0" />
<pr uId="90" fId="1" fbTx="7.000874353" />
<wpr uId="90" tId="0" fbRx="7.00087837" lbRx="0" />
<wpr uId="90" tId="2" fbRx="7.00087837" lbRx="0" />
<wpr uId="90" tId="3" fbRx="7.000878386" lbRx="0" />
<pr uId="91" fId="1" fbTx="8.000008353" />
<pr uId="92" fId="2" fbTx="8.00000837" />
<wpr uId="91" tId="0" fbRx="8.00001237" lbRx="0" />
<wpr uId="92" tId="3" fbRx="8.000012387" lbRx="0" />
<pr uId="93" fId="1" fbTx="8.000246353" />
<wpr uId="93" tId="0" fbRx="8.00025037" lbRx="0" />
<wpr uId="93" tId="2" fbRx="8.00025037" lbRx="0" />
<wpr uId="93" tId="3" fbRx="8.000250386" lbRx="0" />
<pr uId="94" fId="0" fbTx="8.00032237" />
<wpr uId="94" tId="1" fbRx="8.000326387" lbRx="0" />
<wpr uId="94" tId="2" fbRx="8.000326403" lbRx="0" />
<wpr uId="94" tId="3" fbRx="8.00032642" lbRx="0" />
<pr uId="95" fId="0" fbTx="8.00039337" />
<wpr uId="95" tId="1" fbRx="8.000397387" lbRx="0" />
<wpr uId="95" tId="2" fbRx="8.000397403" lbRx="0" />
<wpr uId="95" tId="3" fbRx="8.00039742" lbRx="0" />
<pr uId="96" fId="1" fbTx="8.000469387" />
<wpr uId="96" tId="0" fbRx="8.000473404" lbRx="0" />
<wpr uId="96" tId="2" fbRx="8.000473404" lbRx="0" />
<wpr uId="96" tId="3" fbRx="8.00047342" lbRx="0" />
<pr uId="97" fId="2" fbTx="8.000630404" />
<wpr uId="97" tId="1" fbRx="8.000634421" lbRx="0" />
<wpr uId="97" tId="3" fbRx="8.000634421" lbRx="0" />
<wpr uId="97" tId="0" fbRx="8.000634437" lbRx="0" />
<pr uId="98" fId="0" fbTx="8.000706437" />
<wpr uId="98" tId="1" fbRx="8.000710454" lbRx="0" />
<wpr uId="98" tId="2" fbRx="8.00071047" lbRx="0" />
<wpr uId="98" tId="3" fbRx="8.000710487" lbRx="0" />
<pr uId="99" fId="0" fbTx="8.000777437" />
<wpr uId="99" tId="1" fbRx="8.000781454" lbRx="0" />
<wpr uId="99" tId="2" fbRx="8.00078147" lbRx="0" />
<wpr uId="99" tId="3" fbRx="8.000781487" lbRx="0" />
<pr uId="100" fId="2" fbTx="8.00085347" />
<wpr uId="100" tId="1" fbRx="8.000857487" lbRx="0" />
<wpr uId="100" tId="3" fbRx="8.000857487" lbRx="0" />
<wpr uId="100" tId="0" fbRx="8.000857503" lbRx="0" />
<pr uId="101" fId="2" fbTx="9.00000547" />
<pr uId="102" fId="1" fbTx="9.000005487" />
<wpr uId="101" tId="3" fbRx="9.000009487" lbRx="0" />
<wpr uId="102" tId="0" fbRx="9.000009504" lbRx="0" />
<pr uId="103" fId="0" fbTx="9.000081504" />
<wpr uId="103" tId="1" fbRx="9.000085521" lbRx="0" />
<wpr uId="103" tId="2" fbRx="9.000085537" lbRx="0" />
<wpr uId="103" tId="3" fbRx="9.000085554" lbRx="0" />
<pr uId="104" fId="0" fbTx="9.000152504" />
<wpr uId="104" tId="1" fbRx="9.000156521" lbRx="0" />
<wpr uId="104" tId="2" fbRx="9.000156537" lbRx="0" />
<wpr uId="104" tId="3" fbRx="9.000156554" lbRx="0" />
<pr uId="105" fId="1" fbTx="9.000228521" />
<wpr uId="105" tId="0" fbRx="9.000232538" lbRx="0" />
<wpr uId="105" tId="2" fbRx="9.000232538" lbRx="0" />
<wpr uId="105" tId="3" fbRx="9.000232554" lbRx="0" />
<pr uId="106" fId="2" fbTx="9.000551538" />
<wpr uId="106" tId="1" fbRx="9.000555555" lbRx="0" />
<wpr uId="106" tId="3" fbRx="9.000555555" lbRx="0" />
<wpr uId="106" tId="0" fbRx="9.000555571" lbRx="0" />
<pr uId="107" fId="0" fbTx="9.000627571" />
<wpr uId="107" tId="1" fbRx="9.000631588" lbRx="0" />
<wpr uId="107" tId="2" fbRx="9.000631604" lbRx="0" />
<wpr uId="107" tId="3" fbRx="9.000631621" lbRx="0" />
<pr uId="108" fId="0" fbTx="9.000698571" />
<wpr uId="108" tId="1" fbRx="9.000702588" lbRx="0" />
<wpr uId="108" tId="2" fbRx="9.000702604" lbRx="0" />
<wpr uId="108" tId="3" fbRx="9.000702621" lbRx="0" />
<pr uId="109" fId="2" fbTx="9.000774604" />
<wpr uId="109" tId="1" fbRx="9.000778621" lbRx="0" />
<wpr uId="109" tId="3" fbRx="9.000778621" lbRx="0" />
<wpr uId="109" tId="0" fbRx="9.000778637" lbRx="0" />
<pr uId="110" fId="2" fbTx="10.0000076" />
<pr uId="111" fId="1" fbTx="10.00000762" />
<wpr uId="110" tId="3" fbRx="10.00001162" lbRx="0" />
<wpr uId="111" tId="0" fbRx="10.00001164" lbRx="0" />
<pr uId="112" fId="0" fbTx="10.00008364" />
<wpr uId="112" tId="1" fbRx="10.00008765" lbRx="0" />
<wpr uId="112" tId="2" fbRx="10.00008767" lbRx="0" />
<wpr uId="112" tId="3" fbRx="10.00008769" lbRx="0" />
<pr uId="113" fId="0" fbTx="10.00015464" />
<pr uId="114" fId="2" fbTx="10.00015467" />
<wpr uId="114" tId="3" fbRx="10.00015869" lbRx="0" />
<pr uId="115" fId="2" fbTx="10.00046467" />
<wpr uId="115" tId="1" fbRx="10.00046869" lbRx="0" />
<wpr uId="115" tId="3" fbRx="10.00046869" lbRx="0" />
<wpr uId="115" tId="0" fbRx="10.0004687" lbRx="0" />
<pr uId="116" fId="0" fbTx="10.0005407" />
<wpr uId="116" tId="1" fbRx="10.00054472" lbRx="0" />
<wpr uId="116" tId="2" fbRx="10.00054474" lbRx="0" />
<wpr uId="116" tId="3" fbRx="10.00054475" lbRx="0" />
<pr uId="117" fId="0" fbTx="10.0007107" />
<wpr uId="117" tId="1" fbRx="10.00071472" lbRx="0" />
<wpr uId="117" tId="2" fbRx="10.00071474" lbRx="0" />
<wpr uId="117" tId="3" fbRx="10.00071475" lbRx="0" />
<pr uId="118" fId="1" fbTx="10.00078672" />
<wpr uId="118" tId="0" fbRx="10.00079074" lbRx="0" />
<wpr uId="118" tId="2" fbRx="10.00079074" lbRx="0" />
<wpr uId="118" tId="3" fbRx="10.00079075" lbRx="0" />
<pr uId="119" fId="0" fbTx="10.00094774" />
<wpr uId="119" tId="1" fbRx="10.00095176" lbRx="0" />
<wpr uId="119" tId="2" fbRx="10.00095177" lbRx="0" />
<wpr uId="119" tId="3" fbRx="10.00095179" lbRx="0" />
<pr uId="120" fId="2" fbTx="10.00102377" />
<wpr uId="120" tId="1" fbRx="10.00102779" lbRx="0" />
<wpr uId="120" tId="3" fbRx="10.00102779" lbRx="0" />
<wpr uId="120" tId="0" fbRx="10.0010278" lbRx="0" />
<pr uId="121" fId="2" fbTx="11.00000477" />
<pr uId="122" fId="1" fbTx="11.00000479" />
<wpr uId="121" tId="3" fbRx="11.00000879" lbRx="0" />
<wpr uId="122" tId="0" fbRx="11.00000881" lbRx="0" />
<pr uId="123" fId="0" fbTx="11.0000808" />
<wpr uId="123" tId="1" fbRx="11.00008482" lbRx="0" />
<wpr uId="123" tId="2" fbRx="11.00008484" lbRx="0" />
<wpr uId="123" tId="3" fbRx="11.00008486" lbRx="0" />
<pr uId="124" fId="0" fbTx="11.0001518" />
<wpr uId="124" tId="1" fbRx="11.00015582" lbRx="0" />
<wpr uId="124" tId="2" fbRx="11.00015584" lbRx="0" />
<wpr uId="124" tId="3" fbRx="11.00015585" lbRx="0" />
<pr uId="125" fId="1" fbTx="11.00022782" />
<wpr uId="125" tId="0" fbRx="11.00023184" lbRx="0" />
<wpr uId="125" tId="2" fbRx="11.00023184" lbRx="0" />
<wpr uId="125" tId="3" fbRx="11.00023185" lbRx="0" />
<pr uId="126" fId="2" fbTx="11.00038684" />
<wpr uId="126" tId="1" fbRx="11.00039085" lbRx="0" />
<wpr uId="126" tId="3" fbRx="11.00039085" lbRx="0" />
<wpr uId="126" tId="0" fbRx="11.00039087" lbRx="0" />
<pr uId="127" fId="0" fbTx="11.00046287" />
<wpr uId="127" tId="1" fbRx="11.00046689" lbRx="0" />
<wpr uId="127" tId="2" fbRx="11.0004669" lbRx="0" />
<wpr uId="127" tId="3" fbRx="11.00046692" lbRx="0" />
<pr uId="128" fId="0" fbTx="11.00055187" />
<wpr uId="128" tId="1" fbRx="11.00055589" lbRx="0" />
<wpr uId="128" tId="2" fbRx="11.0005559" lbRx="0" />
<wpr uId="128" tId="3" fbRx="11.00055592" lbRx="0" />
<pr uId="129" fId="2" fbTx="11.0006279" />
<wpr uId="129" tId="1" fbRx="11.00063192" lbRx="0" />
<wpr uId="129" tId="3" fbRx="11.00063192" lbRx="0" />
<wpr uId="129" tId="0" fbRx="11.00063194" lbRx="0" />
</anim>
