<anim ver="netanim-3.109" filetype="animation" >
<node id="0" sysId="0" locX="0" locY="0" />
<node id="1" sysId="0" locX="5" locY="0" />
<node id="2" sysId="0" locX="10" locY="0" />
<node id="3" sysId="0" locX="15" locY="0" />
<node id="4" sysId="0" locX="20" locY="0" />
<nu p="c" t="0" id="0" r="255" g="0" b="0" />
<nu p="c" t="0" id="1" r="255" g="0" b="0" />
<nu p="c" t="0" id="2" r="255" g="0" b="0" />
<nu p="c" t="0" id="3" r="255" g="0" b="0" />
<nu p="c" t="0" id="4" r="255" g="0" b="0" />
<nonp2plinkproperties id="0" ipAddress="10.1.1.1~00:00:00:00:00:01" channelType="ns3::YansWifiChannel" />
<nonp2plinkproperties id="0" ipAddress="127.0.0.1~00:00:00:00:00:00" channelType="Unknown channel" />
<nonp2plinkproperties id="1" ipAddress="10.1.1.2~00:00:00:00:00:02" channelType="ns3::YansWifiChannel" />
<nonp2plinkproperties id="1" ipAddress="127.0.0.1~00:00:00:00:00:00" channelType="Unknown channel" />
<nonp2plinkproperties id="2" ipAddress="10.1.1.3~00:00:00:00:00:03" channelType="ns3::YansWifiChannel" />
<nonp2plinkproperties id="2" ipAddress="127.0.0.1~00:00:00:00:00:00" channelType="Unknown channel" />
<nonp2plinkproperties id="3" ipAddress="10.1.1.4~00:00:00:00:00:04" channelType="ns3::YansWifiChannel" />
<nonp2plinkproperties id="3" ipAddress="127.0.0.1~00:00:00:00:00:00" channelType="Unknown channel" />
<nonp2plinkproperties id="4" ipAddress="10.1.1.5~00:00:00:00:00:05" channelType="ns3::YansWifiChannel" />
<nonp2plinkproperties id="4" ipAddress="127.0.0.1~00:00:00:00:00:00" channelType="Unknown channel" />
<ip n="0" >
<address >10.1.1.1</address>

<address >127.0.0.1</address>

</ip>
<ip n="0" >
<address >10.1.1.1</address>

<address >127.0.0.1</address>

</ip>
<ip n="1" >
<address >10.1.1.2</address>

<address >127.0.0.1</address>

</ip>
<ip n="1" >
<address >10.1.1.2</address>

<address >127.0.0.1</address>

</ip>
<ip n="2" >
<address >10.1.1.3</address>

<address >127.0.0.1</address>

</ip>
<ip n="2" >
<address >10.1.1.3</address>

<address >127.0.0.1</address>

</ip>
<ip n="3" >
<address >10.1.1.4</address>

<address >127.0.0.1</address>

</ip>
<ip n="3" >
<address >10.1.1.4</address>

<address >127.0.0.1</address>

</ip>
<ip n="4" >
<address >10.1.1.5</address>

<address >127.0.0.1</address>

</ip>
<ip n="4" >
<address >10.1.1.5</address>

<address >127.0.0.1</address>

</ip>
<ipv6 n="0" >
<address >::1</address>

</ipv6>
<ipv6 n="1" >
<address >::1</address>

</ipv6>
<ipv6 n="2" >
<address >::1</address>

</ipv6>
<ipv6 n="3" >
<address >::1</address>

</ipv6>
<ipv6 n="4" >
<address >::1</address>

</ipv6>
<nu p="s" t="0" id="0" w="1" h="1" />
<nu p="s" t="0" id="1" w="1" h="1" />
<nu p="s" t="0" id="2" w="1" h="1" />
<nu p="s" t="0" id="3" w="1" h="1" />
<nu p="s" t="0" id="4" w="1" h="1" />
<ncs ncId="0" n="RemainingEnergy" t="DOUBLE" />
<pr uId="1" fId="2" fbTx="2.000005" />
<wpr uId="1" tId="1" fbRx="2.000009017" lbRx="0" />
<wpr uId="1" tId="3" fbRx="2.000009017" lbRx="0" />
<wpr uId="1" tId="0" fbRx="2.000009033" lbRx="0" />
<wpr uId="1" tId="4" fbRx="2.000009033" lbRx="0" />
<pr uId="2" fId="0" fbTx="2.000160033" />
<wpr uId="2" tId="1" fbRx="2.00016405" lbRx="0" />
<wpr uId="2" tId="2" fbRx="2.000164066" lbRx="0" />
<wpr uId="2" tId="3" fbRx="2.000164083" lbRx="0" />
<wpr uId="2" tId="4" fbRx="2.0001641" lbRx="0" />
<pr uId="3" fId="2" fbTx="2.000252066" />
<wpr uId="3" tId="1" fbRx="2.000256083" lbRx="0" />
<wpr uId="3" tId="3" fbRx="2.000256083" lbRx="0" />
<wpr uId="3" tId="0" fbRx="2.000256099" lbRx="0" />
<wpr uId="3" tId="4" fbRx="2.000256099" lbRx="0" />
<pr uId="4" fId="2" fbTx="2.000447066" />
<wpr uId="4" tId="1" fbRx="2.000451083" lbRx="0" />
<wpr uId="4" tId="3" fbRx="2.000451083" lbRx="0" />
<wpr uId="4" tId="0" fbRx="2.000451099" lbRx="0" />
<wpr uId="4" tId="4" fbRx="2.000451099" lbRx="0" />
<pr uId="5" fId="0" fbTx="2.000539099" />
<wpr uId="5" tId="1" fbRx="2.000543116" lbRx="0" />
<wpr uId="5" tId="2" fbRx="2.000543132" lbRx="0" />
<wpr uId="5" tId="3" fbRx="2.000543149" lbRx="0" />
<wpr uId="5" tId="4" fbRx="2.000543166" lbRx="0" />
<pr uId="6" fId="0" fbTx="2.000626099" />
<wpr uId="6" tId="1" fbRx="2.000630116" lbRx="0" />
<wpr uId="6" tId="2" fbRx="2.000630132" lbRx="0" />
<wpr uId="6" tId="3" fbRx="2.000630149" lbRx="0" />
<wpr uId="6" tId="4" fbRx="2.000630166" lbRx="0" />
<pr uId="7" fId="2" fbTx="2.000702132" />
<wpr uId="7" tId="1" fbRx="2.000706149" lbRx="0" />
<wpr uId="7" tId="3" fbRx="2.000706149" lbRx="0" />
<wpr uId="7" tId="0" fbRx="2.000706165" lbRx="0" />
<wpr uId="7" tId="4" fbRx="2.000706165" lbRx="0" />
<pr uId="8" fId="2" fbTx="2.000899132" />
<wpr uId="8" tId="1" fbRx="2.000903149" lbRx="0" />
<wpr uId="8" tId="3" fbRx="2.000903149" lbRx="0" />
<wpr uId="8" tId="0" fbRx="2.000903165" lbRx="0" />
<wpr uId="8" tId="4" fbRx="2.000903165" lbRx="0" />
<pr uId="9" fId="0" fbTx="2.000991165" />
<wpr uId="9" tId="1" fbRx="2.000995182" lbRx="0" />
<wpr uId="9" tId="2" fbRx="2.000995198" lbRx="0" />
<wpr uId="9" tId="3" fbRx="2.000995215" lbRx="0" />
<wpr uId="9" tId="4" fbRx="2.000995232" lbRx="0" />
<pr uId="10" fId="0" fbTx="2.001078165" />
<wpr uId="10" tId="1" fbRx="2.001082182" lbRx="0" />
<wpr uId="10" tId="2" fbRx="2.001082198" lbRx="0" />
<wpr uId="10" tId="3" fbRx="2.001082215" lbRx="0" />
<wpr uId="10" tId="4" fbRx="2.001082232" lbRx="0" />
<pr uId="11" fId="2" fbTx="2.001170198" />
<wpr uId="11" tId="1" fbRx="2.001174215" lbRx="0" />
<wpr uId="11" tId="3" fbRx="2.001174215" lbRx="0" />
<wpr uId="11" tId="0" fbRx="2.001174231" lbRx="0" />
<wpr uId="11" tId="4" fbRx="2.001174231" lbRx="0" />
<pr uId="12" fId="2" fbTx="2.001275198" />
<wpr uId="12" tId="1" fbRx="2.001279215" lbRx="0" />
<wpr uId="12" tId="3" fbRx="2.001279215" lbRx="0" />
<wpr uId="12" tId="0" fbRx="2.001279231" lbRx="0" />
<wpr uId="12" tId="4" fbRx="2.001279231" lbRx="0" />
<pr uId="13" fId="0" fbTx="2.001351231" />
<wpr uId="13" tId="1" fbRx="2.001355248" lbRx="0" />
<wpr uId="13" tId="2" fbRx="2.001355264" lbRx="0" />
<wpr uId="13" tId="3" fbRx="2.001355281" lbRx="0" />
<wpr uId="13" tId="4" fbRx="2.001355298" lbRx="0" />
<pr uId="14" fId="0" fbTx="2.002340231" />
<wpr uId="14" tId="1" fbRx="2.002344248" lbRx="0" />
<wpr uId="14" tId="2" fbRx="2.002344264" lbRx="0" />
<wpr uId="14" tId="3" fbRx="2.002344281" lbRx="0" />
<wpr uId="14" tId="4" fbRx="2.002344298" lbRx="0" />
<pr uId="15" fId="2" fbTx="2.002495264" />
<wpr uId="15" tId="1" fbRx="2.002499281" lbRx="0" />
<wpr uId="15" tId="3" fbRx="2.002499281" lbRx="0" />
<wpr uId="15" tId="0" fbRx="2.002499297" lbRx="0" />
<wpr uId="15" tId="4" fbRx="2.002499297" lbRx="0" />
<pr uId="16" fId="0" fbTx="2.002571297" />
<wpr uId="16" tId="1" fbRx="2.002575314" lbRx="0" />
<wpr uId="16" tId="2" fbRx="2.00257533" lbRx="0" />
<wpr uId="16" tId="3" fbRx="2.002575347" lbRx="0" />
<wpr uId="16" tId="4" fbRx="2.002575364" lbRx="0" />
<pr uId="17" fId="0" fbTx="2.002723297" />
<wpr uId="17" tId="1" fbRx="2.002727314" lbRx="0" />
<wpr uId="17" tId="2" fbRx="2.00272733" lbRx="0" />
<wpr uId="17" tId="3" fbRx="2.002727347" lbRx="0" />
<wpr uId="17" tId="4" fbRx="2.002727364" lbRx="0" />
<pr uId="18" fId="2" fbTx="2.00279933" />
<wpr uId="18" tId="1" fbRx="2.002803347" lbRx="0" />
<wpr uId="18" tId="3" fbRx="2.002803347" lbRx="0" />
<wpr uId="18" tId="0" fbRx="2.002803363" lbRx="0" />
<wpr uId="18" tId="4" fbRx="2.002803363" lbRx="0" />
<pr uId="19" fId="4" fbTx="2.004004363" />
<wpr uId="19" tId="3" fbRx="2.00400838" lbRx="0" />
<wpr uId="19" tId="2" fbRx="2.004008396" lbRx="0" />
<wpr uId="19" tId="1" fbRx="2.004008413" lbRx="0" />
<wpr uId="19" tId="0" fbRx="2.00400843" lbRx="0" />
<pr uId="20" fId="0" fbTx="2.00415943" />
<wpr uId="20" tId="1" fbRx="2.004163447" lbRx="0" />
<wpr uId="20" tId="2" fbRx="2.004163463" lbRx="0" />
<wpr uId="20" tId="3" fbRx="2.00416348" lbRx="0" />
<wpr uId="20" tId="4" fbRx="2.004163497" lbRx="0" />
<pr uId="21" fId="4" fbTx="2.004251497" />
<wpr uId="21" tId="3" fbRx="2.004255514" lbRx="0" />
<wpr uId="21" tId="2" fbRx="2.00425553" lbRx="0" />
<wpr uId="21" tId="1" fbRx="2.004255547" lbRx="0" />
<wpr uId="21" tId="0" fbRx="2.004255564" lbRx="0" />
<pr uId="22" fId="4" fbTx="2.004446497" />
<wpr uId="22" tId="3" fbRx="2.004450514" lbRx="0" />
<wpr uId="22" tId="2" fbRx="2.00445053" lbRx="0" />
<wpr uId="22" tId="1" fbRx="2.004450547" lbRx="0" />
<wpr uId="22" tId="0" fbRx="2.004450564" lbRx="0" />
<pr uId="23" fId="0" fbTx="2.004538564" />
<wpr uId="23" tId="1" fbRx="2.004542581" lbRx="0" />
<wpr uId="23" tId="2" fbRx="2.004542597" lbRx="0" />
<wpr uId="23" tId="3" fbRx="2.004542614" lbRx="0" />
<wpr uId="23" tId="4" fbRx="2.004542631" lbRx="0" />
<pr uId="24" fId="0" fbTx="2.004625564" />
<wpr uId="24" tId="1" fbRx="2.004629581" lbRx="0" />
<wpr uId="24" tId="2" fbRx="2.004629597" lbRx="0" />
<wpr uId="24" tId="3" fbRx="2.004629614" lbRx="0" />
<wpr uId="24" tId="4" fbRx="2.004629631" lbRx="0" />
<pr uId="25" fId="4" fbTx="2.004701631" />
<wpr uId="25" tId="3" fbRx="2.004705648" lbRx="0" />
<wpr uId="25" tId="2" fbRx="2.004705664" lbRx="0" />
<wpr uId="25" tId="1" fbRx="2.004705681" lbRx="0" />
<wpr uId="25" tId="0" fbRx="2.004705698" lbRx="0" />
<pr uId="26" fId="4" fbTx="2.004781631" />
<wpr uId="26" tId="3" fbRx="2.004785648" lbRx="0" />
<wpr uId="26" tId="2" fbRx="2.004785664" lbRx="0" />
<wpr uId="26" tId="1" fbRx="2.004785681" lbRx="0" />
<wpr uId="26" tId="0" fbRx="2.004785698" lbRx="0" />
<pr uId="27" fId="0" fbTx="2.004873698" />
<wpr uId="27" tId="1" fbRx="2.004877715" lbRx="0" />
<wpr uId="27" tId="2" fbRx="2.004877731" lbRx="0" />
<wpr uId="27" tId="3" fbRx="2.004877748" lbRx="0" />
<wpr uId="27" tId="4" fbRx="2.004877765" lbRx="0" />
<pr uId="28" fId="1" fbTx="2.005005715" />
<wpr uId="28" tId="0" fbRx="2.005009732" lbRx="0" />
<wpr uId="28" tId="2" fbRx="2.005009732" lbRx="0" />
<wpr uId="28" tId="3" fbRx="2.005009748" lbRx="0" />
<wpr uId="28" tId="4" fbRx="2.005009765" lbRx="0" />
<pr uId="29" fId="0" fbTx="2.005205732" />
<wpr uId="29" tId="1" fbRx="2.005209749" lbRx="0" />
<wpr uId="29" tId="2" fbRx="2.005209765" lbRx="0" />
<wpr uId="29" tId="3" fbRx="2.005209782" lbRx="0" />
<wpr uId="29" tId="4" fbRx="2.005209799" lbRx="0" />
<pr uId="30" fId="4" fbTx="2.005297799" />
<wpr uId="30" tId="3" fbRx="2.005301816" lbRx="0" />
<wpr uId="30" tId="2" fbRx="2.005301832" lbRx="0" />
<wpr uId="30" tId="1" fbRx="2.005301849" lbRx="0" />
<wpr uId="30" tId="0" fbRx="2.005301866" lbRx="0" />
<pr uId="31" fId="4" fbTx="2.005384799" />
<wpr uId="31" tId="3" fbRx="2.005388816" lbRx="0" />
<wpr uId="31" tId="2" fbRx="2.005388832" lbRx="0" />
<wpr uId="31" tId="1" fbRx="2.005388849" lbRx="0" />
<wpr uId="31" tId="0" fbRx="2.005388866" lbRx="0" />
<pr uId="32" fId="0" fbTx="2.005476866" />
<wpr uId="32" tId="1" fbRx="2.005480883" lbRx="0" />
<wpr uId="32" tId="2" fbRx="2.005480899" lbRx="0" />
<wpr uId="32" tId="3" fbRx="2.005480916" lbRx="0" />
<wpr uId="32" tId="4" fbRx="2.005480933" lbRx="0" />
<pr uId="33" fId="0" fbTx="2.005583866" />
<wpr uId="33" tId="1" fbRx="2.005587883" lbRx="0" />
<wpr uId="33" tId="2" fbRx="2.005587899" lbRx="0" />
<wpr uId="33" tId="3" fbRx="2.005587916" lbRx="0" />
<wpr uId="33" tId="4" fbRx="2.005587933" lbRx="0" />
<pr uId="34" fId="1" fbTx="2.005675883" />
<wpr uId="34" tId="0" fbRx="2.0056799" lbRx="0" />
<wpr uId="34" tId="2" fbRx="2.0056799" lbRx="0" />
<wpr uId="34" tId="3" fbRx="2.005679916" lbRx="0" />
<wpr uId="34" tId="4" fbRx="2.005679933" lbRx="0" />
<pr uId="35" fId="1" fbTx="2.005762883" />
<wpr uId="35" tId="0" fbRx="2.0057669" lbRx="0" />
<wpr uId="35" tId="2" fbRx="2.0057669" lbRx="0" />
<wpr uId="35" tId="3" fbRx="2.005766916" lbRx="0" />
<wpr uId="35" tId="4" fbRx="2.005766933" lbRx="0" />
<pr uId="36" fId="0" fbTx="2.0058549" />
<wpr uId="36" tId="1" fbRx="2.005858917" lbRx="0" />
<wpr uId="36" tId="2" fbRx="2.005858933" lbRx="0" />
<wpr uId="36" tId="3" fbRx="2.00585895" lbRx="0" />
<wpr uId="36" tId="4" fbRx="2.005858967" lbRx="0" />
<pr uId="37" fId="0" fbTx="2.0060679" />
<wpr uId="37" tId="1" fbRx="2.006071917" lbRx="0" />
<wpr uId="37" tId="2" fbRx="2.006071933" lbRx="0" />
<wpr uId="37" tId="3" fbRx="2.00607195" lbRx="0" />
<wpr uId="37" tId="4" fbRx="2.006071967" lbRx="0" />
<pr uId="38" fId="1" fbTx="2.006143917" />
<wpr uId="38" tId="0" fbRx="2.006147934" lbRx="0" />
<wpr uId="38" tId="2" fbRx="2.006147934" lbRx="0" />
<wpr uId="38" tId="3" fbRx="2.00614795" lbRx="0" />
<wpr uId="38" tId="4" fbRx="2.006147967" lbRx="0" />
<pr uId="39" fId="1" fbTx="2.006214917" />
<wpr uId="39" tId="0" fbRx="2.006218934" lbRx="0" />
<wpr uId="39" tId="2" fbRx="2.006218934" lbRx="0" />
<wpr uId="39" tId="3" fbRx="2.00621895" lbRx="0" />
<wpr uId="39" tId="4" fbRx="2.006218967" lbRx="0" />
<pr uId="40" fId="0" fbTx="2.006306934" />
<wpr uId="40" tId="1" fbRx="2.006310951" lbRx="0" />
<wpr uId="40" tId="2" fbRx="2.006310967" lbRx="0" />
<wpr uId="40" tId="3" fbRx="2.006310984" lbRx="0" />
<wpr uId="40" tId="4" fbRx="2.006311001" lbRx="0" />
<pr uId="41" fId="0" fbTx="2.006393934" />
<wpr uId="41" tId="1" fbRx="2.006397951" lbRx="0" />
<wpr uId="41" tId="2" fbRx="2.006397967" lbRx="0" />
<wpr uId="41" tId="3" fbRx="2.006397984" lbRx="0" />
<wpr uId="41" tId="4" fbRx="2.006398001" lbRx="0" />
<pr uId="42" fId="1" fbTx="2.006485951" />
<wpr uId="42" tId="0" fbRx="2.006489968" lbRx="0" />
<wpr uId="42" tId="2" fbRx="2.006489968" lbRx="0" />
<wpr uId="42" tId="3" fbRx="2.006489984" lbRx="0" />
<wpr uId="42" tId="4" fbRx="2.006490001" lbRx="0" />
<pr uId="43" fId="1" fbTx="2.006698951" />
<wpr uId="43" tId="0" fbRx="2.006702968" lbRx="0" />
<wpr uId="43" tId="2" fbRx="2.006702968" lbRx="0" />
<wpr uId="43" tId="3" fbRx="2.006702984" lbRx="0" />
<wpr uId="43" tId="4" fbRx="2.006703001" lbRx="0" />
<pr uId="44" fId="0" fbTx="2.006774968" />
<wpr uId="44" tId="1" fbRx="2.006778985" lbRx="0" />
<wpr uId="44" tId="2" fbRx="2.006779001" lbRx="0" />
<wpr uId="44" tId="3" fbRx="2.006779018" lbRx="0" />
<wpr uId="44" tId="4" fbRx="2.006779035" lbRx="0" />
<pr uId="45" fId="3" fbTx="2.009006018" />
<wpr uId="45" tId="2" fbRx="2.009010035" lbRx="0" />
<wpr uId="45" tId="4" fbRx="2.009010035" lbRx="0" />
<wpr uId="45" tId="1" fbRx="2.009010051" lbRx="0" />
<wpr uId="45" tId="0" fbRx="2.009010068" lbRx="0" />
<pr uId="46" fId="0" fbTx="2.009161068" />
<wpr uId="46" tId="1" fbRx="2.009165085" lbRx="0" />
<wpr uId="46" tId="2" fbRx="2.009165101" lbRx="0" />
<wpr uId="46" tId="3" fbRx="2.009165118" lbRx="0" />
<wpr uId="46" tId="4" fbRx="2.009165135" lbRx="0" />
<pr uId="47" fId="3" fbTx="2.009253118" />
<wpr uId="47" tId="2" fbRx="2.009257135" lbRx="0" />
<wpr uId="47" tId="4" fbRx="2.009257135" lbRx="0" />
<wpr uId="47" tId="1" fbRx="2.009257151" lbRx="0" />
<wpr uId="47" tId="0" fbRx="2.009257168" lbRx="0" />
<pr uId="48" fId="3" fbTx="2.009403118" />
<wpr uId="48" tId="2" fbRx="2.009407135" lbRx="0" />
<wpr uId="48" tId="4" fbRx="2.009407135" lbRx="0" />
<wpr uId="48" tId="1" fbRx="2.009407151" lbRx="0" />
<wpr uId="48" tId="0" fbRx="2.009407168" lbRx="0" />
<pr uId="49" fId="0" fbTx="2.009495168" />
<wpr uId="49" tId="1" fbRx="2.009499185" lbRx="0" />
<wpr uId="49" tId="2" fbRx="2.009499201" lbRx="0" />
<wpr uId="49" tId="3" fbRx="2.009499218" lbRx="0" />
<wpr uId="49" tId="4" fbRx="2.009499235" lbRx="0" />
<pr uId="50" fId="0" fbTx="2.009636168" />
<wpr uId="50" tId="1" fbRx="2.009640185" lbRx="0" />
<wpr uId="50" tId="2" fbRx="2.009640201" lbRx="0" />
<wpr uId="50" tId="3" fbRx="2.009640218" lbRx="0" />
<wpr uId="50" tId="4" fbRx="2.009640235" lbRx="0" />
<pr uId="51" fId="3" fbTx="2.009712218" />
<wpr uId="51" tId="2" fbRx="2.009716235" lbRx="0" />
<wpr uId="51" tId="4" fbRx="2.009716235" lbRx="0" />
<wpr uId="51" tId="1" fbRx="2.009716251" lbRx="0" />
<wpr uId="51" tId="0" fbRx="2.009716268" lbRx="0" />
<pr uId="52" fId="3" fbTx="2.009783218" />
<wpr uId="52" tId="2" fbRx="2.009787235" lbRx="0" />
<wpr uId="52" tId="4" fbRx="2.009787235" lbRx="0" />
<wpr uId="52" tId="1" fbRx="2.009787251" lbRx="0" />
<wpr uId="52" tId="0" fbRx="2.009787268" lbRx="0" />
<pr uId="53" fId="0" fbTx="2.009875268" />
<wpr uId="53" tId="1" fbRx="2.009879285" lbRx="0" />
<wpr uId="53" tId="2" fbRx="2.009879301" lbRx="0" />
<wpr uId="53" tId="3" fbRx="2.009879318" lbRx="0" />
<wpr uId="53" tId="4" fbRx="2.009879335" lbRx="0" />
<pr uId="54" fId="0" fbTx="2.009998268" />
<wpr uId="54" tId="1" fbRx="2.010002285" lbRx="0" />
<wpr uId="54" tId="2" fbRx="2.010002301" lbRx="0" />
<wpr uId="54" tId="3" fbRx="2.010002318" lbRx="0" />
<wpr uId="54" tId="4" fbRx="2.010002335" lbRx="0" />
<pr uId="55" fId="3" fbTx="2.010090318" />
<wpr uId="55" tId="2" fbRx="2.010094335" lbRx="0" />
<wpr uId="55" tId="4" fbRx="2.010094335" lbRx="0" />
<wpr uId="55" tId="1" fbRx="2.010094351" lbRx="0" />
<wpr uId="55" tId="0" fbRx="2.010094368" lbRx="0" />
<pr uId="56" fId="3" fbTx="2.010177318" />
<wpr uId="56" tId="2" fbRx="2.010181335" lbRx="0" />
<wpr uId="56" tId="4" fbRx="2.010181335" lbRx="0" />
<wpr uId="56" tId="1" fbRx="2.010181351" lbRx="0" />
<wpr uId="56" tId="0" fbRx="2.010181368" lbRx="0" />
<pr uId="57" fId="0" fbTx="2.010253368" />
<wpr uId="57" tId="1" fbRx="2.010257385" lbRx="0" />
<wpr uId="57" tId="2" fbRx="2.010257401" lbRx="0" />
<wpr uId="57" tId="3" fbRx="2.010257418" lbRx="0" />
<wpr uId="57" tId="4" fbRx="2.010257435" lbRx="0" />
<pr uId="58" fId="0" fbTx="2.011242368" />
<wpr uId="58" tId="1" fbRx="2.011246385" lbRx="0" />
<wpr uId="58" tId="2" fbRx="2.011246401" lbRx="0" />
<wpr uId="58" tId="3" fbRx="2.011246418" lbRx="0" />
<wpr uId="58" tId="4" fbRx="2.011246435" lbRx="0" />
<pr uId="59" fId="3" fbTx="2.011397418" />
<wpr uId="59" tId="2" fbRx="2.011401435" lbRx="0" />
<wpr uId="59" tId="4" fbRx="2.011401435" lbRx="0" />
<wpr uId="59" tId="1" fbRx="2.011401451" lbRx="0" />
<wpr uId="59" tId="0" fbRx="2.011401468" lbRx="0" />
<pr uId="60" fId="0" fbTx="2.011473468" />
<wpr uId="60" tId="1" fbRx="2.011477485" lbRx="0" />
<wpr uId="60" tId="2" fbRx="2.011477501" lbRx="0" />
<wpr uId="60" tId="3" fbRx="2.011477518" lbRx="0" />
<wpr uId="60" tId="4" fbRx="2.011477535" lbRx="0" />
<pr uId="61" fId="0" fbTx="2.011616468" />
<wpr uId="61" tId="1" fbRx="2.011620485" lbRx="0" />
<wpr uId="61" tId="2" fbRx="2.011620501" lbRx="0" />
<wpr uId="61" tId="3" fbRx="2.011620518" lbRx="0" />
<wpr uId="61" tId="4" fbRx="2.011620535" lbRx="0" />
<pr uId="62" fId="3" fbTx="2.011692518" />
<wpr uId="62" tId="2" fbRx="2.011696535" lbRx="0" />
<wpr uId="62" tId="4" fbRx="2.011696535" lbRx="0" />
<wpr uId="62" tId="1" fbRx="2.011696551" lbRx="0" />
<wpr uId="62" tId="0" fbRx="2.011696568" lbRx="0" />
<pr uId="63" fId="0" fbTx="2.011817568" />
<wpr uId="63" tId="1" fbRx="2.011821585" lbRx="0" />
<wpr uId="63" tId="2" fbRx="2.011821601" lbRx="0" />
<wpr uId="63" tId="3" fbRx="2.011821618" lbRx="0" />
<wpr uId="63" tId="4" fbRx="2.011821635" lbRx="0" />
<pr uId="64" fId="4" fbTx="2.011972635" />
<wpr uId="64" tId="3" fbRx="2.011976652" lbRx="0" />
<wpr uId="64" tId="2" fbRx="2.011976668" lbRx="0" />
<wpr uId="64" tId="1" fbRx="2.011976685" lbRx="0" />
<wpr uId="64" tId="0" fbRx="2.011976702" lbRx="0" />
<pr uId="65" fId="0" fbTx="2.012048702" />
<wpr uId="65" tId="1" fbRx="2.012052719" lbRx="0" />
<wpr uId="65" tId="2" fbRx="2.012052735" lbRx="0" />
<wpr uId="65" tId="3" fbRx="2.012052752" lbRx="0" />
<wpr uId="65" tId="4" fbRx="2.012052769" lbRx="0" />
<pr uId="66" fId="0" fbTx="2.012173702" />
<wpr uId="66" tId="1" fbRx="2.012177719" lbRx="0" />
<wpr uId="66" tId="2" fbRx="2.012177735" lbRx="0" />
<wpr uId="66" tId="3" fbRx="2.012177752" lbRx="0" />
<wpr uId="66" tId="4" fbRx="2.012177769" lbRx="0" />
<pr uId="67" fId="4" fbTx="2.012265769" />
<wpr uId="67" tId="3" fbRx="2.012269786" lbRx="0" />
<wpr uId="67" tId="2" fbRx="2.012269802" lbRx="0" />
<wpr uId="67" tId="1" fbRx="2.012269819" lbRx="0" />
<wpr uId="67" tId="0" fbRx="2.012269836" lbRx="0" />
<pr uId="68" fId="0" fbTx="2.014766836" />
<wpr uId="68" tId="1" fbRx="2.014770853" lbRx="0" />
<wpr uId="68" tId="2" fbRx="2.014770869" lbRx="0" />
<wpr uId="68" tId="3" fbRx="2.014770886" lbRx="0" />
<wpr uId="68" tId="4" fbRx="2.014770903" lbRx="0" />
<pr uId="69" fId="1" fbTx="2.014921853" />
<wpr uId="69" tId="0" fbRx="2.01492587" lbRx="0" />
<wpr uId="69" tId="2" fbRx="2.01492587" lbRx="0" />
<wpr uId="69" tId="3" fbRx="2.014925886" lbRx="0" />
<wpr uId="69" tId="4" fbRx="2.014925903" lbRx="0" />
<pr uId="70" fId="0" fbTx="2.01499787" />
<wpr uId="70" tId="1" fbRx="2.015001887" lbRx="0" />
<wpr uId="70" tId="2" fbRx="2.015001903" lbRx="0" />
<wpr uId="70" tId="3" fbRx="2.01500192" lbRx="0" />
<wpr uId="70" tId="4" fbRx="2.015001937" lbRx="0" />
<pr uId="71" fId="0" fbTx="2.01513187" />
<wpr uId="71" tId="1" fbRx="2.015135887" lbRx="0" />
<wpr uId="71" tId="2" fbRx="2.015135903" lbRx="0" />
<wpr uId="71" tId="3" fbRx="2.01513592" lbRx="0" />
<wpr uId="71" tId="4" fbRx="2.015135937" lbRx="0" />
<pr uId="72" fId="1" fbTx="2.015207887" />
<wpr uId="72" tId="0" fbRx="2.015211904" lbRx="0" />
<wpr uId="72" tId="2" fbRx="2.015211904" lbRx="0" />
<wpr uId="72" tId="3" fbRx="2.01521192" lbRx="0" />
<wpr uId="72" tId="4" fbRx="2.015211937" lbRx="0" />
<pr uId="73" fId="1" fbTx="3.000004887" />
<pr uId="74" fId="2" fbTx="3.000004904" />
<pr uId="75" fId="3" fbTx="3.00000492" />
<pr uId="76" fId="4" fbTx="3.000004937" />
<wpr uId="73" tId="0" fbRx="3.000008904" lbRx="0" />
<pr uId="77" fId="2" fbTx="3.000188904" />
<wpr uId="77" tId="1" fbRx="3.000192921" lbRx="0" />
<wpr uId="77" tId="3" fbRx="3.000192921" lbRx="0" />
<wpr uId="77" tId="0" fbRx="3.000192937" lbRx="0" />
<wpr uId="77" tId="4" fbRx="3.000192937" lbRx="0" />
<pr uId="78" fId="0" fbTx="3.000264937" />
<wpr uId="78" tId="1" fbRx="3.000268954" lbRx="0" />
<wpr uId="78" tId="2" fbRx="3.00026897" lbRx="0" />
<wpr uId="78" tId="3" fbRx="3.000268987" lbRx="0" />
<wpr uId="78" tId="4" fbRx="3.000269004" lbRx="0" />
<pr uId="79" fId="0" fbTx="3.000335937" />
<pr uId="80" fId="1" fbTx="3.000335954" />
<pr uId="81" fId="3" fbTx="3.000335987" />
<wpr uId="81" tId="4" fbRx="3.000340004" lbRx="0" />
<pr uId="82" fId="1" fbTx="3.000501954" />
<wpr uId="82" tId="0" fbRx="3.000505971" lbRx="0" />
<wpr uId="82" tId="2" fbRx="3.000505971" lbRx="0" />
<wpr uId="82" tId="3" fbRx="3.000505987" lbRx="0" />
<wpr uId="82" tId="4" fbRx="3.000506004" lbRx="0" />
<pr uId="83" fId="0" fbTx="3.000577971" />
<wpr uId="83" tId="1" fbRx="3.000581988" lbRx="0" />
<wpr uId="83" tId="2" fbRx="3.000582004" lbRx="0" />
<wpr uId="83" tId="3" fbRx="3.000582021" lbRx="0" />
<wpr uId="83" tId="4" fbRx="3.000582038" lbRx="0" />
<pr uId="84" fId="0" fbTx="3.000657971" />
<wpr uId="84" tId="1" fbRx="3.000661988" lbRx="0" />
<wpr uId="84" tId="2" fbRx="3.000662004" lbRx="0" />
<wpr uId="84" tId="3" fbRx="3.000662021" lbRx="0" />
<wpr uId="84" tId="4" fbRx="3.000662038" lbRx="0" />
<pr uId="85" fId="2" fbTx="3.000734004" />
<wpr uId="85" tId="1" fbRx="3.000738021" lbRx="0" />
<wpr uId="85" tId="3" fbRx="3.000738021" lbRx="0" />
<wpr uId="85" tId="0" fbRx="3.000738037" lbRx="0" />
<wpr uId="85" tId="4" fbRx="3.000738037" lbRx="0" />
<pr uId="86" fId="4" fbTx="3.000830038" />
<wpr uId="86" tId="3" fbRx="3.000834055" lbRx="0" />
<wpr uId="86" tId="2" fbRx="3.000834071" lbRx="0" />
<wpr uId="86" tId="1" fbRx="3.000834088" lbRx="0" />
<wpr uId="86" tId="0" fbRx="3.000834105" lbRx="0" />
<pr uId="87" fId="0" fbTx="3.000922105" />
<wpr uId="87" tId="1" fbRx="3.000926122" lbRx="0" />
<wpr uId="87" tId="2" fbRx="3.000926138" lbRx="0" />
<wpr uId="87" tId="3" fbRx="3.000926155" lbRx="0" />
<wpr uId="87" tId="4" fbRx="3.000926172" lbRx="0" />
<pr uId="88" fId="0" fbTx="3.001038105" />
<wpr uId="88" tId="1" fbRx="3.001042122" lbRx="0" />
<wpr uId="88" tId="2" fbRx="3.001042138" lbRx="0" />
<wpr uId="88" tId="3" fbRx="3.001042155" lbRx="0" />
<wpr uId="88" tId="4" fbRx="3.001042172" lbRx="0" />
<pr uId="89" fId="1" fbTx="3.001114122" />
<wpr uId="89" tId="0" fbRx="3.001118139" lbRx="0" />
<wpr uId="89" tId="2" fbRx="3.001118139" lbRx="0" />
<wpr uId="89" tId="3" fbRx="3.001118155" lbRx="0" />
<wpr uId="89" tId="4" fbRx="3.001118172" lbRx="0" />
<pr uId="90" fId="0" fbTx="3.001293139" />
<wpr uId="90" tId="1" fbRx="3.001297156" lbRx="0" />
<wpr uId="90" tId="2" fbRx="3.001297172" lbRx="0" />
<wpr uId="90" tId="3" fbRx="3.001297189" lbRx="0" />
<wpr uId="90" tId="4" fbRx="3.001297206" lbRx="0" />
<pr uId="91" fId="4" fbTx="3.001385206" />
<wpr uId="91" tId="3" fbRx="3.001389223" lbRx="0" />
<wpr uId="91" tId="2" fbRx="3.001389239" lbRx="0" />
<wpr uId="91" tId="1" fbRx="3.001389256" lbRx="0" />
<wpr uId="91" tId="0" fbRx="3.001389273" lbRx="0" />
<pr uId="92" fId="3" fbTx="3.001555223" />
<wpr uId="92" tId="2" fbRx="3.00155924" lbRx="0" />
<wpr uId="92" tId="4" fbRx="3.00155924" lbRx="0" />
<wpr uId="92" tId="1" fbRx="3.001559256" lbRx="0" />
<wpr uId="92" tId="0" fbRx="3.001559273" lbRx="0" />
<pr uId="93" fId="0" fbTx="3.001631273" />
<wpr uId="93" tId="1" fbRx="3.00163529" lbRx="0" />
<wpr uId="93" tId="2" fbRx="3.001635306" lbRx="0" />
<wpr uId="93" tId="3" fbRx="3.001635323" lbRx="0" />
<wpr uId="93" tId="4" fbRx="3.00163534" lbRx="0" />
<pr uId="94" fId="0" fbTx="3.001702273" />
<wpr uId="94" tId="1" fbRx="3.00170629" lbRx="0" />
<wpr uId="94" tId="2" fbRx="3.001706306" lbRx="0" />
<wpr uId="94" tId="3" fbRx="3.001706323" lbRx="0" />
<wpr uId="94" tId="4" fbRx="3.00170634" lbRx="0" />
<pr uId="95" fId="3" fbTx="3.001778323" />
<wpr uId="95" tId="2" fbRx="3.00178234" lbRx="0" />
<wpr uId="95" tId="4" fbRx="3.00178234" lbRx="0" />
<wpr uId="95" tId="1" fbRx="3.001782356" lbRx="0" />
<wpr uId="95" tId="0" fbRx="3.001782373" lbRx="0" />
<pr uId="96" fId="3" fbTx="4.000003323" />
<pr uId="97" fId="2" fbTx="4.00000334" />
<pr uId="98" fId="4" fbTx="4.00000334" />
<pr uId="99" fId="1" fbTx="4.000003356" />
<wpr uId="99" tId="0" fbRx="4.000007373" lbRx="0" />
<pr uId="100" fId="1" fbTx="4.000160356" />
<wpr uId="100" tId="0" fbRx="4.000164373" lbRx="0" />
<wpr uId="100" tId="2" fbRx="4.000164373" lbRx="0" />
<wpr uId="100" tId="3" fbRx="4.000164389" lbRx="0" />
<wpr uId="100" tId="4" fbRx="4.000164406" lbRx="0" />
<pr uId="101" fId="0" fbTx="4.000236373" />
<wpr uId="101" tId="1" fbRx="4.00024039" lbRx="0" />
<wpr uId="101" tId="2" fbRx="4.000240406" lbRx="0" />
<wpr uId="101" tId="3" fbRx="4.000240423" lbRx="0" />
<wpr uId="101" tId="4" fbRx="4.00024044" lbRx="0" />
<pr uId="102" fId="0" fbTx="4.000307373" />
<wpr uId="102" tId="1" fbRx="4.00031139" lbRx="0" />
<wpr uId="102" tId="2" fbRx="4.000311406" lbRx="0" />
<wpr uId="102" tId="3" fbRx="4.000311423" lbRx="0" />
<wpr uId="102" tId="4" fbRx="4.00031144" lbRx="0" />
<pr uId="103" fId="1" fbTx="4.00038339" />
<wpr uId="103" tId="0" fbRx="4.000387407" lbRx="0" />
<wpr uId="103" tId="2" fbRx="4.000387407" lbRx="0" />
<wpr uId="103" tId="3" fbRx="4.000387423" lbRx="0" />
<wpr uId="103" tId="4" fbRx="4.00038744" lbRx="0" />
<pr uId="104" fId="4" fbTx="4.00047944" />
<pr uId="105" fId="3" fbTx="4.000481423" />
<wpr uId="105" tId="2" fbRx="4.00048544" lbRx="0" />
<wpr uId="105" tId="1" fbRx="4.000485456" lbRx="0" />
<pr uId="106" fId="4" fbTx="4.00071544" />
<wpr uId="106" tId="3" fbRx="4.000719457" lbRx="0" />
<wpr uId="106" tId="2" fbRx="4.000719473" lbRx="0" />
<wpr uId="106" tId="1" fbRx="4.00071949" lbRx="0" />
<wpr uId="106" tId="0" fbRx="4.000719507" lbRx="0" />
<pr uId="107" fId="0" fbTx="4.000807507" />
<wpr uId="107" tId="1" fbRx="4.000811524" lbRx="0" />
<wpr uId="107" tId="2" fbRx="4.00081154" lbRx="0" />
<wpr uId="107" tId="3" fbRx="4.000811557" lbRx="0" />
<wpr uId="107" tId="4" fbRx="4.000811574" lbRx="0" />
<pr uId="108" fId="0" fbTx="4.000878507" />
<pr uId="109" fId="2" fbTx="4.00087854" />
<wpr uId="109" tId="3" fbRx="4.000882557" lbRx="0" />
<wpr uId="109" tId="4" fbRx="4.000882573" lbRx="0" />
<pr uId="110" fId="0" fbTx="4.001285507" />
<wpr uId="110" tId="1" fbRx="4.001289524" lbRx="0" />
<wpr uId="110" tId="2" fbRx="4.00128954" lbRx="0" />
<wpr uId="110" tId="3" fbRx="4.001289557" lbRx="0" />
<wpr uId="110" tId="4" fbRx="4.001289574" lbRx="0" />
<pr uId="111" fId="4" fbTx="4.001377574" />
<wpr uId="111" tId="3" fbRx="4.001381591" lbRx="0" />
<wpr uId="111" tId="2" fbRx="4.001381607" lbRx="0" />
<wpr uId="111" tId="1" fbRx="4.001381624" lbRx="0" />
<wpr uId="111" tId="0" fbRx="4.001381641" lbRx="0" />
<pr uId="112" fId="2" fbTx="4.001457607" />
<wpr uId="112" tId="1" fbRx="4.001461624" lbRx="0" />
<wpr uId="112" tId="3" fbRx="4.001461624" lbRx="0" />
<wpr uId="112" tId="0" fbRx="4.00146164" lbRx="0" />
<wpr uId="112" tId="4" fbRx="4.00146164" lbRx="0" />
<pr uId="113" fId="0" fbTx="4.00153364" />
<wpr uId="113" tId="1" fbRx="4.001537657" lbRx="0" />
<wpr uId="113" tId="2" fbRx="4.001537673" lbRx="0" />
<wpr uId="113" tId="3" fbRx="4.00153769" lbRx="0" />
<wpr uId="113" tId="4" fbRx="4.001537707" lbRx="0" />
<pr uId="114" fId="0" fbTx="4.00163164" />
<wpr uId="114" tId="1" fbRx="4.001635657" lbRx="0" />
<wpr uId="114" tId="2" fbRx="4.001635673" lbRx="0" />
<wpr uId="114" tId="3" fbRx="4.00163569" lbRx="0" />
<wpr uId="114" tId="4" fbRx="4.001635707" lbRx="0" />
<pr uId="115" fId="2" fbTx="4.001707673" />
<wpr uId="115" tId="1" fbRx="4.00171169" lbRx="0" />
<wpr uId="115" tId="3" fbRx="4.00171169" lbRx="0" />
<wpr uId="115" tId="0" fbRx="4.001711706" lbRx="0" />
<wpr uId="115" tId="4" fbRx="4.001711706" lbRx="0" />
<pr uId="116" fId="3" fbTx="4.00188669" />
<wpr uId="116" tId="2" fbRx="4.001890707" lbRx="0" />
<wpr uId="116" tId="4" fbRx="4.001890707" lbRx="0" />
<wpr uId="116" tId="1" fbRx="4.001890723" lbRx="0" />
<wpr uId="116" tId="0" fbRx="4.00189074" lbRx="0" />
<pr uId="117" fId="0" fbTx="4.00196274" />
<wpr uId="117" tId="1" fbRx="4.001966757" lbRx="0" />
<wpr uId="117" tId="2" fbRx="4.001966773" lbRx="0" />
<wpr uId="117" tId="3" fbRx="4.00196679" lbRx="0" />
<wpr uId="117" tId="4" fbRx="4.001966807" lbRx="0" />
<pr uId="118" fId="0" fbTx="4.00203374" />
<wpr uId="118" tId="1" fbRx="4.002037757" lbRx="0" />
<wpr uId="118" tId="2" fbRx="4.002037773" lbRx="0" />
<wpr uId="118" tId="3" fbRx="4.00203779" lbRx="0" />
<wpr uId="118" tId="4" fbRx="4.002037807" lbRx="0" />
<pr uId="119" fId="3" fbTx="4.00210979" />
<wpr uId="119" tId="2" fbRx="4.002113807" lbRx="0" />
<wpr uId="119" tId="4" fbRx="4.002113807" lbRx="0" />
<wpr uId="119" tId="1" fbRx="4.002113823" lbRx="0" />
<wpr uId="119" tId="0" fbRx="4.00211384" lbRx="0" />
<pr uId="120" fId="3" fbTx="5.00000179" />
<pr uId="121" fId="2" fbTx="5.000001807" />
<pr uId="122" fId="4" fbTx="5.000001807" />
<pr uId="123" fId="1" fbTx="5.000001823" />
<wpr uId="123" tId="0" fbRx="5.00000584" lbRx="0" />
<pr uId="124" fId="2" fbTx="5.000239807" />
<wpr uId="124" tId="1" fbRx="5.000243824" lbRx="0" />
<wpr uId="124" tId="3" fbRx="5.000243824" lbRx="0" />
<wpr uId="124" tId="0" fbRx="5.00024384" lbRx="0" />
<wpr uId="124" tId="4" fbRx="5.00024384" lbRx="0" />
<pr uId="125" fId="0" fbTx="5.00031584" />
<wpr uId="125" tId="1" fbRx="5.000319857" lbRx="0" />
<wpr uId="125" tId="2" fbRx="5.000319873" lbRx="0" />
<wpr uId="125" tId="3" fbRx="5.00031989" lbRx="0" />
<wpr uId="125" tId="4" fbRx="5.000319907" lbRx="0" />
<pr uId="126" fId="0" fbTx="5.00038684" />
<pr uId="127" fId="4" fbTx="5.000386907" />
<wpr uId="126" tId="1" fbRx="5.000390857" lbRx="0" />
<wpr uId="127" tId="3" fbRx="5.000390924" lbRx="0" />
<pr uId="128" fId="1" fbTx="5.000567857" />
<wpr uId="128" tId="0" fbRx="5.000571874" lbRx="0" />
<wpr uId="128" tId="2" fbRx="5.000571874" lbRx="0" />
<wpr uId="128" tId="3" fbRx="5.00057189" lbRx="0" />
<wpr uId="128" tId="4" fbRx="5.000571907" lbRx="0" />
<pr uId="129" fId="0" fbTx="5.000643874" />
<wpr uId="129" tId="1" fbRx="5.000647891" lbRx="0" />
<wpr uId="129" tId="2" fbRx="5.000647907" lbRx="0" />
<wpr uId="129" tId="3" fbRx="5.000647924" lbRx="0" />
<wpr uId="129" tId="4" fbRx="5.000647941" lbRx="0" />
<pr uId="130" fId="0" fbTx="5.000777874" />
<wpr uId="130" tId="1" fbRx="5.000781891" lbRx="0" />
<wpr uId="130" tId="2" fbRx="5.000781907" lbRx="0" />
<wpr uId="130" tId="3" fbRx="5.000781924" lbRx="0" />
<wpr uId="130" tId="4" fbRx="5.000781941" lbRx="0" />
<pr uId="131" fId="2" fbTx="5.000853907" />
<wpr uId="131" tId="1" fbRx="5.000857924" lbRx="0" />
<wpr uId="131" tId="3" fbRx="5.000857924" lbRx="0" />
<wpr uId="131" tId="0" fbRx="5.00085794" lbRx="0" />
<wpr uId="131" tId="4" fbRx="5.00085794" lbRx="0" />
<pr uId="132" fId="3" fbTx="5.000969924" />
<wpr uId="132" tId="2" fbRx="5.000973941" lbRx="0" />
<wpr uId="132" tId="4" fbRx="5.000973941" lbRx="0" />
<wpr uId="132" tId="1" fbRx="5.000973957" lbRx="0" />
<wpr uId="132" tId="0" fbRx="5.000973974" lbRx="0" />
<pr uId="133" fId="0" fbTx="5.001045974" />
<wpr uId="133" tId="1" fbRx="5.001049991" lbRx="0" />
<wpr uId="133" tId="2" fbRx="5.001050007" lbRx="0" />
<wpr uId="133" tId="3" fbRx="5.001050024" lbRx="0" />
<wpr uId="133" tId="4" fbRx="5.001050041" lbRx="0" />
<pr uId="134" fId="0" fbTx="5.001197974" />
<wpr uId="134" tId="1" fbRx="5.001201991" lbRx="0" />
<wpr uId="134" tId="2" fbRx="5.001202007" lbRx="0" />
<wpr uId="134" tId="3" fbRx="5.001202024" lbRx="0" />
<wpr uId="134" tId="4" fbRx="5.001202041" lbRx="0" />
<pr uId="135" fId="1" fbTx="5.001273991" />
<wpr uId="135" tId="0" fbRx="5.001278008" lbRx="0" />
<wpr uId="135" tId="2" fbRx="5.001278008" lbRx="0" />
<wpr uId="135" tId="3" fbRx="5.001278024" lbRx="0" />
<wpr uId="135" tId="4" fbRx="5.001278041" lbRx="0" />
<pr uId="136" fId="0" fbTx="5.001462008" />
<wpr uId="136" tId="1" fbRx="5.001466025" lbRx="0" />
<wpr uId="136" tId="2" fbRx="5.001466041" lbRx="0" />
<wpr uId="136" tId="3" fbRx="5.001466058" lbRx="0" />
<wpr uId="136" tId="4" fbRx="5.001466075" lbRx="0" />
<pr uId="137" fId="3" fbTx="5.001538058" />
<wpr uId="137" tId="2" fbRx="5.001542075" lbRx="0" />
<wpr uId="137" tId="4" fbRx="5.001542075" lbRx="0" />
<wpr uId="137" tId="1" fbRx="5.001542091" lbRx="0" />
<wpr uId="137" tId="0" fbRx="5.001542108" lbRx="0" />
<pr uId="138" fId="4" fbTx="5.001609075" />
<wpr uId="138" tId="3" fbRx="5.001613092" lbRx="0" />
<wpr uId="138" tId="2" fbRx="5.001613108" lbRx="0" />
<wpr uId="138" tId="1" fbRx="5.001613125" lbRx="0" />
<wpr uId="138" tId="0" fbRx="5.001613142" lbRx="0" />
<pr uId="139" fId="0" fbTx="5.001701142" />
<wpr uId="139" tId="1" fbRx="5.001705159" lbRx="0" />
<wpr uId="139" tId="2" fbRx="5.001705175" lbRx="0" />
<wpr uId="139" tId="3" fbRx="5.001705192" lbRx="0" />
<wpr uId="139" tId="4" fbRx="5.001705209" lbRx="0" />
<pr uId="140" fId="0" fbTx="5.001835142" />
<wpr uId="140" tId="1" fbRx="5.001839159" lbRx="0" />
<wpr uId="140" tId="2" fbRx="5.001839175" lbRx="0" />
<wpr uId="140" tId="3" fbRx="5.001839192" lbRx="0" />
<wpr uId="140" tId="4" fbRx="5.001839209" lbRx="0" />
<pr uId="141" fId="4" fbTx="5.001927209" />
<wpr uId="141" tId="3" fbRx="5.001931226" lbRx="0" />
<wpr uId="141" tId="2" fbRx="5.001931242" lbRx="0" />
<wpr uId="141" tId="1" fbRx="5.001931259" lbRx="0" />
<wpr uId="141" tId="0" fbRx="5.001931276" lbRx="0" />
<pr uId="142" fId="4" fbTx="6.000008209" />
<pr uId="143" fId="3" fbTx="6.000008226" />
<pr uId="144" fId="2" fbTx="6.000008242" />
<pr uId="145" fId="1" fbTx="6.000008259" />
<wpr uId="145" tId="0" fbRx="6.000012276" lbRx="0" />
<pr uId="146" fId="0" fbTx="6.000084276" />
<wpr uId="146" tId="1" fbRx="6.000088293" lbRx="0" />
<wpr uId="146" tId="2" fbRx="6.000088309" lbRx="0" />
<wpr uId="146" tId="3" fbRx="6.000088326" lbRx="0" />
<wpr uId="146" tId="4" fbRx="6.000088343" lbRx="0" />
<pr uId="147" fId="0" fbTx="6.000155276" />
<wpr uId="147" tId="1" fbRx="6.000159293" lbRx="0" />
<wpr uId="147" tId="2" fbRx="6.000159309" lbRx="0" />
<wpr uId="147" tId="3" fbRx="6.000159326" lbRx="0" />
<wpr uId="147" tId="4" fbRx="6.000159343" lbRx="0" />
<pr uId="148" fId="1" fbTx="6.000231293" />
<wpr uId="148" tId="0" fbRx="6.00023531" lbRx="0" />
<wpr uId="148" tId="2" fbRx="6.00023531" lbRx="0" />
<wpr uId="148" tId="3" fbRx="6.000235326" lbRx="0" />
<wpr uId="148" tId="4" fbRx="6.000235343" lbRx="0" />
<pr uId="149" fId="3" fbTx="6.000329326" />
<wpr uId="149" tId="2" fbRx="6.000333343" lbRx="0" />
<wpr uId="149" tId="4" fbRx="6.000333343" lbRx="0" />
<wpr uId="149" tId="1" fbRx="6.000333359" lbRx="0" />
<wpr uId="149" tId="0" fbRx="6.000333376" lbRx="0" />
<pr uId="150" fId="0" fbTx="6.000405376" />
<wpr uId="150" tId="1" fbRx="6.000409393" lbRx="0" />
<wpr uId="150" tId="2" fbRx="6.000409409" lbRx="0" />
<wpr uId="150" tId="3" fbRx="6.000409426" lbRx="0" />
<wpr uId="150" tId="4" fbRx="6.000409443" lbRx="0" />
<pr uId="151" fId="4" fbTx="6.000476443" />
<wpr uId="151" tId="3" fbRx="6.00048046" lbRx="0" />
<wpr uId="151" tId="2" fbRx="6.000480476" lbRx="0" />
<wpr uId="151" tId="1" fbRx="6.000480493" lbRx="0" />
<wpr uId="151" tId="0" fbRx="6.00048051" lbRx="0" />
<pr uId="152" fId="0" fbTx="6.00056851" />
<wpr uId="152" tId="1" fbRx="6.000572527" lbRx="0" />
<wpr uId="152" tId="2" fbRx="6.000572543" lbRx="0" />
<wpr uId="152" tId="3" fbRx="6.00057256" lbRx="0" />
<wpr uId="152" tId="4" fbRx="6.000572577" lbRx="0" />
<pr uId="153" fId="0" fbTx="6.00071151" />
<wpr uId="153" tId="1" fbRx="6.000715527" lbRx="0" />
<wpr uId="153" tId="2" fbRx="6.000715543" lbRx="0" />
<wpr uId="153" tId="3" fbRx="6.00071556" lbRx="0" />
<wpr uId="153" tId="4" fbRx="6.000715577" lbRx="0" />
<pr uId="154" fId="3" fbTx="6.00078756" />
<wpr uId="154" tId="2" fbRx="6.000791577" lbRx="0" />
<wpr uId="154" tId="4" fbRx="6.000791577" lbRx="0" />
<wpr uId="154" tId="1" fbRx="6.000791593" lbRx="0" />
<wpr uId="154" tId="0" fbRx="6.00079161" lbRx="0" />
<pr uId="155" fId="0" fbTx="6.00093061" />
<wpr uId="155" tId="1" fbRx="6.000934627" lbRx="0" />
<wpr uId="155" tId="2" fbRx="6.000934643" lbRx="0" />
<wpr uId="155" tId="3" fbRx="6.00093466" lbRx="0" />
<wpr uId="155" tId="4" fbRx="6.000934677" lbRx="0" />
<pr uId="156" fId="4" fbTx="6.001022677" />
<wpr uId="156" tId="3" fbRx="6.001026694" lbRx="0" />
<wpr uId="156" tId="2" fbRx="6.00102671" lbRx="0" />
<wpr uId="156" tId="1" fbRx="6.001026727" lbRx="0" />
<wpr uId="156" tId="0" fbRx="6.001026744" lbRx="0" />
<pr uId="157" fId="2" fbTx="6.00113871" />
<wpr uId="157" tId="1" fbRx="6.001142727" lbRx="0" />
<wpr uId="157" tId="3" fbRx="6.001142727" lbRx="0" />
<wpr uId="157" tId="0" fbRx="6.001142743" lbRx="0" />
<wpr uId="157" tId="4" fbRx="6.001142743" lbRx="0" />
<pr uId="158" fId="0" fbTx="6.001214743" />
<wpr uId="158" tId="1" fbRx="6.00121876" lbRx="0" />
<wpr uId="158" tId="2" fbRx="6.001218776" lbRx="0" />
<wpr uId="158" tId="3" fbRx="6.001218793" lbRx="0" />
<wpr uId="158" tId="4" fbRx="6.00121881" lbRx="0" />
<pr uId="159" fId="0" fbTx="6.001294743" />
<wpr uId="159" tId="1" fbRx="6.00129876" lbRx="0" />
<wpr uId="159" tId="2" fbRx="6.001298776" lbRx="0" />
<wpr uId="159" tId="3" fbRx="6.001298793" lbRx="0" />
<wpr uId="159" tId="4" fbRx="6.00129881" lbRx="0" />
<pr uId="160" fId="2" fbTx="6.001370776" />
<wpr uId="160" tId="1" fbRx="6.001374793" lbRx="0" />
<wpr uId="160" tId="3" fbRx="6.001374793" lbRx="0" />
<wpr uId="160" tId="0" fbRx="6.001374809" lbRx="0" />
<wpr uId="160" tId="4" fbRx="6.001374809" lbRx="0" />
<pr uId="161" fId="2" fbTx="7.000000776" />
<pr uId="162" fId="1" fbTx="7.000000793" />
<pr uId="163" fId="3" fbTx="7.000000793" />
<pr uId="164" fId="4" fbTx="7.000000809" />
<wpr uId="162" tId="0" fbRx="7.00000481" lbRx="0" />
<pr uId="165" fId="4" fbTx="7.000254809" />
<wpr uId="165" tId="3" fbRx="7.000258826" lbRx="0" />
<wpr uId="165" tId="2" fbRx="7.000258842" lbRx="0" />
<wpr uId="165" tId="1" fbRx="7.000258859" lbRx="0" />
<wpr uId="165" tId="0" fbRx="7.000258876" lbRx="0" />
<pr uId="166" fId="0" fbTx="7.000346876" />
<wpr uId="166" tId="1" fbRx="7.000350893" lbRx="0" />
<wpr uId="166" tId="2" fbRx="7.000350909" lbRx="0" />
<wpr uId="166" tId="3" fbRx="7.000350926" lbRx="0" />
<wpr uId="166" tId="4" fbRx="7.000350943" lbRx="0" />
<pr uId="167" fId="0" fbTx="7.000417876" />
<wpr uId="167" tId="1" fbRx="7.000421893" lbRx="0" />
<wpr uId="167" tId="2" fbRx="7.000421909" lbRx="0" />
<wpr uId="167" tId="3" fbRx="7.000421926" lbRx="0" />
<wpr uId="167" tId="4" fbRx="7.000421943" lbRx="0" />
<pr uId="168" fId="4" fbTx="7.000509943" />
<wpr uId="168" tId="3" fbRx="7.00051396" lbRx="0" />
<wpr uId="168" tId="2" fbRx="7.000513976" lbRx="0" />
<wpr uId="168" tId="1" fbRx="7.000513993" lbRx="0" />
<wpr uId="168" tId="0" fbRx="7.00051401" lbRx="0" />
<pr uId="169" fId="2" fbTx="7.000688976" />
<wpr uId="169" tId="1" fbRx="7.000692993" lbRx="0" />
<wpr uId="169" tId="3" fbRx="7.000692993" lbRx="0" />
<wpr uId="169" tId="0" fbRx="7.000693009" lbRx="0" />
<wpr uId="169" tId="4" fbRx="7.000693009" lbRx="0" />
<pr uId="170" fId="0" fbTx="7.000765009" />
<wpr uId="170" tId="1" fbRx="7.000769026" lbRx="0" />
<wpr uId="170" tId="2" fbRx="7.000769042" lbRx="0" />
<wpr uId="170" tId="3" fbRx="7.000769059" lbRx="0" />
<wpr uId="170" tId="4" fbRx="7.000769076" lbRx="0" />
<pr uId="171" fId="0" fbTx="7.000836009" />
<wpr uId="171" tId="1" fbRx="7.000840026" lbRx="0" />
<wpr uId="171" tId="2" fbRx="7.000840042" lbRx="0" />
<wpr uId="171" tId="3" fbRx="7.000840059" lbRx="0" />
<wpr uId="171" tId="4" fbRx="7.000840076" lbRx="0" />
<pr uId="172" fId="2" fbTx="7.000912042" />
<wpr uId="172" tId="1" fbRx="7.000916059" lbRx="0" />
<wpr uId="172" tId="3" fbRx="7.000916059" lbRx="0" />
<wpr uId="172" tId="0" fbRx="7.000916075" lbRx="0" />
<wpr uId="172" tId="4" fbRx="7.000916075" lbRx="0" />
<pr uId="173" fId="3" fbTx="7.001010059" />
<wpr uId="173" tId="2" fbRx="7.001014076" lbRx="0" />
<wpr uId="173" tId="4" fbRx="7.001014076" lbRx="0" />
<wpr uId="173" tId="1" fbRx="7.001014092" lbRx="0" />
<wpr uId="173" tId="0" fbRx="7.001014109" lbRx="0" />
<pr uId="174" fId="0" fbTx="7.001086109" />
<wpr uId="174" tId="1" fbRx="7.001090126" lbRx="0" />
<wpr uId="174" tId="2" fbRx="7.001090142" lbRx="0" />
<wpr uId="174" tId="3" fbRx="7.001090159" lbRx="0" />
<wpr uId="174" tId="4" fbRx="7.001090176" lbRx="0" />
<pr uId="175" fId="0" fbTx="7.001166109" />
<wpr uId="175" tId="1" fbRx="7.001170126" lbRx="0" />
<wpr uId="175" tId="2" fbRx="7.001170142" lbRx="0" />
<wpr uId="175" tId="3" fbRx="7.001170159" lbRx="0" />
<wpr uId="175" tId="4" fbRx="7.001170176" lbRx="0" />
<pr uId="176" fId="3" fbTx="7.001242159" />
<wpr uId="176" tId="2" fbRx="7.001246176" lbRx="0" />
<wpr uId="176" tId="4" fbRx="7.001246176" lbRx="0" />
<wpr uId="176" tId="1" fbRx="7.001246192" lbRx="0" />
<wpr uId="176" tId="0" fbRx="7.001246209" lbRx="0" />
<pr uId="177" fId="1" fbTx="7.001322192" />
<wpr uId="177" tId="0" fbRx="7.001326209" lbRx="0" />
<wpr uId="177" tId="2" fbRx="7.001326209" lbRx="0" />
<wpr uId="177" tId="3" fbRx="7.001326225" lbRx="0" />
<wpr uId="177" tId="4" fbRx="7.001326242" lbRx="0" />
<pr uId="178" fId="0" fbTx="7.001430209" />
<wpr uId="178" tId="1" fbRx="7.001434226" lbRx="0" />
<wpr uId="178" tId="2" fbRx="7.001434242" lbRx="0" />
<wpr uId="178" tId="3" fbRx="7.001434259" lbRx="0" />
<wpr uId="178" tId="4" fbRx="7.001434276" lbRx="0" />
<pr uId="179" fId="0" fbTx="7.001555209" />
<wpr uId="179" tId="1" fbRx="7.001559226" lbRx="0" />
<wpr uId="179" tId="2" fbRx="7.001559242" lbRx="0" />
<wpr uId="179" tId="3" fbRx="7.001559259" lbRx="0" />
<wpr uId="179" tId="4" fbRx="7.001559276" lbRx="0" />
<pr uId="180" fId="1" fbTx="7.001631226" />
<wpr uId="180" tId="0" fbRx="7.001635243" lbRx="0" />
<wpr uId="180" tId="2" fbRx="7.001635243" lbRx="0" />
<wpr uId="180" tId="3" fbRx="7.001635259" lbRx="0" />
<wpr uId="180" tId="4" fbRx="7.001635276" lbRx="0" />
<pr uId="181" fId="1" fbTx="8.000000226" />
<pr uId="182" fId="2" fbTx="8.000000243" />
<pr uId="183" fId="3" fbTx="8.000000259" />
<pr uId="184" fId="4" fbTx="8.000000276" />
<wpr uId="181" tId="0" fbRx="8.000004243" lbRx="0" />
<pr uId="185" fId="4" fbTx="8.000182276" />
<wpr uId="185" tId="3" fbRx="8.000186293" lbRx="0" />
<wpr uId="185" tId="2" fbRx="8.000186309" lbRx="0" />
<wpr uId="185" tId="1" fbRx="8.000186326" lbRx="0" />
<wpr uId="185" tId="0" fbRx="8.000186343" lbRx="0" />
<pr uId="186" fId="0" fbTx="8.000274343" />
<wpr uId="186" tId="1" fbRx="8.00027836" lbRx="0" />
<wpr uId="186" tId="2" fbRx="8.000278376" lbRx="0" />
<wpr uId="186" tId="3" fbRx="8.000278393" lbRx="0" />
<wpr uId="186" tId="4" fbRx="8.00027841" lbRx="0" />
<pr uId="187" fId="0" fbTx="8.000345343" />
<wpr uId="187" tId="1" fbRx="8.00034936" lbRx="0" />
<wpr uId="187" tId="2" fbRx="8.000349376" lbRx="0" />
<wpr uId="187" tId="3" fbRx="8.000349393" lbRx="0" />
<wpr uId="187" tId="4" fbRx="8.00034941" lbRx="0" />
<pr uId="188" fId="4" fbTx="8.00043741" />
<wpr uId="188" tId="3" fbRx="8.000441427" lbRx="0" />
<wpr uId="188" tId="2" fbRx="8.000441443" lbRx="0" />
<wpr uId="188" tId="1" fbRx="8.00044146" lbRx="0" />
<wpr uId="188" tId="0" fbRx="8.000441477" lbRx="0" />
<pr uId="189" fId="1" fbTx="8.00057146" />
<wpr uId="189" tId="0" fbRx="8.000575477" lbRx="0" />
<wpr uId="189" tId="2" fbRx="8.000575477" lbRx="0" />
<wpr uId="189" tId="3" fbRx="8.000575493" lbRx="0" />
<wpr uId="189" tId="4" fbRx="8.00057551" lbRx="0" />
<pr uId="190" fId="0" fbTx="8.000647477" />
<wpr uId="190" tId="1" fbRx="8.000651494" lbRx="0" />
<wpr uId="190" tId="2" fbRx="8.00065151" lbRx="0" />
<wpr uId="190" tId="3" fbRx="8.000651527" lbRx="0" />
<wpr uId="190" tId="4" fbRx="8.000651544" lbRx="0" />
<pr uId="191" fId="0" fbTx="8.000718477" />
<wpr uId="191" tId="1" fbRx="8.000722494" lbRx="0" />
<wpr uId="191" tId="2" fbRx="8.00072251" lbRx="0" />
<wpr uId="191" tId="3" fbRx="8.000722527" lbRx="0" />
<wpr uId="191" tId="4" fbRx="8.000722544" lbRx="0" />
<pr uId="192" fId="1" fbTx="8.000794494" />
<wpr uId="192" tId="0" fbRx="8.000798511" lbRx="0" />
<wpr uId="192" tId="2" fbRx="8.000798511" lbRx="0" />
<wpr uId="192" tId="3" fbRx="8.000798527" lbRx="0" />
<wpr uId="192" tId="4" fbRx="8.000798544" lbRx="0" />
<pr uId="193" fId="2" fbTx="8.00093551" />
<wpr uId="193" tId="1" fbRx="8.000939527" lbRx="0" />
<wpr uId="193" tId="3" fbRx="8.000939527" lbRx="0" />
<wpr uId="193" tId="0" fbRx="8.000939543" lbRx="0" />
<wpr uId="193" tId="4" fbRx="8.000939543" lbRx="0" />
<pr uId="194" fId="0" fbTx="8.001011543" />
<wpr uId="194" tId="1" fbRx="8.00101556" lbRx="0" />
<wpr uId="194" tId="2" fbRx="8.001015576" lbRx="0" />
<wpr uId="194" tId="3" fbRx="8.001015593" lbRx="0" />
<wpr uId="194" tId="4" fbRx="8.00101561" lbRx="0" />
<pr uId="195" fId="3" fbTx="8.001082593" />
<wpr uId="195" tId="2" fbRx="8.00108661" lbRx="0" />
<wpr uId="195" tId="4" fbRx="8.00108661" lbRx="0" />
<wpr uId="195" tId="1" fbRx="8.001086626" lbRx="0" />
<wpr uId="195" tId="0" fbRx="8.001086643" lbRx="0" />
<pr uId="196" fId="0" fbTx="8.001158643" />
<wpr uId="196" tId="1" fbRx="8.00116266" lbRx="0" />
<wpr uId="196" tId="2" fbRx="8.001162676" lbRx="0" />
<wpr uId="196" tId="3" fbRx="8.001162693" lbRx="0" />
<wpr uId="196" tId="4" fbRx="8.00116271" lbRx="0" />
<pr uId="197" fId="0" fbTx="8.001265643" />
<wpr uId="197" tId="1" fbRx="8.00126966" lbRx="0" />
<wpr uId="197" tId="2" fbRx="8.001269676" lbRx="0" />
<wpr uId="197" tId="3" fbRx="8.001269693" lbRx="0" />
<wpr uId="197" tId="4" fbRx="8.00126971" lbRx="0" />
<pr uId="198" fId="2" fbTx="8.001341676" />
<wpr uId="198" tId="1" fbRx="8.001345693" lbRx="0" />
<wpr uId="198" tId="3" fbRx="8.001345693" lbRx="0" />
<wpr uId="198" tId="0" fbRx="8.001345709" lbRx="0" />
<wpr uId="198" tId="4" fbRx="8.001345709" lbRx="0" />
<pr uId="199" fId="0" fbTx="8.001466709" />
<wpr uId="199" tId="1" fbRx="8.001470726" lbRx="0" />
<wpr uId="199" tId="2" fbRx="8.001470742" lbRx="0" />
<wpr uId="199" tId="3" fbRx="8.001470759" lbRx="0" />
<wpr uId="199" tId="4" fbRx="8.001470776" lbRx="0" />
<pr uId="200" fId="3" fbTx="8.001542759" />
<wpr uId="200" tId="2" fbRx="8.001546776" lbRx="0" />
<wpr uId="200" tId="4" fbRx="8.001546776" lbRx="0" />
<wpr uId="200" tId="1" fbRx="8.001546792" lbRx="0" />
<wpr uId="200" tId="0" fbRx="8.001546809" lbRx="0" />
<pr uId="201" fId="3" fbTx="9.000001759" />
<pr uId="202" fId="2" fbTx="9.000001776" />
<pr uId="203" fId="4" fbTx="9.000001776" />
<pr uId="204" fId="1" fbTx="9.000001792" />
<wpr uId="204" tId="0" fbRx="9.000005809" lbRx="0" />
<pr uId="205" fId="1" fbTx="9.000230792" />
<wpr uId="205" tId="0" fbRx="9.000234809" lbRx="0" />
<wpr uId="205" tId="2" fbRx="9.000234809" lbRx="0" />
<wpr uId="205" tId="3" fbRx="9.000234825" lbRx="0" />
<wpr uId="205" tId="4" fbRx="9.000234842" lbRx="0" />
<pr uId="206" fId="0" fbTx="9.000306809" />
<wpr uId="206" tId="1" fbRx="9.000310826" lbRx="0" />
<wpr uId="206" tId="2" fbRx="9.000310842" lbRx="0" />
<wpr uId="206" tId="3" fbRx="9.000310859" lbRx="0" />
<wpr uId="206" tId="4" fbRx="9.000310876" lbRx="0" />
<pr uId="207" fId="0" fbTx="9.000377809" />
<pr uId="208" fId="4" fbTx="9.000377876" />
<wpr uId="207" tId="1" fbRx="9.000381826" lbRx="0" />
<wpr uId="208" tId="3" fbRx="9.000381893" lbRx="0" />
<pr uId="209" fId="2" fbTx="9.000550909" />
<wpr uId="209" tId="1" fbRx="9.000554926" lbRx="0" />
<wpr uId="209" tId="3" fbRx="9.000554926" lbRx="0" />
<wpr uId="209" tId="0" fbRx="9.000554942" lbRx="0" />
<wpr uId="209" tId="4" fbRx="9.000554942" lbRx="0" />
<pr uId="210" fId="0" fbTx="9.000626942" />
<wpr uId="210" tId="1" fbRx="9.000630959" lbRx="0" />
<wpr uId="210" tId="2" fbRx="9.000630975" lbRx="0" />
<wpr uId="210" tId="3" fbRx="9.000630992" lbRx="0" />
<wpr uId="210" tId="4" fbRx="9.000631009" lbRx="0" />
<pr uId="211" fId="4" fbTx="9.000725009" />
<wpr uId="211" tId="3" fbRx="9.000729026" lbRx="0" />
<wpr uId="211" tId="2" fbRx="9.000729042" lbRx="0" />
<wpr uId="211" tId="1" fbRx="9.000729059" lbRx="0" />
<wpr uId="211" tId="0" fbRx="9.000729076" lbRx="0" />
<pr uId="212" fId="0" fbTx="9.000817076" />
<wpr uId="212" tId="1" fbRx="9.000821093" lbRx="0" />
<wpr uId="212" tId="2" fbRx="9.000821109" lbRx="0" />
<wpr uId="212" tId="3" fbRx="9.000821126" lbRx="0" />
<wpr uId="212" tId="4" fbRx="9.000821143" lbRx="0" />
<pr uId="213" fId="3" fbTx="9.000906126" />
<wpr uId="213" tId="2" fbRx="9.000910143" lbRx="0" />
<wpr uId="213" tId="4" fbRx="9.000910143" lbRx="0" />
<wpr uId="213" tId="1" fbRx="9.000910159" lbRx="0" />
<wpr uId="213" tId="0" fbRx="9.000910176" lbRx="0" />
<pr uId="214" fId="0" fbTx="9.000982176" />
<wpr uId="214" tId="1" fbRx="9.000986193" lbRx="0" />
<wpr uId="214" tId="2" fbRx="9.000986209" lbRx="0" />
<wpr uId="214" tId="3" fbRx="9.000986226" lbRx="0" />
<wpr uId="214" tId="4" fbRx="9.000986243" lbRx="0" />
<pr uId="215" fId="0" fbTx="9.001116176" />
<wpr uId="215" tId="1" fbRx="9.001120193" lbRx="0" />
<wpr uId="215" tId="2" fbRx="9.001120209" lbRx="0" />
<wpr uId="215" tId="3" fbRx="9.001120226" lbRx="0" />
<wpr uId="215" tId="4" fbRx="9.001120243" lbRx="0" />
<pr uId="216" fId="1" fbTx="9.001192193" />
<wpr uId="216" tId="0" fbRx="9.00119621" lbRx="0" />
<wpr uId="216" tId="2" fbRx="9.00119621" lbRx="0" />
<wpr uId="216" tId="3" fbRx="9.001196226" lbRx="0" />
<wpr uId="216" tId="4" fbRx="9.001196243" lbRx="0" />
<pr uId="217" fId="0" fbTx="9.00128121" />
<wpr uId="217" tId="1" fbRx="9.001285227" lbRx="0" />
<wpr uId="217" tId="2" fbRx="9.001285243" lbRx="0" />
<wpr uId="217" tId="3" fbRx="9.00128526" lbRx="0" />
<wpr uId="217" tId="4" fbRx="9.001285277" lbRx="0" />
<pr uId="218" fId="2" fbTx="9.001357243" />
<wpr uId="218" tId="1" fbRx="9.00136126" lbRx="0" />
<wpr uId="218" tId="3" fbRx="9.00136126" lbRx="0" />
<wpr uId="218" tId="0" fbRx="9.001361276" lbRx="0" />
<wpr uId="218" tId="4" fbRx="9.001361276" lbRx="0" />
<pr uId="219" fId="0" fbTx="9.001545276" />
<wpr uId="219" tId="1" fbRx="9.001549293" lbRx="0" />
<wpr uId="219" tId="2" fbRx="9.001549309" lbRx="0" />
<wpr uId="219" tId="3" fbRx="9.001549326" lbRx="0" />
<wpr uId="219" tId="4" fbRx="9.001549343" lbRx="0" />
<pr uId="220" fId="4" fbTx="9.001637343" />
<wpr uId="220" tId="3" fbRx="9.00164136" lbRx="0" />
<wpr uId="220" tId="2" fbRx="9.001641376" lbRx="0" />
<wpr uId="220" tId="1" fbRx="9.001641393" lbRx="0" />
<wpr uId="220" tId="0" fbRx="9.00164141" lbRx="0" />
<pr uId="221" fId="0" fbTx="9.00174441" />
<wpr uId="221" tId="1" fbRx="9.001748427" lbRx="0" />
<wpr uId="221" tId="2" fbRx="9.001748443" lbRx="0" />
<wpr uId="221" tId="3" fbRx="9.00174846" lbRx="0" />
<wpr uId="221" tId="4" fbRx="9.001748477" lbRx="0" />
<pr uId="222" fId="3" fbTx="9.00182046" />
<wpr uId="222" tId="2" fbRx="9.001824477" lbRx="0" />
<wpr uId="222" tId="4" fbRx="9.001824477" lbRx="0" />
<wpr uId="222" tId="1" fbRx="9.001824493" lbRx="0" />
<wpr uId="222" tId="0" fbRx="9.00182451" lbRx="0" />
<pr uId="223" fId="3" fbTx="10.00000046" />
<pr uId="224" fId="2" fbTx="10.00000048" />
<pr uId="225" fId="4" fbTx="10.00000048" />
<pr uId="226" fId="1" fbTx="10.00000049" />
<wpr uId="226" tId="0" fbRx="10.00000451" lbRx="0" />
<pr uId="227" fId="1" fbTx="10.00020249" />
<wpr uId="227" tId="0" fbRx="10.00020651" lbRx="0" />
<wpr uId="227" tId="2" fbRx="10.00020651" lbRx="0" />
<wpr uId="227" tId="3" fbRx="10.00020653" lbRx="0" />
<wpr uId="227" tId="4" fbRx="10.00020654" lbRx="0" />
<pr uId="228" fId="0" fbTx="10.00027851" />
<wpr uId="228" tId="1" fbRx="10.00028253" lbRx="0" />
<wpr uId="228" tId="2" fbRx="10.00028254" lbRx="0" />
<wpr uId="228" tId="3" fbRx="10.00028256" lbRx="0" />
<wpr uId="228" tId="4" fbRx="10.00028258" lbRx="0" />
<pr uId="229" fId="0" fbTx="10.00034951" />
<wpr uId="229" tId="1" fbRx="10.00035353" lbRx="0" />
<wpr uId="229" tId="2" fbRx="10.00035354" lbRx="0" />
<wpr uId="229" tId="3" fbRx="10.00035356" lbRx="0" />
<wpr uId="229" tId="4" fbRx="10.00035358" lbRx="0" />
<pr uId="230" fId="1" fbTx="10.00042553" />
<wpr uId="230" tId="0" fbRx="10.00042954" lbRx="0" />
<wpr uId="230" tId="2" fbRx="10.00042954" lbRx="0" />
<wpr uId="230" tId="3" fbRx="10.00042956" lbRx="0" />
<wpr uId="230" tId="4" fbRx="10.00042958" lbRx="0" />
<pr uId="231" fId="2" fbTx="10.00057554" />
<wpr uId="231" tId="1" fbRx="10.00057956" lbRx="0" />
<wpr uId="231" tId="3" fbRx="10.00057956" lbRx="0" />
<wpr uId="231" tId="0" fbRx="10.00057958" lbRx="0" />
<wpr uId="231" tId="4" fbRx="10.00057958" lbRx="0" />
<pr uId="232" fId="0" fbTx="10.00065158" />
<wpr uId="232" tId="1" fbRx="10.00065559" lbRx="0" />
<wpr uId="232" tId="2" fbRx="10.00065561" lbRx="0" />
<wpr uId="232" tId="3" fbRx="10.00065563" lbRx="0" />
<wpr uId="232" tId="4" fbRx="10.00065564" lbRx="0" />
<pr uId="233" fId="0" fbTx="10.00072258" />
<wpr uId="233" tId="1" fbRx="10.00072659" lbRx="0" />
<wpr uId="233" tId="2" fbRx="10.00072661" lbRx="0" />
<wpr uId="233" tId="3" fbRx="10.00072663" lbRx="0" />
<wpr uId="233" tId="4" fbRx="10.00072664" lbRx="0" />
<pr uId="234" fId="2" fbTx="10.00079861" />
<wpr uId="234" tId="1" fbRx="10.00080263" lbRx="0" />
<wpr uId="234" tId="3" fbRx="10.00080263" lbRx="0" />
<wpr uId="234" tId="0" fbRx="10.00080264" lbRx="0" />
<wpr uId="234" tId="4" fbRx="10.00080264" lbRx="0" />
<pr uId="235" fId="3" fbTx="10.00086963" />
<wpr uId="235" tId="2" fbRx="10.00087364" lbRx="0" />
<wpr uId="235" tId="4" fbRx="10.00087364" lbRx="0" />
<wpr uId="235" tId="1" fbRx="10.00087366" lbRx="0" />
<wpr uId="235" tId="0" fbRx="10.00087368" lbRx="0" />
<pr uId="236" fId="0" fbTx="10.00094568" />
<wpr uId="236" tId="1" fbRx="10.00094969" lbRx="0" />
<wpr uId="236" tId="2" fbRx="10.00094971" lbRx="0" />
<wpr uId="236" tId="3" fbRx="10.00094973" lbRx="0" />
<wpr uId="236" tId="4" fbRx="10.00094974" lbRx="0" />
<pr uId="237" fId="4" fbTx="10.00106174" />
<wpr uId="237" tId="3" fbRx="10.00106576" lbRx="0" />
<wpr uId="237" tId="2" fbRx="10.00106578" lbRx="0" />
<wpr uId="237" tId="1" fbRx="10.00106579" lbRx="0" />
<wpr uId="237" tId="0" fbRx="10.00106581" lbRx="0" />
<pr uId="238" fId="0" fbTx="10.00115381" />
<wpr uId="238" tId="1" fbRx="10.00115783" lbRx="0" />
<wpr uId="238" tId="2" fbRx="10.00115784" lbRx="0" />
<wpr uId="238" tId="3" fbRx="10.00115786" lbRx="0" />
<wpr uId="238" tId="4" fbRx="10.00115788" lbRx="0" />
<pr uId="239" fId="0" fbTx="10.00127881" />
<wpr uId="239" tId="1" fbRx="10.00128283" lbRx="0" />
<wpr uId="239" tId="2" fbRx="10.00128284" lbRx="0" />
<wpr uId="239" tId="3" fbRx="10.00128286" lbRx="0" />
<wpr uId="239" tId="4" fbRx="10.00128288" lbRx="0" />
<pr uId="240" fId="3" fbTx="10.00135486" />
<wpr uId="240" tId="2" fbRx="10.00135888" lbRx="0" />
<wpr uId="240" tId="4" fbRx="10.00135888" lbRx="0" />
<wpr uId="240" tId="1" fbRx="10.00135889" lbRx="0" />
<wpr uId="240" tId="0" fbRx="10.00135891" lbRx="0" />
<pr uId="241" fId="0" fbTx="10.00147091" />
<wpr uId="241" tId="1" fbRx="10.00147493" lbRx="0" />
<wpr uId="241" tId="2" fbRx="10.00147494" lbRx="0" />
<wpr uId="241" tId="3" fbRx="10.00147496" lbRx="0" />
<wpr uId="241" tId="4" fbRx="10.00147498" lbRx="0" />
<pr uId="242" fId="4" fbTx="10.00156298" />
<wpr uId="242" tId="3" fbRx="10.00156699" lbRx="0" />
<wpr uId="242" tId="2" fbRx="10.00156701" lbRx="0" />
<wpr uId="242" tId="1" fbRx="10.00156703" lbRx="0" />
<wpr uId="242" tId="0" fbRx="10.00156704" lbRx="0" />
<pr uId="243" fId="4" fbTx="11.00000398" />
<pr uId="244" fId="3" fbTx="11.00000399" />
<pr uId="245" fId="2" fbTx="11.00000401" />
<pr uId="246" fId="1" fbTx="11.00000403" />
<wpr uId="246" tId="0" fbRx="11.00000804" lbRx="0" />
<pr uId="247" fId="0" fbTx="11.00008004" />
<wpr uId="247" tId="1" fbRx="11.00008406" lbRx="0" />
<wpr uId="247" tId="2" fbRx="11.00008408" lbRx="0" />
<wpr uId="247" tId="3" fbRx="11.00008409" lbRx="0" />
<wpr uId="247" tId="4" fbRx="11.00008411" lbRx="0" />
<pr uId="248" fId="0" fbTx="11.00015104" />
<wpr uId="248" tId="1" fbRx="11.00015506" lbRx="0" />
<wpr uId="248" tId="2" fbRx="11.00015508" lbRx="0" />
<wpr uId="248" tId="3" fbRx="11.00015509" lbRx="0" />
<wpr uId="248" tId="4" fbRx="11.00015511" lbRx="0" />
<pr uId="249" fId="1" fbTx="11.00022706" />
<wpr uId="249" tId="0" fbRx="11.00023108" lbRx="0" />
<wpr uId="249" tId="2" fbRx="11.00023108" lbRx="0" />
<wpr uId="249" tId="3" fbRx="11.00023109" lbRx="0" />
<wpr uId="249" tId="4" fbRx="11.00023111" lbRx="0" />
<pr uId="250" fId="4" fbTx="11.00033411" />
<wpr uId="250" tId="3" fbRx="11.00033813" lbRx="0" />
<wpr uId="250" tId="2" fbRx="11.00033814" lbRx="0" />
<wpr uId="250" tId="1" fbRx="11.00033816" lbRx="0" />
<wpr uId="250" tId="0" fbRx="11.00033818" lbRx="0" />
<pr uId="251" fId="0" fbTx="11.00042618" />
<wpr uId="251" tId="1" fbRx="11.00043019" lbRx="0" />
<wpr uId="251" tId="2" fbRx="11.00043021" lbRx="0" />
<wpr uId="251" tId="3" fbRx="11.00043023" lbRx="0" />
<wpr uId="251" tId="4" fbRx="11.00043025" lbRx="0" />
<pr uId="252" fId="0" fbTx="11.00049718" />
<wpr uId="252" tId="1" fbRx="11.0005012" lbRx="0" />
<wpr uId="252" tId="2" fbRx="11.00050121" lbRx="0" />
<wpr uId="252" tId="3" fbRx="11.00050123" lbRx="0" />
<wpr uId="252" tId="4" fbRx="11.00050125" lbRx="0" />
<pr uId="253" fId="4" fbTx="11.00058925" />
<wpr uId="253" tId="3" fbRx="11.00059326" lbRx="0" />
<wpr uId="253" tId="2" fbRx="11.00059328" lbRx="0" />
<wpr uId="253" tId="1" fbRx="11.00059329" lbRx="0" />
<wpr uId="253" tId="0" fbRx="11.00059331" lbRx="0" />
<pr uId="254" fId="3" fbTx="11.00070526" />
<wpr uId="254" tId="2" fbRx="11.00070928" lbRx="0" />
<wpr uId="254" tId="4" fbRx="11.00070928" lbRx="0" />
<wpr uId="254" tId="1" fbRx="11.0007093" lbRx="0" />
<wpr uId="254" tId="0" fbRx="11.00070931" lbRx="0" />
<pr uId="255" fId="0" fbTx="11.00078131" />
<wpr uId="255" tId="1" fbRx="11.00078533" lbRx="0" />
<wpr uId="255" tId="2" fbRx="11.00078535" lbRx="0" />
<wpr uId="255" tId="3" fbRx="11.00078536" lbRx="0" />
<wpr uId="255" tId="4" fbRx="11.00078538" lbRx="0" />
<pr uId="256" fId="0" fbTx="11.00090631" />
<wpr uId="256" tId="1" fbRx="11.00091033" lbRx="0" />
<wpr uId="256" tId="2" fbRx="11.00091034" lbRx="0" />
<wpr uId="256" tId="3" fbRx="11.00091036" lbRx="0" />
<wpr uId="256" tId="4" fbRx="11.00091038" lbRx="0" />
<pr uId="257" fId="3" fbTx="11.00098236" />
<wpr uId="257" tId="2" fbRx="11.00098638" lbRx="0" />
<wpr uId="257" tId="4" fbRx="11.00098638" lbRx="0" />
<wpr uId="257" tId="1" fbRx="11.00098639" lbRx="0" />
<wpr uId="257" tId="0" fbRx="11.00098641" lbRx="0" />
<pr uId="258" fId="2" fbTx="11.00114338" />
<wpr uId="258" tId="1" fbRx="11.0011474" lbRx="0" />
<wpr uId="258" tId="3" fbRx="11.0011474" lbRx="0" />
<wpr uId="258" tId="0" fbRx="11.00114741" lbRx="0" />
<wpr uId="258" tId="4" fbRx="11.00114741" lbRx="0" />
<pr uId="259" fId="0" fbTx="11.00121941" />
<wpr uId="259" tId="1" fbRx="11.00122343" lbRx="0" />
<wpr uId="259" tId="2" fbRx="11.00122345" lbRx="0" />
<wpr uId="259" tId="3" fbRx="11.00122346" lbRx="0" />
<wpr uId="259" tId="4" fbRx="11.00122348" lbRx="0" />
<pr uId="260" fId="0" fbTx="11.00129041" />
<wpr uId="260" tId="1" fbRx="11.00129443" lbRx="0" />
<wpr uId="260" tId="2" fbRx="11.00129444" lbRx="0" />
<wpr uId="260" tId="3" fbRx="11.00129446" lbRx="0" />
<wpr uId="260" tId="4" fbRx="11.00129448" lbRx="0" />
<pr uId="261" fId="2" fbTx="11.00136645" />
<wpr uId="261" tId="1" fbRx="11.00137046" lbRx="0" />
<wpr uId="261" tId="3" fbRx="11.00137046" lbRx="0" />
<wpr uId="261" tId="0" fbRx="11.00137048" lbRx="0" />
<wpr uId="261" tId="4" fbRx="11.00137048" lbRx="0" />
</anim>
