<anim ver="netanim-3.109" filetype="animation" >
<node id="0" sysId="0" locX="0" locY="0" />
<node id="1" sysId="0" locX="5" locY="0" />
<nu p="c" t="0" id="0" r="255" g="0" b="0" />
<nu p="c" t="0" id="1" r="255" g="0" b="0" />
<nonp2plinkproperties id="0" ipAddress="10.1.1.1~00:00:00:00:00:01" channelType="ns3::YansWifiChannel" />
<nonp2plinkproperties id="0" ipAddress="127.0.0.1~00:00:00:00:00:00" channelType="Unknown channel" />
<nonp2plinkproperties id="1" ipAddress="10.1.1.2~00:00:00:00:00:02" channelType="ns3::YansWifiChannel" />
<nonp2plinkproperties id="1" ipAddress="127.0.0.1~00:00:00:00:00:00" channelType="Unknown channel" />
<ip n="0" >
<address >10.1.1.1</address>

<address >127.0.0.1</address>

</ip>
<ip n="0" >
<address >10.1.1.1</address>

<address >127.0.0.1</address>

</ip>
<ip n="1" >
<address >10.1.1.2</address>

<address >127.0.0.1</address>

</ip>
<ip n="1" >
<address >10.1.1.2</address>

<address >127.0.0.1</address>

</ip>
<ipv6 n="0" >
<address >::1</address>

</ipv6>
<ipv6 n="1" >
<address >::1</address>

</ipv6>
<nu p="s" t="0" id="0" w="1" h="1" />
<nu p="s" t="0" id="1" w="1" h="1" />
<ncs ncId="0" n="RemainingEnergy" t="DOUBLE" />
<pr uId="1" fId="1" fbTx="2.006008" />
<wpr uId="1" tId="0" fbRx="2.006012017" lbRx="0" />
<pr uId="2" fId="0" fbTx="2.006163017" />
<wpr uId="2" tId="1" fbRx="2.006167034" lbRx="0" />
<pr uId="3" fId="1" fbTx="2.006255034" />
<wpr uId="3" tId="0" fbRx="2.006259051" lbRx="0" />
<pr uId="4" fId="1" fbTx="2.006405034" />
<wpr uId="4" tId="0" fbRx="2.006409051" lbRx="0" />
<pr uId="5" fId="0" fbTx="2.006497051" />
<wpr uId="5" tId="1" fbRx="2.006501068" lbRx="0" />
<pr uId="6" fId="0" fbTx="2.006584051" />
<wpr uId="6" tId="1" fbRx="2.006588068" lbRx="0" />
<pr uId="7" fId="1" fbTx="2.006660068" />
<wpr uId="7" tId="0" fbRx="2.006664085" lbRx="0" />
<pr uId="8" fId="1" fbTx="2.006767068" />
<wpr uId="8" tId="0" fbRx="2.006771085" lbRx="0" />
<pr uId="9" fId="0" fbTx="2.006859085" />
<wpr uId="9" tId="1" fbRx="2.006863102" lbRx="0" />
<pr uId="10" fId="0" fbTx="2.006946085" />
<wpr uId="10" tId="1" fbRx="2.006950102" lbRx="0" />
<pr uId="11" fId="1" fbTx="2.007038102" />
<wpr uId="11" tId="0" fbRx="2.007042119" lbRx="0" />
<pr uId="12" fId="1" fbTx="2.007152102" />
<wpr uId="12" tId="0" fbRx="2.007156119" lbRx="0" />
<pr uId="13" fId="0" fbTx="2.007228119" />
<wpr uId="13" tId="1" fbRx="2.007232136" lbRx="0" />
<pr uId="14" fId="0" fbTx="2.007299119" />
<wpr uId="14" tId="1" fbRx="2.007303136" lbRx="0" />
<pr uId="15" fId="1" fbTx="2.007490136" />
<wpr uId="15" tId="0" fbRx="2.007494153" lbRx="0" />
<pr uId="16" fId="0" fbTx="2.007566153" />
<wpr uId="16" tId="1" fbRx="2.00757017" lbRx="0" />
<pr uId="17" fId="0" fbTx="2.007709153" />
<wpr uId="17" tId="1" fbRx="2.00771317" lbRx="0" />
<pr uId="18" fId="1" fbTx="2.00778517" />
<wpr uId="18" tId="0" fbRx="2.007789187" lbRx="0" />
<pr uId="19" fId="1" fbTx="3.00000717" />
<wpr uId="19" tId="0" fbRx="3.000011187" lbRx="0" />
<pr uId="20" fId="0" fbTx="3.000083187" />
<wpr uId="20" tId="1" fbRx="3.000087204" lbRx="0" />
<pr uId="21" fId="0" fbTx="3.000154187" />
<wpr uId="21" tId="1" fbRx="3.000158204" lbRx="0" />
<pr uId="22" fId="1" fbTx="3.000230204" />
<wpr uId="22" tId="0" fbRx="3.000234221" lbRx="0" />
<pr uId="23" fId="1" fbTx="4.000003204" />
<wpr uId="23" tId="0" fbRx="4.000007221" lbRx="0" />
<pr uId="24" fId="0" fbTx="4.000079221" />
<wpr uId="24" tId="1" fbRx="4.000083238" lbRx="0" />
<pr uId="25" fId="0" fbTx="4.000150221" />
<wpr uId="25" tId="1" fbRx="4.000154238" lbRx="0" />
<pr uId="26" fId="1" fbTx="4.000226238" />
<wpr uId="26" tId="0" fbRx="4.000230255" lbRx="0" />
<pr uId="27" fId="1" fbTx="5.000008238" />
<wpr uId="27" tId="0" fbRx="5.000012255" lbRx="0" />
<pr uId="28" fId="0" fbTx="5.000084255" />
<wpr uId="28" tId="1" fbRx="5.000088272" lbRx="0" />
<pr uId="29" fId="0" fbTx="5.000155255" />
<wpr uId="29" tId="1" fbRx="5.000159272" lbRx="0" />
<pr uId="30" fId="1" fbTx="5.000231272" />
<wpr uId="30" tId="0" fbRx="5.000235289" lbRx="0" />
<pr uId="31" fId="1" fbTx="6.000004272" />
<wpr uId="31" tId="0" fbRx="6.000008289" lbRx="0" />
<pr uId="32" fId="0" fbTx="6.000080289" />
<wpr uId="32" tId="1" fbRx="6.000084306" lbRx="0" />
<pr uId="33" fId="0" fbTx="6.000151289" />
<wpr uId="33" tId="1" fbRx="6.000155306" lbRx="0" />
<pr uId="34" fId="1" fbTx="6.000227306" />
<wpr uId="34" tId="0" fbRx="6.000231323" lbRx="0" />
<pr uId="35" fId="1" fbTx="7.000000306" />
<wpr uId="35" tId="0" fbRx="7.000004323" lbRx="0" />
<pr uId="36" fId="0" fbTx="7.000076323" />
<wpr uId="36" tId="1" fbRx="7.00008034" lbRx="0" />
<pr uId="37" fId="0" fbTx="7.000147323" />
<wpr uId="37" tId="1" fbRx="7.00015134" lbRx="0" />
<pr uId="38" fId="1" fbTx="7.00022334" />
<wpr uId="38" tId="0" fbRx="7.000227357" lbRx="0" />
<pr uId="39" fId="1" fbTx="8.00000534" />
<wpr uId="39" tId="0" fbRx="8.000009357" lbRx="0" />
<pr uId="40" fId="0" fbTx="8.000081357" />
<wpr uId="40" tId="1" fbRx="8.000085374" lbRx="0" />
<pr uId="41" fId="0" fbTx="8.000152357" />
<wpr uId="41" tId="1" fbRx="8.000156374" lbRx="0" />
<pr uId="42" fId="1" fbTx="8.000228374" />
<wpr uId="42" tId="0" fbRx="8.000232391" lbRx="0" />
<pr uId="43" fId="1" fbTx="9.000001374" />
<wpr uId="43" tId="0" fbRx="9.000005391" lbRx="0" />
<pr uId="44" fId="0" fbTx="9.000077391" />
<wpr uId="44" tId="1" fbRx="9.000081408" lbRx="0" />
<pr uId="45" fId="0" fbTx="9.000148391" />
<wpr uId="45" tId="1" fbRx="9.000152408" lbRx="0" />
<pr uId="46" fId="1" fbTx="9.000224408" />
<wpr uId="46" tId="0" fbRx="9.000228425" lbRx="0" />
<pr uId="47" fId="1" fbTx="10.00000641" />
<wpr uId="47" tId="0" fbRx="10.00001042" lbRx="0" />
<pr uId="48" fId="0" fbTx="10.00008243" />
<wpr uId="48" tId="1" fbRx="10.00008644" lbRx="0" />
<pr uId="49" fId="0" fbTx="10.00015343" />
<wpr uId="49" tId="1" fbRx="10.00015744" lbRx="0" />
<pr uId="50" fId="1" fbTx="10.00022944" />
<wpr uId="50" tId="0" fbRx="10.00023346" lbRx="0" />
<pr uId="51" fId="1" fbTx="11.00000244" />
<wpr uId="51" tId="0" fbRx="11.00000646" lbRx="0" />
<pr uId="52" fId="0" fbTx="11.00007846" />
<wpr uId="52" tId="1" fbRx="11.00008248" lbRx="0" />
<pr uId="53" fId="0" fbTx="11.00014946" />
<wpr uId="53" tId="1" fbRx="11.00015348" lbRx="0" />
<pr uId="54" fId="1" fbTx="11.00022548" />
<wpr uId="54" tId="0" fbRx="11.00022949" lbRx="0" />
</anim>
