<anim ver="netanim-3.109" filetype="animation" >
<node id="0" sysId="0" locX="0" locY="0" />
<node id="1" sysId="0" locX="5" locY="0" />
<node id="2" sysId="0" locX="10" locY="0" />
<nu p="c" t="0" id="0" r="255" g="0" b="0" />
<nu p="c" t="0" id="1" r="255" g="0" b="0" />
<nu p="c" t="0" id="2" r="255" g="0" b="0" />
<nonp2plinkproperties id="0" ipAddress="10.1.1.1~00:00:00:00:00:01" channelType="ns3::YansWifiChannel" />
<nonp2plinkproperties id="0" ipAddress="127.0.0.1~00:00:00:00:00:00" channelType="Unknown channel" />
<nonp2plinkproperties id="1" ipAddress="10.1.1.2~00:00:00:00:00:02" channelType="ns3::YansWifiChannel" />
<nonp2plinkproperties id="1" ipAddress="127.0.0.1~00:00:00:00:00:00" channelType="Unknown channel" />
<nonp2plinkproperties id="2" ipAddress="10.1.1.3~00:00:00:00:00:03" channelType="ns3::YansWifiChannel" />
<nonp2plinkproperties id="2" ipAddress="127.0.0.1~00:00:00:00:00:00" channelType="Unknown channel" />
<ip n="0" >
<address >10.1.1.1</address>

<address >127.0.0.1</address>

</ip>
<ip n="0" >
<address >10.1.1.1</address>

<address >127.0.0.1</address>

</ip>
<ip n="1" >
<address >10.1.1.2</address>

<address >127.0.0.1</address>

</ip>
<ip n="1" >
<address >10.1.1.2</address>

<address >127.0.0.1</address>

</ip>
<ip n="2" >
<address >10.1.1.3</address>

<address >127.0.0.1</address>

</ip>
<ip n="2" >
<address >10.1.1.3</address>

<address >127.0.0.1</address>

</ip>
<ipv6 n="0" >
<address >::1</address>

</ipv6>
<ipv6 n="1" >
<address >::1</address>

</ipv6>
<ipv6 n="2" >
<address >::1</address>

</ipv6>
<nu p="s" t="0" id="0" w="1" h="1" />
<nu p="s" t="0" id="1" w="1" h="1" />
<nu p="s" t="0" id="2" w="1" h="1" />
<ncs ncId="0" n="RemainingEnergy" t="DOUBLE" />
<pr uId="1" fId="2" fbTx="2.002003" />
<wpr uId="1" tId="1" fbRx="2.002007017" lbRx="0" />
<wpr uId="1" tId="0" fbRx="2.002007033" lbRx="0" />
<pr uId="2" fId="0" fbTx="2.002158033" />
<wpr uId="2" tId="1" fbRx="2.00216205" lbRx="0" />
<wpr uId="2" tId="2" fbRx="2.002162066" lbRx="0" />
<pr uId="3" fId="2" fbTx="2.002250066" />
<wpr uId="3" tId="1" fbRx="2.002254083" lbRx="0" />
<wpr uId="3" tId="0" fbRx="2.002254099" lbRx="0" />
<pr uId="4" fId="2" fbTx="2.002454066" />
<wpr uId="4" tId="1" fbRx="2.002458083" lbRx="0" />
<wpr uId="4" tId="0" fbRx="2.002458099" lbRx="0" />
<pr uId="5" fId="0" fbTx="2.002546099" />
<wpr uId="5" tId="1" fbRx="2.002550116" lbRx="0" />
<wpr uId="5" tId="2" fbRx="2.002550132" lbRx="0" />
<pr uId="6" fId="0" fbTx="2.002633099" />
<wpr uId="6" tId="1" fbRx="2.002637116" lbRx="0" />
<wpr uId="6" tId="2" fbRx="2.002637132" lbRx="0" />
<pr uId="7" fId="2" fbTx="2.002709132" />
<wpr uId="7" tId="1" fbRx="2.002713149" lbRx="0" />
<wpr uId="7" tId="0" fbRx="2.002713165" lbRx="0" />
<pr uId="8" fId="2" fbTx="2.002816132" />
<wpr uId="8" tId="1" fbRx="2.002820149" lbRx="0" />
<wpr uId="8" tId="0" fbRx="2.002820165" lbRx="0" />
<pr uId="9" fId="0" fbTx="2.002908165" />
<wpr uId="9" tId="1" fbRx="2.002912182" lbRx="0" />
<wpr uId="9" tId="2" fbRx="2.002912198" lbRx="0" />
<pr uId="10" fId="0" fbTx="2.003049165" />
<wpr uId="10" tId="1" fbRx="2.003053182" lbRx="0" />
<wpr uId="10" tId="2" fbRx="2.003053198" lbRx="0" />
<pr uId="11" fId="2" fbTx="2.003141198" />
<wpr uId="11" tId="1" fbRx="2.003145215" lbRx="0" />
<wpr uId="11" tId="0" fbRx="2.003145231" lbRx="0" />
<pr uId="12" fId="2" fbTx="2.003228198" />
<wpr uId="12" tId="1" fbRx="2.003232215" lbRx="0" />
<wpr uId="12" tId="0" fbRx="2.003232231" lbRx="0" />
<pr uId="13" fId="0" fbTx="2.003304231" />
<wpr uId="13" tId="1" fbRx="2.003308248" lbRx="0" />
<wpr uId="13" tId="2" fbRx="2.003308264" lbRx="0" />
<pr uId="14" fId="1" fbTx="2.005004248" />
<wpr uId="14" tId="0" fbRx="2.005008265" lbRx="0" />
<wpr uId="14" tId="2" fbRx="2.005008265" lbRx="0" />
<pr uId="15" fId="0" fbTx="2.005159265" />
<wpr uId="15" tId="1" fbRx="2.005163282" lbRx="0" />
<wpr uId="15" tId="2" fbRx="2.005163298" lbRx="0" />
<pr uId="16" fId="1" fbTx="2.005251282" />
<wpr uId="16" tId="0" fbRx="2.005255299" lbRx="0" />
<wpr uId="16" tId="2" fbRx="2.005255299" lbRx="0" />
<pr uId="17" fId="1" fbTx="2.005437282" />
<wpr uId="17" tId="0" fbRx="2.005441299" lbRx="0" />
<wpr uId="17" tId="2" fbRx="2.005441299" lbRx="0" />
<pr uId="18" fId="0" fbTx="2.005529299" />
<wpr uId="18" tId="1" fbRx="2.005533316" lbRx="0" />
<wpr uId="18" tId="2" fbRx="2.005533332" lbRx="0" />
<pr uId="19" fId="0" fbTx="2.005616299" />
<wpr uId="19" tId="1" fbRx="2.005620316" lbRx="0" />
<wpr uId="19" tId="2" fbRx="2.005620332" lbRx="0" />
<pr uId="20" fId="1" fbTx="2.005692316" />
<wpr uId="20" tId="0" fbRx="2.005696333" lbRx="0" />
<wpr uId="20" tId="2" fbRx="2.005696333" lbRx="0" />
<pr uId="21" fId="1" fbTx="2.005853316" />
<wpr uId="21" tId="0" fbRx="2.005857333" lbRx="0" />
<wpr uId="21" tId="2" fbRx="2.005857333" lbRx="0" />
<pr uId="22" fId="0" fbTx="2.005945333" />
<wpr uId="22" tId="1" fbRx="2.00594935" lbRx="0" />
<wpr uId="22" tId="2" fbRx="2.005949366" lbRx="0" />
<pr uId="23" fId="0" fbTx="2.006032333" />
<wpr uId="23" tId="1" fbRx="2.00603635" lbRx="0" />
<wpr uId="23" tId="2" fbRx="2.006036366" lbRx="0" />
<pr uId="24" fId="1" fbTx="2.00612435" />
<wpr uId="24" tId="0" fbRx="2.006128367" lbRx="0" />
<wpr uId="24" tId="2" fbRx="2.006128367" lbRx="0" />
<pr uId="25" fId="1" fbTx="2.00627435" />
<wpr uId="25" tId="0" fbRx="2.006278367" lbRx="0" />
<wpr uId="25" tId="2" fbRx="2.006278367" lbRx="0" />
<pr uId="26" fId="0" fbTx="2.006350367" />
<wpr uId="26" tId="1" fbRx="2.006354384" lbRx="0" />
<wpr uId="26" tId="2" fbRx="2.0063544" lbRx="0" />
<pr uId="27" fId="0" fbTx="2.010291367" />
<wpr uId="27" tId="1" fbRx="2.010295384" lbRx="0" />
<wpr uId="27" tId="2" fbRx="2.0102954" lbRx="0" />
<pr uId="28" fId="2" fbTx="2.0104464" />
<wpr uId="28" tId="1" fbRx="2.010450417" lbRx="0" />
<wpr uId="28" tId="0" fbRx="2.010450433" lbRx="0" />
<pr uId="29" fId="0" fbTx="2.010522433" />
<wpr uId="29" tId="1" fbRx="2.01052645" lbRx="0" />
<wpr uId="29" tId="2" fbRx="2.010526466" lbRx="0" />
<pr uId="30" fId="0" fbTx="2.010593433" />
<wpr uId="30" tId="1" fbRx="2.01059745" lbRx="0" />
<wpr uId="30" tId="2" fbRx="2.010597466" lbRx="0" />
<pr uId="31" fId="2" fbTx="2.010669466" />
<wpr uId="31" tId="1" fbRx="2.010673483" lbRx="0" />
<wpr uId="31" tId="0" fbRx="2.010673499" lbRx="0" />
<pr uId="32" fId="0" fbTx="2.011334499" />
<wpr uId="32" tId="1" fbRx="2.011338516" lbRx="0" />
<wpr uId="32" tId="2" fbRx="2.011338532" lbRx="0" />
<pr uId="33" fId="1" fbTx="2.011489516" />
<wpr uId="33" tId="0" fbRx="2.011493533" lbRx="0" />
<wpr uId="33" tId="2" fbRx="2.011493533" lbRx="0" />
<pr uId="34" fId="0" fbTx="2.011565533" />
<wpr uId="34" tId="1" fbRx="2.01156955" lbRx="0" />
<wpr uId="34" tId="2" fbRx="2.011569566" lbRx="0" />
<pr uId="35" fId="0" fbTx="2.011744533" />
<wpr uId="35" tId="1" fbRx="2.01174855" lbRx="0" />
<wpr uId="35" tId="2" fbRx="2.011748566" lbRx="0" />
<pr uId="36" fId="1" fbTx="2.01182055" />
<wpr uId="36" tId="0" fbRx="2.011824567" lbRx="0" />
<wpr uId="36" tId="2" fbRx="2.011824567" lbRx="0" />
<pr uId="37" fId="1" fbTx="3.00000155" />
<pr uId="38" fId="2" fbTx="3.000001567" />
<wpr uId="37" tId="0" fbRx="3.000005567" lbRx="0" />
<pr uId="39" fId="2" fbTx="3.000275567" />
<wpr uId="39" tId="1" fbRx="3.000279584" lbRx="0" />
<wpr uId="39" tId="0" fbRx="3.0002796" lbRx="0" />
<pr uId="40" fId="0" fbTx="3.0003516" />
<wpr uId="40" tId="1" fbRx="3.000355617" lbRx="0" />
<wpr uId="40" tId="2" fbRx="3.000355633" lbRx="0" />
<pr uId="41" fId="0" fbTx="3.0004226" />
<wpr uId="41" tId="1" fbRx="3.000426617" lbRx="0" />
<wpr uId="41" tId="2" fbRx="3.000426633" lbRx="0" />
<pr uId="42" fId="2" fbTx="3.000498633" />
<wpr uId="42" tId="1" fbRx="3.00050265" lbRx="0" />
<wpr uId="42" tId="0" fbRx="3.000502666" lbRx="0" />
<pr uId="43" fId="1" fbTx="3.00065065" />
<wpr uId="43" tId="0" fbRx="3.000654667" lbRx="0" />
<wpr uId="43" tId="2" fbRx="3.000654667" lbRx="0" />
<pr uId="44" fId="0" fbTx="3.000726667" />
<wpr uId="44" tId="1" fbRx="3.000730684" lbRx="0" />
<wpr uId="44" tId="2" fbRx="3.0007307" lbRx="0" />
<pr uId="45" fId="0" fbTx="3.000842667" />
<wpr uId="45" tId="1" fbRx="3.000846684" lbRx="0" />
<wpr uId="45" tId="2" fbRx="3.0008467" lbRx="0" />
<pr uId="46" fId="1" fbTx="3.000918684" />
<wpr uId="46" tId="0" fbRx="3.000922701" lbRx="0" />
<wpr uId="46" tId="2" fbRx="3.000922701" lbRx="0" />
<pr uId="47" fId="1" fbTx="4.000007684" />
<pr uId="48" fId="2" fbTx="4.000007701" />
<wpr uId="47" tId="0" fbRx="4.000011701" lbRx="0" />
<pr uId="49" fId="1" fbTx="4.000155684" />
<wpr uId="49" tId="0" fbRx="4.000159701" lbRx="0" />
<wpr uId="49" tId="2" fbRx="4.000159701" lbRx="0" />
<pr uId="50" fId="0" fbTx="4.000231701" />
<wpr uId="50" tId="1" fbRx="4.000235718" lbRx="0" />
<wpr uId="50" tId="2" fbRx="4.000235734" lbRx="0" />
<pr uId="51" fId="0" fbTx="4.000302701" />
<wpr uId="51" tId="1" fbRx="4.000306718" lbRx="0" />
<wpr uId="51" tId="2" fbRx="4.000306734" lbRx="0" />
<pr uId="52" fId="1" fbTx="4.000378718" />
<wpr uId="52" tId="0" fbRx="4.000382735" lbRx="0" />
<wpr uId="52" tId="2" fbRx="4.000382735" lbRx="0" />
<pr uId="53" fId="2" fbTx="4.000476735" />
<wpr uId="53" tId="1" fbRx="4.000480752" lbRx="0" />
<wpr uId="53" tId="0" fbRx="4.000480768" lbRx="0" />
<pr uId="54" fId="0" fbTx="4.000552768" />
<wpr uId="54" tId="1" fbRx="4.000556785" lbRx="0" />
<wpr uId="54" tId="2" fbRx="4.000556801" lbRx="0" />
<pr uId="55" fId="0" fbTx="4.000623768" />
<wpr uId="55" tId="1" fbRx="4.000627785" lbRx="0" />
<wpr uId="55" tId="2" fbRx="4.000627801" lbRx="0" />
<pr uId="56" fId="2" fbTx="4.000699801" />
<wpr uId="56" tId="1" fbRx="4.000703818" lbRx="0" />
<wpr uId="56" tId="0" fbRx="4.000703834" lbRx="0" />
<pr uId="57" fId="2" fbTx="5.000004801" />
<pr uId="58" fId="1" fbTx="5.000004818" />
<wpr uId="58" tId="0" fbRx="5.000008835" lbRx="0" />
<pr uId="59" fId="0" fbTx="5.000080835" />
<wpr uId="59" tId="1" fbRx="5.000084852" lbRx="0" />
<wpr uId="59" tId="2" fbRx="5.000084868" lbRx="0" />
<pr uId="60" fId="0" fbTx="5.000151835" />
<wpr uId="60" tId="1" fbRx="5.000155852" lbRx="0" />
<wpr uId="60" tId="2" fbRx="5.000155868" lbRx="0" />
<pr uId="61" fId="1" fbTx="5.000227852" />
<wpr uId="61" tId="0" fbRx="5.000231869" lbRx="0" />
<wpr uId="61" tId="2" fbRx="5.000231869" lbRx="0" />
<pr uId="62" fId="2" fbTx="5.000442869" />
<wpr uId="62" tId="1" fbRx="5.000446886" lbRx="0" />
<wpr uId="62" tId="0" fbRx="5.000446902" lbRx="0" />
<pr uId="63" fId="0" fbTx="5.000518902" />
<wpr uId="63" tId="1" fbRx="5.000522919" lbRx="0" />
<wpr uId="63" tId="2" fbRx="5.000522935" lbRx="0" />
<pr uId="64" fId="0" fbTx="5.000589902" />
<wpr uId="64" tId="1" fbRx="5.000593919" lbRx="0" />
<wpr uId="64" tId="2" fbRx="5.000593935" lbRx="0" />
<pr uId="65" fId="2" fbTx="5.000665935" />
<wpr uId="65" tId="1" fbRx="5.000669952" lbRx="0" />
<wpr uId="65" tId="0" fbRx="5.000669968" lbRx="0" />
<pr uId="66" fId="2" fbTx="6.000006935" />
<pr uId="67" fId="1" fbTx="6.000006952" />
<wpr uId="67" tId="0" fbRx="6.000010969" lbRx="0" />
<pr uId="68" fId="0" fbTx="6.000082969" />
<wpr uId="68" tId="1" fbRx="6.000086986" lbRx="0" />
<wpr uId="68" tId="2" fbRx="6.000087002" lbRx="0" />
<pr uId="69" fId="0" fbTx="6.000153969" />
<wpr uId="69" tId="1" fbRx="6.000157986" lbRx="0" />
<wpr uId="69" tId="2" fbRx="6.000158002" lbRx="0" />
<pr uId="70" fId="1" fbTx="6.000229986" />
<wpr uId="70" tId="0" fbRx="6.000234003" lbRx="0" />
<wpr uId="70" tId="2" fbRx="6.000234003" lbRx="0" />
<pr uId="71" fId="2" fbTx="6.000445003" />
<wpr uId="71" tId="1" fbRx="6.00044902" lbRx="0" />
<wpr uId="71" tId="0" fbRx="6.000449036" lbRx="0" />
<pr uId="72" fId="0" fbTx="6.000521036" />
<wpr uId="72" tId="1" fbRx="6.000525053" lbRx="0" />
<wpr uId="72" tId="2" fbRx="6.000525069" lbRx="0" />
<pr uId="73" fId="0" fbTx="6.000592036" />
<wpr uId="73" tId="1" fbRx="6.000596053" lbRx="0" />
<wpr uId="73" tId="2" fbRx="6.000596069" lbRx="0" />
<pr uId="74" fId="2" fbTx="6.000668069" />
<wpr uId="74" tId="1" fbRx="6.000672086" lbRx="0" />
<wpr uId="74" tId="0" fbRx="6.000672102" lbRx="0" />
<pr uId="75" fId="2" fbTx="7.000000069" />
<pr uId="76" fId="1" fbTx="7.000000086" />
<wpr uId="76" tId="0" fbRx="7.000004103" lbRx="0" />
<pr uId="77" fId="0" fbTx="7.000076103" />
<wpr uId="77" tId="1" fbRx="7.00008012" lbRx="0" />
<wpr uId="77" tId="2" fbRx="7.000080136" lbRx="0" />
<pr uId="78" fId="0" fbTx="7.000147103" />
<wpr uId="78" tId="1" fbRx="7.00015112" lbRx="0" />
<wpr uId="78" tId="2" fbRx="7.000151136" lbRx="0" />
<pr uId="79" fId="1" fbTx="7.00022312" />
<wpr uId="79" tId="0" fbRx="7.000227137" lbRx="0" />
<wpr uId="79" tId="2" fbRx="7.000227137" lbRx="0" />
<pr uId="80" fId="2" fbTx="7.000501137" />
<wpr uId="80" tId="1" fbRx="7.000505154" lbRx="0" />
<wpr uId="80" tId="0" fbRx="7.00050517" lbRx="0" />
<pr uId="81" fId="0" fbTx="7.00057717" />
<wpr uId="81" tId="1" fbRx="7.000581187" lbRx="0" />
<wpr uId="81" tId="2" fbRx="7.000581203" lbRx="0" />
<pr uId="82" fId="0" fbTx="7.00064817" />
<wpr uId="82" tId="1" fbRx="7.000652187" lbRx="0" />
<wpr uId="82" tId="2" fbRx="7.000652203" lbRx="0" />
<pr uId="83" fId="2" fbTx="7.000724203" />
<wpr uId="83" tId="1" fbRx="7.00072822" lbRx="0" />
<wpr uId="83" tId="0" fbRx="7.000728236" lbRx="0" />
<pr uId="84" fId="2" fbTx="8.000002203" />
<pr uId="85" fId="1" fbTx="8.00000222" />
<wpr uId="85" tId="0" fbRx="8.000006237" lbRx="0" />
<pr uId="86" fId="0" fbTx="8.000078237" />
<wpr uId="86" tId="1" fbRx="8.000082254" lbRx="0" />
<wpr uId="86" tId="2" fbRx="8.00008227" lbRx="0" />
<pr uId="87" fId="0" fbTx="8.000149237" />
<wpr uId="87" tId="1" fbRx="8.000153254" lbRx="0" />
<wpr uId="87" tId="2" fbRx="8.00015327" lbRx="0" />
<pr uId="88" fId="1" fbTx="8.000225254" />
<wpr uId="88" tId="0" fbRx="8.000229271" lbRx="0" />
<wpr uId="88" tId="2" fbRx="8.000229271" lbRx="0" />
<pr uId="89" fId="2" fbTx="8.000449271" />
<wpr uId="89" tId="1" fbRx="8.000453288" lbRx="0" />
<wpr uId="89" tId="0" fbRx="8.000453304" lbRx="0" />
<pr uId="90" fId="0" fbTx="8.000525304" />
<wpr uId="90" tId="1" fbRx="8.000529321" lbRx="0" />
<wpr uId="90" tId="2" fbRx="8.000529337" lbRx="0" />
<pr uId="91" fId="0" fbTx="8.000596304" />
<wpr uId="91" tId="1" fbRx="8.000600321" lbRx="0" />
<wpr uId="91" tId="2" fbRx="8.000600337" lbRx="0" />
<pr uId="92" fId="2" fbTx="8.000672337" />
<wpr uId="92" tId="1" fbRx="8.000676354" lbRx="0" />
<wpr uId="92" tId="0" fbRx="8.00067637" lbRx="0" />
<pr uId="93" fId="2" fbTx="9.000004337" />
<pr uId="94" fId="1" fbTx="9.000004354" />
<wpr uId="94" tId="0" fbRx="9.000008371" lbRx="0" />
<pr uId="95" fId="0" fbTx="9.000080371" />
<wpr uId="95" tId="1" fbRx="9.000084388" lbRx="0" />
<wpr uId="95" tId="2" fbRx="9.000084404" lbRx="0" />
<pr uId="96" fId="0" fbTx="9.000151371" />
<wpr uId="96" tId="1" fbRx="9.000155388" lbRx="0" />
<wpr uId="96" tId="2" fbRx="9.000155404" lbRx="0" />
<pr uId="97" fId="1" fbTx="9.000227388" />
<wpr uId="97" tId="0" fbRx="9.000231405" lbRx="0" />
<wpr uId="97" tId="2" fbRx="9.000231405" lbRx="0" />
<pr uId="98" fId="2" fbTx="9.000397405" />
<wpr uId="98" tId="1" fbRx="9.000401422" lbRx="0" />
<wpr uId="98" tId="0" fbRx="9.000401438" lbRx="0" />
<pr uId="99" fId="0" fbTx="9.000473438" />
<wpr uId="99" tId="1" fbRx="9.000477455" lbRx="0" />
<wpr uId="99" tId="2" fbRx="9.000477471" lbRx="0" />
<pr uId="100" fId="0" fbTx="9.000544438" />
<wpr uId="100" tId="1" fbRx="9.000548455" lbRx="0" />
<wpr uId="100" tId="2" fbRx="9.000548471" lbRx="0" />
<pr uId="101" fId="2" fbTx="9.000620471" />
<wpr uId="101" tId="1" fbRx="9.000624488" lbRx="0" />
<wpr uId="101" tId="0" fbRx="9.000624504" lbRx="0" />
<pr uId="102" fId="2" fbTx="10.00000647" />
<pr uId="103" fId="1" fbTx="10.00000649" />
<wpr uId="103" tId="0" fbRx="10.00001051" lbRx="0" />
<pr uId="104" fId="0" fbTx="10.0000825" />
<wpr uId="104" tId="1" fbRx="10.00008652" lbRx="0" />
<wpr uId="104" tId="2" fbRx="10.00008654" lbRx="0" />
<pr uId="105" fId="0" fbTx="10.00015351" />
<wpr uId="105" tId="1" fbRx="10.00015752" lbRx="0" />
<wpr uId="105" tId="2" fbRx="10.00015754" lbRx="0" />
<pr uId="106" fId="1" fbTx="10.00022952" />
<wpr uId="106" tId="0" fbRx="10.00023354" lbRx="0" />
<wpr uId="106" tId="2" fbRx="10.00023354" lbRx="0" />
<pr uId="107" fId="2" fbTx="10.00034554" />
<wpr uId="107" tId="1" fbRx="10.00034956" lbRx="0" />
<wpr uId="107" tId="0" fbRx="10.00034957" lbRx="0" />
<pr uId="108" fId="0" fbTx="10.00042157" />
<wpr uId="108" tId="1" fbRx="10.00042559" lbRx="0" />
<wpr uId="108" tId="2" fbRx="10.00042561" lbRx="0" />
<pr uId="109" fId="0" fbTx="10.00050157" />
<wpr uId="109" tId="1" fbRx="10.00050559" lbRx="0" />
<wpr uId="109" tId="2" fbRx="10.00050561" lbRx="0" />
<pr uId="110" fId="2" fbTx="10.00057761" />
<wpr uId="110" tId="1" fbRx="10.00058162" lbRx="0" />
<wpr uId="110" tId="0" fbRx="10.00058164" lbRx="0" />
<pr uId="111" fId="2" fbTx="11.0000086" />
<pr uId="112" fId="1" fbTx="11.00000862" />
<wpr uId="112" tId="0" fbRx="11.00001264" lbRx="0" />
<pr uId="113" fId="0" fbTx="11.00008464" />
<wpr uId="113" tId="1" fbRx="11.00008866" lbRx="0" />
<wpr uId="113" tId="2" fbRx="11.00008867" lbRx="0" />
<pr uId="114" fId="0" fbTx="11.00015564" />
<wpr uId="114" tId="1" fbRx="11.00015966" lbRx="0" />
<wpr uId="114" tId="2" fbRx="11.00015967" lbRx="0" />
<pr uId="115" fId="1" fbTx="11.00023166" />
<wpr uId="115" tId="0" fbRx="11.00023567" lbRx="0" />
<wpr uId="115" tId="2" fbRx="11.00023567" lbRx="0" />
<pr uId="116" fId="2" fbTx="11.00045567" />
<wpr uId="116" tId="1" fbRx="11.00045969" lbRx="0" />
<wpr uId="116" tId="0" fbRx="11.00045971" lbRx="0" />
<pr uId="117" fId="0" fbTx="11.00053171" />
<wpr uId="117" tId="1" fbRx="11.00053572" lbRx="0" />
<wpr uId="117" tId="2" fbRx="11.00053574" lbRx="0" />
<pr uId="118" fId="0" fbTx="11.00060271" />
<wpr uId="118" tId="1" fbRx="11.00060672" lbRx="0" />
<wpr uId="118" tId="2" fbRx="11.00060674" lbRx="0" />
<pr uId="119" fId="2" fbTx="11.00067874" />
<wpr uId="119" tId="1" fbRx="11.00068276" lbRx="0" />
<wpr uId="119" tId="0" fbRx="11.00068277" lbRx="0" />
</anim>
